Match_Id,Batsman,Team,Runs,Balls_Faced
1,BB McCullum,Kolkata Knight Riders,158,73
1,RT Ponting,Kolkata Knight Riders,20,20
1,P Kumar,Royal Challengers Bangalore,18,15
1,DJ Hussey,Kolkata Knight Riders,12,12
1,SC Ganguly,Kolkata Knight Riders,10,12
1,AA Noffke,Royal Challengers Bangalore,9,10
1,JH Kallis,Royal Challengers Bangalore,8,7
1,MV Boucher,Royal Challengers Bangalore,7,9
1,W Jaffer,Royal Challengers Bangalore,6,16
1,CL White,Royal Challengers Bangalore,6,10
1,Mohammad Hafeez,Kolkata Knight Riders,5,3
1,Z Khan,Royal Challengers Bangalore,3,8
1,SB Joshi,Royal Challengers Bangalore,3,6
1,R Dravid,Royal Challengers Bangalore,2,3
1,V Kohli,Royal Challengers Bangalore,1,5
1,B Akhil,Royal Challengers Bangalore,0,2
2,MEK Hussey,Chennai Super Kings,116,54
2,JR Hopes,Kings XI Punjab,71,33
2,KC Sangakkara,Kings XI Punjab,54,33
2,SK Raina,Chennai Super Kings,32,13
2,S Badrinath,Chennai Super Kings,31,14
2,ML Hayden,Chennai Super Kings,25,17
2,K Goel,Kings XI Punjab,24,19
2,Yuvraj Singh,Kings XI Punjab,23,13
2,SM Katich,Kings XI Punjab,21,17
2,PA Patel,Chennai Super Kings,15,10
2,JDP Oram,Chennai Super Kings,13,10
2,IK Pathan,Kings XI Punjab,3,5
2,MS Dhoni,Chennai Super Kings,2,3
3,G Gambhir,Delhi Daredevils,58,46
3,S Dhawan,Delhi Daredevils,52,41
3,RA Jadeja,Rajasthan Royals,29,23
3,D Salunkhe,Rajasthan Royals,26,20
3,SR Watson,Rajasthan Royals,21,15
3,SK Warne,Rajasthan Royals,14,13
3,V Sehwag,Delhi Daredevils,12,4
3,YK Pathan,Rajasthan Royals,10,5
3,M Kaif,Rajasthan Royals,9,19
3,T Kohli,Rajasthan Royals,7,12
3,SK Trivedi,Rajasthan Royals,3,7
3,M Rawat,Rajasthan Royals,2,4
3,DS Lehmann,Rajasthan Royals,1,2
4,RV Uthappa,Mumbai Indians,48,38
4,MV Boucher,Royal Challengers Bangalore,39,19
4,R Dravid,Royal Challengers Bangalore,32,33
4,ST Jayasuriya,Mumbai Indians,29,16
4,SM Pollock,Mumbai Indians,28,12
4,JH Kallis,Royal Challengers Bangalore,25,24
4,LRPL Taylor,Royal Challengers Bangalore,23,12
4,V Kohli,Royal Challengers Bangalore,23,14
4,AM Nayar,Mumbai Indians,20,14
4,PR Shah,Mumbai Indians,19,23
4,S Chanderpaul,Royal Challengers Bangalore,16,11
4,L Ronchi,Mumbai Indians,8,10
4,B Akhil,Royal Challengers Bangalore,3,5
4,Harbhajan Singh,Mumbai Indians,2,2
4,DJ Thornely,Mumbai Indians,0,5
5,DJ Hussey,Kolkata Knight Riders,38,43
5,A Symonds,Deccan Chargers,32,39
5,AC Gilchrist,Deccan Chargers,23,22
5,Y Venugopal Rao,Deccan Chargers,14,14
5,SB Bangar,Deccan Chargers,14,10
5,SC Ganguly,Kolkata Knight Riders,14,30
5,Mohammad Hafeez,Kolkata Knight Riders,13,13
5,AS Yadav,Deccan Chargers,10,10
5,WP Saha,Kolkata Knight Riders,10,17
5,SB Styris,Deccan Chargers,6,7
5,BB McCullum,Kolkata Knight Riders,5,5
5,LR Shukla,Kolkata Knight Riders,4,6
5,RP Singh,Deccan Chargers,1,2
5,VVS Laxman,Deccan Chargers,0,6
5,RG Sharma,Deccan Chargers,0,3
5,WPUJC Vaas,Deccan Chargers,0,1
5,RT Ponting,Kolkata Knight Riders,0,1
6,SR Watson,Rajasthan Royals,76,49
6,Yuvraj Singh,Kings XI Punjab,57,34
6,RA Jadeja,Rajasthan Royals,36,25
6,K Goel,Kings XI Punjab,26,21
6,PP Chawla,Kings XI Punjab,24,11
6,KC Sangakkara,Kings XI Punjab,20,8
6,DS Lehmann,Rajasthan Royals,17,16
6,JR Hopes,Kings XI Punjab,16,16
6,Kamran Akmal,Rajasthan Royals,15,10
6,IK Pathan,Kings XI Punjab,12,19
6,YK Pathan,Rajasthan Royals,7,5
6,M Kaif,Rajasthan Royals,5,8
6,S Sohal,Kings XI Punjab,4,4
6,DPMD Jayawardene,Kings XI Punjab,2,4
6,WA Mota,Kings XI Punjab,1,1
6,B Lee,Kings XI Punjab,0,2
7,V Sehwag,Delhi Daredevils,94,41
7,RG Sharma,Deccan Chargers,66,36
7,S Dhawan,Delhi Daredevils,25,28
7,Y Venugopal Rao,Deccan Chargers,14,22
7,A Symonds,Deccan Chargers,12,13
7,AS Yadav,Deccan Chargers,12,7
7,WPUJC Vaas,Deccan Chargers,12,6
7,G Gambhir,Delhi Daredevils,12,9
7,AC Gilchrist,Deccan Chargers,8,9
7,SB Bangar,Deccan Chargers,8,14
7,VVS Laxman,Deccan Chargers,2,6
7,Shahid Afridi,Deccan Chargers,2,7
7,RP Singh,Deccan Chargers,1,1
8,ML Hayden,Chennai Super Kings,81,46
8,SK Raina,Chennai Super Kings,53,37
8,AM Nayar,Mumbai Indians,45,20
8,RV Uthappa,Mumbai Indians,43,36
8,MS Dhoni,Chennai Super Kings,30,16
8,Harbhajan Singh,Mumbai Indians,28,14
8,DJ Bravo,Mumbai Indians,24,16
8,ST Jayasuriya,Mumbai Indians,20,11
8,SM Pollock,Mumbai Indians,17,15
8,PA Patel,Chennai Super Kings,14,11
8,MA Khote,Mumbai Indians,9,5
8,MEK Hussey,Chennai Super Kings,5,9
8,JDP Oram,Chennai Super Kings,5,2
8,S Badrinath,Chennai Super Kings,2,1
8,L Ronchi,Mumbai Indians,2,3
8,A Nehra,Mumbai Indians,1,2
9,A Symonds,Deccan Chargers,117,53
9,GC Smith,Rajasthan Royals,71,45
9,YK Pathan,Rajasthan Royals,61,28
9,RG Sharma,Deccan Chargers,36,30
9,M Kaif,Rajasthan Royals,34,16
9,SK Warne,Rajasthan Royals,22,9
9,VVS Laxman,Deccan Chargers,16,16
9,AS Yadav,Deccan Chargers,16,9
9,AC Gilchrist,Deccan Chargers,13,9
9,Kamran Akmal,Rajasthan Royals,12,9
9,Shahid Afridi,Deccan Chargers,10,4
9,SR Watson,Rajasthan Royals,4,6
9,Pankaj Singh,Rajasthan Royals,4,3
9,RA Jadeja,Rajasthan Royals,1,3
9,D Salunkhe,Rajasthan Royals,1,1
10,KC Sangakkara,Kings XI Punjab,94,56
10,DJ Bravo,Mumbai Indians,23,21
10,SM Pollock,Mumbai Indians,22,21
10,RV Uthappa,Mumbai Indians,21,18
10,K Goel,Kings XI Punjab,18,21
10,Yuvraj Singh,Kings XI Punjab,18,9
10,SS Tiwary,Mumbai Indians,17,10
10,B Lee,Kings XI Punjab,16,8
10,DPMD Jayawardene,Kings XI Punjab,12,7
10,L Ronchi,Mumbai Indians,11,8
10,MA Khote,Mumbai Indians,8,7
10,RR Sarwan,Kings XI Punjab,7,9
10,IK Pathan,Kings XI Punjab,6,3
10,VRV Singh,Kings XI Punjab,4,2
10,AM Nayar,Mumbai Indians,2,3
10,DS Kulkarni,Mumbai Indians,2,16
10,A Nehra,Mumbai Indians,2,10
10,ST Jayasuriya,Mumbai Indians,1,7
10,S Sohal,Kings XI Punjab,0,4
10,PP Chawla,Kings XI Punjab,0,1
10,S Sreesanth,Kings XI Punjab,0,1
10,Harbhajan Singh,Mumbai Indians,0,1
11,SR Watson,Rajasthan Royals,61,41
11,GC Smith,Rajasthan Royals,49,42
11,LRPL Taylor,Royal Challengers Bangalore,44,20
11,P Kumar,Royal Challengers Bangalore,34,30
11,YK Pathan,Rajasthan Royals,21,12
11,Z Khan,Royal Challengers Bangalore,17,18
11,V Kohli,Royal Challengers Bangalore,13,14
11,JH Kallis,Royal Challengers Bangalore,11,10
11,MV Boucher,Royal Challengers Bangalore,4,10
11,M Kaif,Rajasthan Royals,4,6
11,SB Joshi,Royal Challengers Bangalore,3,8
11,S Chanderpaul,Royal Challengers Bangalore,2,9
11,R Vinay Kumar,Royal Challengers Bangalore,1,1
11,R Dravid,Royal Challengers Bangalore,0,1
11,M Rawat,Rajasthan Royals,0,2
12,ML Hayden,Chennai Super Kings,70,49
12,MS Dhoni,Chennai Super Kings,43,27
12,LR Shukla,Kolkata Knight Riders,42,33
12,WP Saha,Kolkata Knight Riders,27,16
12,BB McCullum,Kolkata Knight Riders,24,12
12,PA Patel,Chennai Super Kings,21,27
12,Mohammad Hafeez,Kolkata Knight Riders,16,24
12,SC Ganguly,Kolkata Knight Riders,12,19
12,AB Agarkar,Kolkata Knight Riders,11,9
12,I Sharma,Kolkata Knight Riders,4,3
12,M Kartik,Kolkata Knight Riders,3,3
12,RT Ponting,Kolkata Knight Riders,0,1
12,DJ Hussey,Kolkata Knight Riders,0,2
13,AC Gilchrist,Deccan Chargers,109,47
13,VVS Laxman,Deccan Chargers,37,26
13,AM Nayar,Mumbai Indians,34,19
13,DJ Bravo,Mumbai Indians,34,18
13,SM Pollock,Mumbai Indians,31,31
13,ST Jayasuriya,Mumbai Indians,18,21
13,L Ronchi,Mumbai Indians,13,11
13,MA Khote,Mumbai Indians,7,10
13,RV Uthappa,Mumbai Indians,6,5
13,AM Rahane,Mumbai Indians,0,7
14,SM Katich,Kings XI Punjab,75,52
14,Yuvraj Singh,Kings XI Punjab,40,29
14,MK Tiwary,Delhi Daredevils,39,34
14,KD Karthik,Delhi Daredevils,24,14
14,Shoaib Malik,Delhi Daredevils,19,17
14,G Gambhir,Delhi Daredevils,18,14
14,MF Maharoof,Delhi Daredevils,18,12
14,R Bhatia,Delhi Daredevils,17,15
14,DPMD Jayawardene,Kings XI Punjab,15,14
14,IK Pathan,Kings XI Punjab,10,7
14,TM Srivastava,Kings XI Punjab,7,9
14,V Sehwag,Delhi Daredevils,6,6
14,VY Mahesh,Delhi Daredevils,6,5
14,KC Sangakkara,Kings XI Punjab,4,2
14,K Goel,Kings XI Punjab,1,3
14,B Lee,Kings XI Punjab,1,3
14,S Dhawan,Delhi Daredevils,0,3
15,MS Dhoni,Chennai Super Kings,65,30
15,LRPL Taylor,Royal Challengers Bangalore,53,34
15,W Jaffer,Royal Challengers Bangalore,50,33
15,MEK Hussey,Chennai Super Kings,47,37
15,SK Raina,Chennai Super Kings,28,17
15,PA Patel,Chennai Super Kings,21,17
15,JH Kallis,Royal Challengers Bangalore,14,10
15,ML Hayden,Chennai Super Kings,13,19
15,V Kohli,Royal Challengers Bangalore,12,7
15,B Chipli,Royal Challengers Bangalore,8,11
15,Z Khan,Royal Challengers Bangalore,8,6
15,P Kumar,Royal Challengers Bangalore,6,5
15,MV Boucher,Royal Challengers Bangalore,4,6
15,B Akhil,Royal Challengers Bangalore,2,3
15,DW Steyn,Royal Challengers Bangalore,1,2
15,R Dravid,Royal Challengers Bangalore,0,1
16,DJ Bravo,Mumbai Indians,64,53
16,LR Shukla,Kolkata Knight Riders,40,22
16,RV Uthappa,Mumbai Indians,37,37
16,DB Das,Kolkata Knight Riders,29,20
16,RT Ponting,Kolkata Knight Riders,19,31
16,ST Jayasuriya,Mumbai Indians,18,10
16,DJ Hussey,Kolkata Knight Riders,17,20
16,M Kartik,Kolkata Knight Riders,10,11
16,SC Ganguly,Kolkata Knight Riders,4,2
16,AM Rahane,Mumbai Indians,4,10
16,Mohammad Hafeez,Kolkata Knight Riders,2,6
16,AB Agarkar,Kolkata Knight Riders,2,6
16,BB McCullum,Kolkata Knight Riders,1,2
16,MK Pandey,Mumbai Indians,0,3
17,G Gambhir,Delhi Daredevils,86,54
17,JH Kallis,Royal Challengers Bangalore,54,44
17,S Dhawan,Delhi Daredevils,50,33
17,R Dravid,Royal Challengers Bangalore,38,30
17,MV Boucher,Royal Challengers Bangalore,31,17
17,LRPL Taylor,Royal Challengers Bangalore,29,15
17,V Sehwag,Delhi Daredevils,24,12
17,MK Tiwary,Delhi Daredevils,11,9
17,W Jaffer,Royal Challengers Bangalore,10,9
17,R Bhatia,Delhi Daredevils,8,5
17,Shoaib Malik,Delhi Daredevils,6,4
17,P Kumar,Royal Challengers Bangalore,6,5
17,KD Karthik,Delhi Daredevils,2,4
17,V Kohli,Royal Challengers Bangalore,1,1
18,SE Marsh,Kings XI Punjab,84,62
18,RG Sharma,Deccan Chargers,76,42
18,VVS Laxman,Deccan Chargers,48,34
18,DPMD Jayawardene,Kings XI Punjab,45,23
18,RR Sarwan,Kings XI Punjab,15,15
18,Yuvraj Singh,Kings XI Punjab,14,9
18,Shahid Afridi,Deccan Chargers,13,7
18,HH Gibbs,Deccan Chargers,7,9
18,AC Gilchrist,Deccan Chargers,6,6
18,SB Bangar,Deccan Chargers,3,8
18,D Kalyankrishna,Deccan Chargers,3,8
18,KC Sangakkara,Kings XI Punjab,3,4
18,RP Singh,Deccan Chargers,2,2
18,Y Venugopal Rao,Deccan Chargers,1,2
18,DNT Zoysa,Deccan Chargers,1,2
19,SA Asnodkar,Rajasthan Royals,60,34
19,YK Pathan,Rajasthan Royals,55,33
19,SC Ganguly,Kolkata Knight Riders,51,39
19,DJ Hussey,Kolkata Knight Riders,42,30
19,RA Jadeja,Rajasthan Royals,33,19
19,M Kaif,Rajasthan Royals,21,18
19,AB Agarkar,Kolkata Knight Riders,20,13
19,DB Das,Kolkata Knight Riders,11,13
19,SK Warne,Rajasthan Royals,7,8
19,Salman Butt,Kolkata Knight Riders,7,7
19,Sohail Tanvir,Rajasthan Royals,3,3
19,GC Smith,Rajasthan Royals,2,7
19,LR Shukla,Kolkata Knight Riders,2,2
19,Umar Gul,Kolkata Knight Riders,2,2
19,M Rawat,Rajasthan Royals,1,1
19,BJ Hodge,Kolkata Knight Riders,1,3
19,WP Saha,Kolkata Knight Riders,1,2
19,AB Dinda,Kolkata Knight Riders,1,3
19,I Sharma,Kolkata Knight Riders,1,1
19,SR Watson,Rajasthan Royals,0,1
20,V Sehwag,Delhi Daredevils,71,41
20,S Vidyut,Chennai Super Kings,54,37
20,G Gambhir,Delhi Daredevils,50,37
20,MS Dhoni,Chennai Super Kings,32,27
20,JA Morkel,Chennai Super Kings,28,16
20,AB de Villiers,Delhi Daredevils,26,21
20,PA Patel,Chennai Super Kings,21,20
20,S Dhawan,Delhi Daredevils,19,17
20,SP Fleming,Chennai Super Kings,13,13
20,S Badrinath,Chennai Super Kings,11,5
20,SK Raina,Chennai Super Kings,3,4
21,HH Gibbs,Deccan Chargers,47,34
21,AC Gilchrist,Deccan Chargers,46,37
21,Misbah-ul-Haq,Royal Challengers Bangalore,34,28
21,JH Kallis,Royal Challengers Bangalore,31,25
21,R Dravid,Royal Challengers Bangalore,31,21
21,CL White,Royal Challengers Bangalore,31,23
21,B Akhil,Royal Challengers Bangalore,27,7
21,Y Venugopal Rao,Deccan Chargers,26,12
21,RG Sharma,Deccan Chargers,17,16
21,V Kohli,Royal Challengers Bangalore,9,5
21,AS Yadav,Deccan Chargers,8,8
21,DB Ravi Teja,Deccan Chargers,7,7
21,W Jaffer,Royal Challengers Bangalore,5,5
21,RP Singh,Deccan Chargers,1,3
21,LPC Silva,Deccan Chargers,0,2
21,WPUJC Vaas,Deccan Chargers,0,3
22,DJ Hussey,Kolkata Knight Riders,71,46
22,WP Saha,Kolkata Knight Riders,59,32
22,SE Marsh,Kings XI Punjab,40,32
22,KC Sangakkara,Kings XI Punjab,28,21
22,IK Pathan,Kings XI Punjab,24,26
22,PP Chawla,Kings XI Punjab,21,7
22,JR Hopes,Kings XI Punjab,18,12
22,Yuvraj Singh,Kings XI Punjab,17,10
22,Mohammad Hafeez,Kolkata Knight Riders,13,12
22,DPMD Jayawardene,Kings XI Punjab,10,6
22,LR Shukla,Kolkata Knight Riders,7,10
22,K Goel,Kings XI Punjab,6,7
22,SC Ganguly,Kolkata Knight Riders,5,7
22,DB Das,Kolkata Knight Riders,5,8
22,BJ Hodge,Kolkata Knight Riders,1,3
22,AB Agarkar,Kolkata Knight Riders,1,2
23,V Sehwag,Delhi Daredevils,40,20
23,ST Jayasuriya,Mumbai Indians,34,16
23,SM Pollock,Mumbai Indians,33,15
23,DJ Thornely,Mumbai Indians,30,24
23,KD Karthik,Delhi Daredevils,28,23
23,Shoaib Malik,Delhi Daredevils,24,22
23,RV Uthappa,Mumbai Indians,22,21
23,AB de Villiers,Delhi Daredevils,21,17
23,YV Takawale,Mumbai Indians,14,20
23,SS Tiwary,Mumbai Indians,9,10
23,R Bhatia,Delhi Daredevils,9,8
23,RR Raje,Mumbai Indians,6,5
23,VY Mahesh,Delhi Daredevils,3,5
23,DJ Bravo,Mumbai Indians,2,4
23,AM Nayar,Mumbai Indians,2,6
23,PJ Sangwan,Delhi Daredevils,2,4
23,G Gambhir,Delhi Daredevils,1,9
23,S Dhawan,Delhi Daredevils,1,3
23,Mohammad Asif,Delhi Daredevils,0,1
23,GD McGrath,Delhi Daredevils,0,2
24,JA Morkel,Chennai Super Kings,42,33
24,GC Smith,Rajasthan Royals,35,44
24,SA Asnodkar,Rajasthan Royals,32,30
24,SK Raina,Chennai Super Kings,27,27
24,S Badrinath,Chennai Super Kings,15,14
24,SR Watson,Rajasthan Royals,14,8
24,M Ntini,Chennai Super Kings,11,12
24,YK Pathan,Rajasthan Royals,8,5
24,S Vidyut,Chennai Super Kings,5,10
24,MS Dhoni,Chennai Super Kings,1,7
24,MS Gony,Chennai Super Kings,1,4
24,PA Patel,Chennai Super Kings,0,1
24,SP Fleming,Chennai Super Kings,0,2
24,Joginder Sharma,Chennai Super Kings,0,1
24,M Muralitharan,Chennai Super Kings,0,3
25,R Dravid,Royal Challengers Bangalore,66,51
25,SE Marsh,Kings XI Punjab,39,34
25,V Kohli,Royal Challengers Bangalore,34,36
25,RR Sarwan,Kings XI Punjab,31,29
25,DPMD Jayawardene,Kings XI Punjab,17,22
25,IK Pathan,Kings XI Punjab,17,17
25,Misbah-ul-Haq,Royal Challengers Bangalore,8,7
25,JR Hopes,Kings XI Punjab,5,4
25,DT Patil,Royal Challengers Bangalore,4,1
25,A Kumble,Royal Challengers Bangalore,3,7
25,DW Steyn,Royal Challengers Bangalore,1,3
25,Yuvraj Singh,Kings XI Punjab,1,4
25,W Jaffer,Royal Challengers Bangalore,0,4
25,CL White,Royal Challengers Bangalore,0,1
25,JH Kallis,Royal Challengers Bangalore,0,3
25,P Kumar,Royal Challengers Bangalore,0,2
25,Z Khan,Royal Challengers Bangalore,0,1
26,AC Gilchrist,Deccan Chargers,54,36
26,SB Styris,Deccan Chargers,36,41
26,SK Raina,Chennai Super Kings,32,21
26,JA Morkel,Chennai Super Kings,29,19
26,MS Dhoni,Chennai Super Kings,23,31
26,RG Sharma,Deccan Chargers,23,17
26,Shahid Afridi,Deccan Chargers,20,6
26,Joginder Sharma,Chennai Super Kings,16,10
26,MS Gony,Chennai Super Kings,15,6
26,SP Fleming,Chennai Super Kings,14,16
26,HH Gibbs,Deccan Chargers,10,10
26,PA Patel,Chennai Super Kings,4,6
26,S Anirudha,Chennai Super Kings,1,7
26,S Badrinath,Chennai Super Kings,0,4
27,SA Asnodkar,Rajasthan Royals,39,36
27,RV Uthappa,Mumbai Indians,34,21
27,SR Watson,Rajasthan Royals,32,20
27,YV Takawale,Mumbai Indians,27,32
27,ST Jayasuriya,Mumbai Indians,18,20
27,AM Nayar,Mumbai Indians,12,13
27,SK Warne,Rajasthan Royals,7,7
27,Sohail Tanvir,Rajasthan Royals,6,6
27,GC Smith,Rajasthan Royals,5,9
27,M Kaif,Rajasthan Royals,4,7
27,YK Pathan,Rajasthan Royals,1,3
27,M Rawat,Rajasthan Royals,1,5
27,SK Trivedi,Rajasthan Royals,1,3
27,DJ Bravo,Mumbai Indians,1,5
27,RA Jadeja,Rajasthan Royals,0,1
27,MM Patel,Rajasthan Royals,0,1
28,G Gambhir,Delhi Daredevils,80,49
28,S Dhawan,Delhi Daredevils,59,46
28,SP Fleming,Chennai Super Kings,44,28
28,S Vidyut,Chennai Super Kings,40,23
28,MS Dhoni,Chennai Super Kings,33,33
28,JA Morkel,Chennai Super Kings,30,15
28,V Sehwag,Delhi Daredevils,23,18
28,MS Gony,Chennai Super Kings,13,5
28,CK Kapugedera,Chennai Super Kings,8,9
28,S Badrinath,Chennai Super Kings,8,5
28,KD Karthik,Delhi Daredevils,6,3
28,MK Tiwary,Delhi Daredevils,5,2
28,Shoaib Malik,Delhi Daredevils,2,3
28,SK Raina,Chennai Super Kings,1,2
28,AB de Villiers,Delhi Daredevils,0,1
29,MV Boucher,Royal Challengers Bangalore,50,40
29,CL White,Royal Challengers Bangalore,30,16
29,DJ Hussey,Kolkata Knight Riders,26,12
29,J Arunkumar,Royal Challengers Bangalore,22,17
29,SC Ganguly,Kolkata Knight Riders,20,22
29,M Kartik,Kolkata Knight Riders,17,13
29,WP Saha,Kolkata Knight Riders,17,10
29,T Taibu,Kolkata Knight Riders,15,12
29,LR Shukla,Kolkata Knight Riders,11,9
29,BJ Hodge,Kolkata Knight Riders,10,11
29,S Chanderpaul,Royal Challengers Bangalore,7,11
29,Umar Gul,Kolkata Knight Riders,6,2
29,R Dravid,Royal Challengers Bangalore,5,11
29,P Kumar,Royal Challengers Bangalore,4,2
29,A Chopra,Kolkata Knight Riders,2,5
30,YK Pathan,Rajasthan Royals,68,37
30,AC Gilchrist,Deccan Chargers,61,49
30,GC Smith,Rajasthan Royals,40,43
30,Y Venugopal Rao,Deccan Chargers,23,11
30,HH Gibbs,Deccan Chargers,19,20
30,M Kaif,Rajasthan Royals,17,14
30,SB Styris,Deccan Chargers,13,11
30,DB Ravi Teja,Deccan Chargers,6,8
30,RG Sharma,Deccan Chargers,5,8
30,SR Watson,Rajasthan Royals,5,2
30,SB Bangar,Deccan Chargers,3,6
30,RP Singh,Deccan Chargers,2,3
30,Shahid Afridi,Deccan Chargers,1,3
30,PP Ojha,Deccan Chargers,1,2
31,ST Jayasuriya,Mumbai Indians,54,37
31,SR Tendulkar,Mumbai Indians,40,43
31,CL White,Royal Challengers Bangalore,26,20
31,R Vinay Kumar,Royal Challengers Bangalore,23,17
31,SP Goswami,Royal Challengers Bangalore,20,24
31,RV Uthappa,Mumbai Indians,19,16
31,MV Boucher,Royal Challengers Bangalore,18,15
31,R Dravid,Royal Challengers Bangalore,11,16
31,P Kumar,Royal Challengers Bangalore,8,11
31,B Akhil,Royal Challengers Bangalore,5,4
31,Misbah-ul-Haq,Royal Challengers Bangalore,0,1
31,V Kohli,Royal Challengers Bangalore,0,1
32,S Badrinath,Chennai Super Kings,64,47
32,MS Dhoni,Chennai Super Kings,60,43
32,SE Marsh,Kings XI Punjab,58,38
32,IK Pathan,Kings XI Punjab,40,18
32,SK Raina,Chennai Super Kings,26,17
32,RR Sarwan,Kings XI Punjab,20,22
32,PP Chawla,Kings XI Punjab,17,15
32,JR Hopes,Kings XI Punjab,14,7
32,S Vidyut,Chennai Super Kings,8,4
32,DPMD Jayawardene,Kings XI Punjab,8,6
32,JA Morkel,Chennai Super Kings,7,6
32,Yuvraj Singh,Kings XI Punjab,2,5
32,SP Fleming,Chennai Super Kings,1,4
32,K Goel,Kings XI Punjab,1,7
32,VRV Singh,Kings XI Punjab,0,1
32,U Kaul,Kings XI Punjab,0,1
33,SC Ganguly,Kolkata Knight Riders,91,57
33,Y Venugopal Rao,Deccan Chargers,71,42
33,DJ Hussey,Kolkata Knight Riders,57,29
33,RG Sharma,Deccan Chargers,33,24
33,A Chopra,Kolkata Knight Riders,24,23
33,AC Gilchrist,Deccan Chargers,24,17
33,LR Shukla,Kolkata Knight Riders,14,3
33,DB Ravi Teja,Deccan Chargers,10,7
33,T Taibu,Kolkata Knight Riders,9,5
33,WPUJC Vaas,Deccan Chargers,9,8
33,RP Singh,Deccan Chargers,6,4
33,HH Gibbs,Deccan Chargers,5,7
33,SB Styris,Deccan Chargers,5,11
33,Salman Butt,Kolkata Knight Riders,4,4
33,SB Bangar,Deccan Chargers,2,4
34,SR Watson,Rajasthan Royals,74,40
34,MF Maharoof,Delhi Daredevils,39,16
34,G Gambhir,Delhi Daredevils,31,23
34,GC Smith,Rajasthan Royals,24,27
34,AB de Villiers,Delhi Daredevils,20,22
34,TM Dilshan,Delhi Daredevils,18,15
34,V Sehwag,Delhi Daredevils,17,20
34,KD Karthik,Delhi Daredevils,13,15
34,SK Warne,Rajasthan Royals,11,12
34,AD Mascarenhas,Rajasthan Royals,9,8
34,YK Pathan,Rajasthan Royals,8,13
34,RA Jadeja,Rajasthan Royals,6,6
34,M Rawat,Rajasthan Royals,5,4
34,A Mishra,Delhi Daredevils,4,5
34,NK Patel,Rajasthan Royals,4,2
34,S Dhawan,Delhi Daredevils,3,3
34,M Kaif,Rajasthan Royals,1,5
34,VY Mahesh,Delhi Daredevils,0,1
35,SE Marsh,Kings XI Punjab,74,51
35,MV Boucher,Royal Challengers Bangalore,39,32
35,LA Pomersbach,Kings XI Punjab,34,24
35,R Dravid,Royal Challengers Bangalore,29,26
35,JR Hopes,Kings XI Punjab,27,19
35,V Kohli,Royal Challengers Bangalore,21,22
35,Misbah-ul-Haq,Royal Challengers Bangalore,21,8
35,CL White,Royal Challengers Bangalore,10,14
35,P Kumar,Royal Challengers Bangalore,5,7
35,J Arunkumar,Royal Challengers Bangalore,1,3
35,R Vinay Kumar,Royal Challengers Bangalore,1,3
35,Z Khan,Royal Challengers Bangalore,1,4
35,A Kumble,Royal Challengers Bangalore,0,1
36,Salman Butt,Kolkata Knight Riders,48,44
36,DJ Hussey,Kolkata Knight Riders,31,31
36,A Mishra,Delhi Daredevils,31,32
36,TM Dilshan,Delhi Daredevils,25,19
36,A Chopra,Kolkata Knight Riders,13,17
36,LR Shukla,Kolkata Knight Riders,10,8
36,G Gambhir,Delhi Daredevils,10,7
36,MF Maharoof,Delhi Daredevils,10,12
36,MK Tiwary,Delhi Daredevils,9,7
36,SC Ganguly,Kolkata Knight Riders,7,4
36,T Taibu,Kolkata Knight Riders,7,9
36,AB de Villiers,Delhi Daredevils,7,12
36,S Dhawan,Delhi Daredevils,7,10
36,WP Saha,Kolkata Knight Riders,5,6
36,VY Mahesh,Delhi Daredevils,3,6
36,Iqbal Abdulla,Kolkata Knight Riders,1,2
36,V Sehwag,Delhi Daredevils,0,1
36,PJ Sangwan,Delhi Daredevils,0,1
37,ST Jayasuriya,Mumbai Indians,114,48
37,S Badrinath,Chennai Super Kings,53,33
37,MS Dhoni,Chennai Super Kings,43,35
37,SP Fleming,Chennai Super Kings,26,29
37,S Vidyut,Chennai Super Kings,16,11
37,RV Uthappa,Mumbai Indians,16,19
37,SR Tendulkar,Mumbai Indians,12,16
37,JA Morkel,Chennai Super Kings,5,4
37,SK Raina,Chennai Super Kings,1,6
37,CK Kapugedera,Chennai Super Kings,0,2
38,SE Marsh,Kings XI Punjab,115,69
38,NK Patel,Rajasthan Royals,57,39
38,JR Hopes,Kings XI Punjab,51,35
38,Yuvraj Singh,Kings XI Punjab,49,16
38,YK Pathan,Rajasthan Royals,39,15
38,Kamran Akmal,Rajasthan Royals,24,8
38,M Rawat,Rajasthan Royals,23,19
38,SR Watson,Rajasthan Royals,22,19
38,D Salunkhe,Rajasthan Royals,6,3
38,Younis Khan,Rajasthan Royals,3,7
38,LA Pomersbach,Kings XI Punjab,1,1
38,M Kaif,Rajasthan Royals,1,5
38,Pankaj Singh,Rajasthan Royals,1,5
39,G Gambhir,Delhi Daredevils,79,48
39,S Dhawan,Delhi Daredevils,68,52
39,RG Sharma,Deccan Chargers,35,18
39,Y Venugopal Rao,Deccan Chargers,34,18
39,Shahid Afridi,Deccan Chargers,33,14
39,SB Styris,Deccan Chargers,29,28
39,HH Gibbs,Deccan Chargers,22,22
39,MF Maharoof,Delhi Daredevils,19,11
39,TM Dilshan,Delhi Daredevils,16,6
39,AC Gilchrist,Deccan Chargers,14,9
39,DB Ravi Teja,Deccan Chargers,9,5
39,MK Tiwary,Delhi Daredevils,4,1
39,RP Singh,Deccan Chargers,1,2
39,PM Sarvesh Kumar,Deccan Chargers,1,2
39,DP Vijaykumar,Deccan Chargers,1,1
39,V Sehwag,Delhi Daredevils,0,2
39,PP Ojha,Deccan Chargers,0,1
40,ST Jayasuriya,Mumbai Indians,48,17
40,SC Ganguly,Kolkata Knight Riders,15,20
40,AB Agarkar,Kolkata Knight Riders,15,14
40,Salman Butt,Kolkata Knight Riders,13,13
40,RV Uthappa,Mumbai Indians,9,8
40,Mohammad Hafeez,Kolkata Knight Riders,5,11
40,I Sharma,Kolkata Knight Riders,4,5
40,DJ Hussey,Kolkata Knight Riders,2,7
40,Shoaib Akhtar,Kolkata Knight Riders,2,7
40,A Chopra,Kolkata Knight Riders,1,4
40,WP Saha,Kolkata Knight Riders,1,6
40,AB Dinda,Kolkata Knight Riders,1,1
40,DJ Thornely,Mumbai Indians,1,6
40,LR Shukla,Kolkata Knight Riders,0,4
40,SR Tendulkar,Mumbai Indians,0,3
41,V Sehwag,Delhi Daredevils,51,26
41,G Gambhir,Delhi Daredevils,40,28
41,DPMD Jayawardene,Kings XI Punjab,36,17
41,LA Pomersbach,Kings XI Punjab,25,12
41,Yuvraj Singh,Kings XI Punjab,23,8
41,S Dhawan,Delhi Daredevils,8,5
41,TM Dilshan,Delhi Daredevils,8,6
41,JR Hopes,Kings XI Punjab,4,6
41,SE Marsh,Kings XI Punjab,2,5
41,Shoaib Malik,Delhi Daredevils,1,1
41,MF Maharoof,Delhi Daredevils,0,1
42,GC Smith,Rajasthan Royals,75,49
42,R Dravid,Royal Challengers Bangalore,75,36
42,SA Asnodkar,Rajasthan Royals,50,44
42,SR Watson,Rajasthan Royals,46,28
42,JH Kallis,Royal Challengers Bangalore,20,29
42,CL White,Royal Challengers Bangalore,10,16
42,DT Patil,Royal Challengers Bangalore,9,12
42,A Kumble,Royal Challengers Bangalore,8,8
42,V Kohli,Royal Challengers Bangalore,3,7
42,Z Khan,Royal Challengers Bangalore,1,5
42,J Arunkumar,Royal Challengers Bangalore,0,3
42,Misbah-ul-Haq,Royal Challengers Bangalore,0,1
42,P Kumar,Royal Challengers Bangalore,0,1
42,Abdur Razzak,Royal Challengers Bangalore,0,2
43,Y Venugopal Rao,Deccan Chargers,57,38
43,AM Nayar,Mumbai Indians,38,24
43,DB Ravi Teja,Deccan Chargers,37,27
43,ST Jayasuriya,Mumbai Indians,36,15
43,DJ Bravo,Mumbai Indians,30,17
43,SR Tendulkar,Mumbai Indians,23,19
43,LPC Silva,Deccan Chargers,17,14
43,AC Gilchrist,Deccan Chargers,13,16
43,PR Shah,Mumbai Indians,10,6
43,DNT Zoysa,Deccan Chargers,10,7
43,DJ Thornely,Mumbai Indians,8,18
43,RV Uthappa,Mumbai Indians,7,16
43,RG Sharma,Deccan Chargers,6,10
43,YV Takawale,Mumbai Indians,5,5
43,RP Singh,Deccan Chargers,3,3
43,H Das,Deccan Chargers,2,5
43,RR Raje,Mumbai Indians,1,2
43,Shahid Afridi,Deccan Chargers,0,1
44,Salman Butt,Kolkata Knight Riders,73,54
44,SP Fleming,Chennai Super Kings,32,20
44,DB Das,Kolkata Knight Riders,27,32
44,PA Patel,Chennai Super Kings,19,28
44,WP Saha,Kolkata Knight Riders,15,9
44,LR Shukla,Kolkata Knight Riders,13,11
44,Mohammad Hafeez,Kolkata Knight Riders,6,6
44,SC Ganguly,Kolkata Knight Riders,2,8
44,DJ Hussey,Kolkata Knight Riders,0,1
45,SP Goswami,Royal Challengers Bangalore,52,42
45,Misbah-ul-Haq,Royal Challengers Bangalore,47,25
45,V Sehwag,Delhi Daredevils,47,19
45,G Gambhir,Delhi Daredevils,39,31
45,JH Kallis,Royal Challengers Bangalore,25,21
45,AB de Villiers,Delhi Daredevils,21,25
45,S Dhawan,Delhi Daredevils,16,13
45,MF Maharoof,Delhi Daredevils,13,8
45,R Dravid,Royal Challengers Bangalore,9,11
45,KD Karthik,Delhi Daredevils,6,4
45,Z Khan,Royal Challengers Bangalore,4,1
45,TM Dilshan,Delhi Daredevils,4,10
45,B Akhil,Royal Challengers Bangalore,3,3
45,B Chipli,Royal Challengers Bangalore,2,10
45,P Kumar,Royal Challengers Bangalore,2,5
45,CL White,Royal Challengers Bangalore,1,2
46,YK Pathan,Rajasthan Royals,48,18
46,M Kaif,Rajasthan Royals,34,31
46,SC Ganguly,Kolkata Knight Riders,32,34
46,DB Das,Kolkata Knight Riders,31,20
46,Salman Butt,Kolkata Knight Riders,24,20
46,GC Smith,Rajasthan Royals,24,24
46,SR Watson,Rajasthan Royals,19,15
46,LR Shukla,Kolkata Knight Riders,15,10
46,Sohail Tanvir,Rajasthan Royals,13,8
46,DJ Hussey,Kolkata Knight Riders,11,15
46,WP Saha,Kolkata Knight Riders,11,6
46,Umar Gul,Kolkata Knight Riders,7,4
46,AB Agarkar,Kolkata Knight Riders,5,2
46,SA Asnodkar,Rajasthan Royals,5,3
46,Mohammad Hafeez,Kolkata Knight Riders,4,8
46,I Sharma,Kolkata Knight Riders,2,1
47,SE Marsh,Kings XI Punjab,81,56
47,LA Pomersbach,Kings XI Punjab,79,50
47,SR Tendulkar,Mumbai Indians,65,46
47,AM Nayar,Mumbai Indians,27,18
47,ST Jayasuriya,Mumbai Indians,20,12
47,DR Smith,Mumbai Indians,20,16
47,SD Chitnis,Mumbai Indians,15,6
47,IK Pathan,Kings XI Punjab,9,5
47,RV Uthappa,Mumbai Indians,9,13
47,Yuvraj Singh,Kings XI Punjab,7,6
47,PR Shah,Mumbai Indians,5,5
47,CRD Fernando,Mumbai Indians,2,1
47,VS Yeligati,Mumbai Indians,2,2
47,DPMD Jayawardene,Kings XI Punjab,1,2
47,JR Hopes,Kings XI Punjab,0,1
47,SM Pollock,Mumbai Indians,0,1
47,A Nehra,Mumbai Indians,0,1
48,R Dravid,Royal Challengers Bangalore,47,39
48,SP Fleming,Chennai Super Kings,45,40
48,PA Patel,Chennai Super Kings,24,29
48,P Kumar,Royal Challengers Bangalore,21,11
48,SK Raina,Chennai Super Kings,21,20
48,MV Boucher,Royal Challengers Bangalore,17,15
48,SP Goswami,Royal Challengers Bangalore,10,19
48,V Kohli,Royal Challengers Bangalore,10,16
48,B Akhil,Royal Challengers Bangalore,6,7
48,JH Kallis,Royal Challengers Bangalore,5,5
48,Misbah-ul-Haq,Royal Challengers Bangalore,4,6
48,MS Dhoni,Chennai Super Kings,4,8
48,MS Gony,Chennai Super Kings,4,4
48,A Kumble,Royal Challengers Bangalore,2,1
48,S Badrinath,Chennai Super Kings,1,3
48,JA Morkel,Chennai Super Kings,1,5
48,R Vinay Kumar,Royal Challengers Bangalore,0,1
48,S Vidyut,Chennai Super Kings,0,3
48,L Balaji,Chennai Super Kings,0,4
48,M Ntini,Chennai Super Kings,0,6
49,SE Marsh,Kings XI Punjab,60,46
49,AC Gilchrist,Deccan Chargers,50,42
49,RG Sharma,Deccan Chargers,50,27
49,KC Sangakkara,Kings XI Punjab,50,25
49,HH Gibbs,Deccan Chargers,44,34
49,LPC Silva,Deccan Chargers,23,10
49,Yuvraj Singh,Kings XI Punjab,17,15
49,PP Chawla,Kings XI Punjab,16,9
49,DPMD Jayawardene,Kings XI Punjab,14,10
49,LA Pomersbach,Kings XI Punjab,13,12
49,Y Venugopal Rao,Deccan Chargers,2,5
49,SB Styris,Deccan Chargers,1,2
50,ST Jayasuriya,Mumbai Indians,66,42
50,KD Karthik,Delhi Daredevils,56,32
50,RV Uthappa,Mumbai Indians,46,23
50,MK Tiwary,Delhi Daredevils,36,29
50,S Dhawan,Delhi Daredevils,27,29
50,MF Maharoof,Delhi Daredevils,20,13
50,G Gambhir,Delhi Daredevils,19,9
50,SR Tendulkar,Mumbai Indians,18,16
50,V Sehwag,Delhi Daredevils,18,6
50,DR Smith,Mumbai Indians,17,17
50,SM Pollock,Mumbai Indians,16,15
50,SD Chitnis,Mumbai Indians,3,4
50,AM Nayar,Mumbai Indians,1,3
50,PR Shah,Mumbai Indians,0,1
50,TM Dilshan,Delhi Daredevils,0,1
51,GC Smith,Rajasthan Royals,91,51
51,JA Morkel,Chennai Super Kings,71,40
51,PA Patel,Chennai Super Kings,54,40
51,Kamran Akmal,Rajasthan Royals,53,28
51,SK Raina,Chennai Super Kings,45,24
51,SA Asnodkar,Rajasthan Royals,41,27
51,MS Dhoni,Chennai Super Kings,12,8
51,M Kaif,Rajasthan Royals,10,7
51,SP Fleming,Chennai Super Kings,7,4
51,YK Pathan,Rajasthan Royals,6,5
51,T Kohli,Rajasthan Royals,3,3
51,MS Gony,Chennai Super Kings,2,4
51,S Badrinath,Chennai Super Kings,1,2
51,A Mukund,Chennai Super Kings,0,1
52,RG Sharma,Deccan Chargers,57,42
52,VVS Laxman,Deccan Chargers,52,44
52,W Jaffer,Royal Challengers Bangalore,44,37
52,V Kohli,Royal Challengers Bangalore,38,29
52,R Dravid,Royal Challengers Bangalore,26,19
52,SB Bangar,Deccan Chargers,17,7
52,MV Boucher,Royal Challengers Bangalore,16,14
52,B Chipli,Royal Challengers Bangalore,10,7
52,AC Gilchrist,Deccan Chargers,10,11
52,P Kumar,Royal Challengers Bangalore,8,4
52,JH Kallis,Royal Challengers Bangalore,6,5
52,HH Gibbs,Deccan Chargers,5,7
52,Misbah-ul-Haq,Royal Challengers Bangalore,3,5
52,AS Yadav,Deccan Chargers,3,4
52,SB Styris,Deccan Chargers,2,3
52,Shahid Afridi,Deccan Chargers,1,2
53,SC Ganguly,Kolkata Knight Riders,86,53
53,KC Sangakkara,Kings XI Punjab,64,45
53,SE Marsh,Kings XI Punjab,40,31
53,Yuvraj Singh,Kings XI Punjab,27,18
53,Salman Butt,Kolkata Knight Riders,24,19
53,Umar Gul,Kolkata Knight Riders,24,11
53,JR Hopes,Kings XI Punjab,13,10
53,WP Saha,Kolkata Knight Riders,13,15
53,DJ Hussey,Kolkata Knight Riders,12,11
53,DPMD Jayawardene,Kings XI Punjab,11,10
53,IK Pathan,Kings XI Punjab,7,4
53,LR Shukla,Kolkata Knight Riders,5,4
53,A Chopra,Kolkata Knight Riders,2,3
53,TM Srivastava,Kings XI Punjab,1,1
53,PP Chawla,Kings XI Punjab,0,1
53,DB Das,Kolkata Knight Riders,0,1
53,I Sharma,Kolkata Knight Riders,0,1
54,NK Patel,Rajasthan Royals,40,29
54,ST Jayasuriya,Mumbai Indians,38,37
54,SR Tendulkar,Mumbai Indians,30,34
54,AM Nayar,Mumbai Indians,25,18
54,YV Takawale,Mumbai Indians,24,8
54,RA Jadeja,Rajasthan Royals,23,20
54,Kamran Akmal,Rajasthan Royals,18,16
54,SR Watson,Rajasthan Royals,18,19
54,SA Asnodkar,Rajasthan Royals,17,18
54,M Kaif,Rajasthan Royals,12,15
54,DR Smith,Mumbai Indians,8,7
54,RV Uthappa,Mumbai Indians,3,8
54,MK Pandey,Mumbai Indians,3,6
54,YK Pathan,Rajasthan Royals,2,4
54,RR Raje,Mumbai Indians,1,2
54,SM Pollock,Mumbai Indians,0,1
55,SK Raina,Chennai Super Kings,54,43
55,Y Venugopal Rao,Deccan Chargers,46,46
55,DB Ravi Teja,Deccan Chargers,40,28
55,MS Dhoni,Chennai Super Kings,37,25
55,SB Styris,Deccan Chargers,20,20
55,PA Patel,Chennai Super Kings,20,27
55,SP Fleming,Chennai Super Kings,14,9
55,JA Morkel,Chennai Super Kings,12,12
55,RP Singh,Deccan Chargers,10,4
55,HH Gibbs,Deccan Chargers,8,10
55,AC Gilchrist,Deccan Chargers,5,8
55,Shahid Afridi,Deccan Chargers,1,2
55,PP Ojha,Deccan Chargers,1,1
55,AS Yadav,Deccan Chargers,0,1
56,SR Watson,Rajasthan Royals,52,29
56,YK Pathan,Rajasthan Royals,45,21
56,SA Asnodkar,Rajasthan Royals,39,21
56,TM Dilshan,Delhi Daredevils,33,22
56,GC Smith,Rajasthan Royals,25,21
56,M Kaif,Rajasthan Royals,12,11
56,G Gambhir,Delhi Daredevils,11,15
56,KD Karthik,Delhi Daredevils,10,12
56,RA Jadeja,Rajasthan Royals,7,5
56,MF Maharoof,Delhi Daredevils,6,6
56,Sohail Tanvir,Rajasthan Royals,5,5
56,S Dhawan,Delhi Daredevils,5,12
56,GD McGrath,Delhi Daredevils,4,3
56,V Sehwag,Delhi Daredevils,3,4
56,Mohammad Asif,Delhi Daredevils,3,5
56,VY Mahesh,Delhi Daredevils,3,10
56,M Rawat,Rajasthan Royals,2,4
56,A Mishra,Delhi Daredevils,2,5
56,SK Trivedi,Rajasthan Royals,1,2
56,SK Warne,Rajasthan Royals,0,1
56,MK Tiwary,Delhi Daredevils,0,3
57,SK Raina,Chennai Super Kings,55,34
57,PA Patel,Chennai Super Kings,51,48
57,RR Powar,Kings XI Punjab,28,21
57,WA Mota,Kings XI Punjab,25,26
57,SE Marsh,Kings XI Punjab,23,17
57,PP Chawla,Kings XI Punjab,12,15
57,DPMD Jayawardene,Kings XI Punjab,8,10
57,S Vidyut,Chennai Super Kings,6,7
57,Yuvraj Singh,Kings XI Punjab,4,8
57,KC Sangakkara,Kings XI Punjab,3,4
57,IK Pathan,Kings XI Punjab,3,12
57,JR Hopes,Kings XI Punjab,2,5
57,S Sreesanth,Kings XI Punjab,0,2
58,YK Pathan,Rajasthan Royals,56,39
58,SK Raina,Chennai Super Kings,43,30
58,PA Patel,Chennai Super Kings,38,33
58,MS Dhoni,Chennai Super Kings,29,17
58,SA Asnodkar,Rajasthan Royals,28,20
58,SR Watson,Rajasthan Royals,28,19
58,S Vidyut,Chennai Super Kings,16,14
58,JA Morkel,Chennai Super Kings,16,13
58,M Kaif,Rajasthan Royals,12,9
58,SK Warne,Rajasthan Royals,9,9
58,Sohail Tanvir,Rajasthan Royals,9,7
58,CK Kapugedera,Chennai Super Kings,8,12
58,S Badrinath,Chennai Super Kings,6,2
58,Kamran Akmal,Rajasthan Royals,6,7
58,NK Patel,Rajasthan Royals,2,11
58,RA Jadeja,Rajasthan Royals,0,1
59,SR Tendulkar,Mumbai Indians,59,49
59,ML Hayden,Chennai Super Kings,44,35
59,MS Dhoni,Chennai Super Kings,36,26
59,AM Nayar,Mumbai Indians,35,14
59,ST Jayasuriya,Mumbai Indians,26,20
59,A Flintoff,Chennai Super Kings,24,23
59,S Dhawan,Mumbai Indians,22,21
59,Joginder Sharma,Chennai Super Kings,16,15
59,JP Duminy,Mumbai Indians,9,7
59,SK Raina,Chennai Super Kings,8,9
59,JDP Oram,Chennai Super Kings,8,6
59,DJ Bravo,Mumbai Indians,5,4
59,Harbhajan Singh,Mumbai Indians,4,2
59,Z Khan,Mumbai Indians,2,3
59,T Thushara,Chennai Super Kings,1,2
59,PA Patel,Chennai Super Kings,0,2
59,S Badrinath,Chennai Super Kings,0,2
60,R Dravid,Royal Challengers Bangalore,66,48
60,KP Pietersen,Royal Challengers Bangalore,32,30
60,T Henderson,Rajasthan Royals,11,15
60,YK Pathan,Rajasthan Royals,11,14
60,RA Jadeja,Rajasthan Royals,11,10
60,B Akhil,Royal Challengers Bangalore,9,9
60,P Kumar,Royal Challengers Bangalore,8,10
60,R Vinay Kumar,Royal Challengers Bangalore,8,2
60,NK Patel,Rajasthan Royals,4,16
60,M Rawat,Rajasthan Royals,4,7
60,RV Uthappa,Royal Challengers Bangalore,3,10
60,V Kohli,Royal Challengers Bangalore,3,8
60,SK Warne,Rajasthan Royals,3,9
60,Kamran Khan,Rajasthan Royals,3,5
60,GC Smith,Rajasthan Royals,2,11
60,JD Ryder,Royal Challengers Bangalore,0,2
60,LRPL Taylor,Royal Challengers Bangalore,0,1
60,SA Asnodkar,Rajasthan Royals,0,2
60,AD Mascarenhas,Rajasthan Royals,0,1
60,MM Patel,Rajasthan Royals,0,2
61,K Goel,Kings XI Punjab,38,21
61,V Sehwag,Delhi Daredevils,38,16
61,RS Bopara,Kings XI Punjab,22,16
61,Yuvraj Singh,Kings XI Punjab,16,11
61,G Gambhir,Delhi Daredevils,15,13
61,KC Sangakkara,Kings XI Punjab,8,11
61,DPMD Jayawardene,Kings XI Punjab,6,6
61,IK Pathan,Kings XI Punjab,6,7
62,HH Gibbs,Deccan Chargers,43,26
62,RG Sharma,Deccan Chargers,36,32
62,BJ Hodge,Kolkata Knight Riders,31,34
62,AC Gilchrist,Deccan Chargers,13,11
62,A Chopra,Kolkata Knight Riders,11,19
62,CH Gayle,Kolkata Knight Riders,10,12
62,M Kartik,Kolkata Knight Riders,10,10
62,VVS Laxman,Deccan Chargers,10,10
62,I Sharma,Kolkata Knight Riders,9,9
62,LR Shukla,Kolkata Knight Riders,8,6
62,AB Agarkar,Kolkata Knight Riders,7,3
62,MC Henriques,Kolkata Knight Riders,6,8
62,AB Dinda,Kolkata Knight Riders,2,2
62,BB McCullum,Kolkata Knight Riders,1,3
62,SC Ganguly,Kolkata Knight Riders,1,12
63,ML Hayden,Chennai Super Kings,65,35
63,PA Patel,Chennai Super Kings,30,26
63,SK Raina,Chennai Super Kings,28,29
63,JH Kallis,Royal Challengers Bangalore,24,19
63,A Flintoff,Chennai Super Kings,22,13
63,RV Uthappa,Royal Challengers Bangalore,20,19
63,R Dravid,Royal Challengers Bangalore,20,18
63,MS Dhoni,Chennai Super Kings,16,14
63,V Kohli,Royal Challengers Bangalore,11,13
63,JA Morkel,Chennai Super Kings,5,3
63,R Vinay Kumar,Royal Challengers Bangalore,5,6
63,LRPL Taylor,Royal Challengers Bangalore,1,4
63,A Kumble,Royal Challengers Bangalore,1,5
63,P Kumar,Royal Challengers Bangalore,0,3
63,KP Pietersen,Royal Challengers Bangalore,0,1
63,R Bishnoi,Royal Challengers Bangalore,0,1
63,DW Steyn,Royal Challengers Bangalore,0,3
64,CH Gayle,Kolkata Knight Riders,44,26
64,Yuvraj Singh,Kings XI Punjab,38,28
64,IK Pathan,Kings XI Punjab,32,17
64,DPMD Jayawardene,Kings XI Punjab,31,19
64,KC Sangakkara,Kings XI Punjab,26,24
64,BB McCullum,Kolkata Knight Riders,21,16
64,RS Bopara,Kings XI Punjab,15,15
64,BJ Hodge,Kolkata Knight Riders,10,14
64,PP Chawla,Kings XI Punjab,3,6
64,T Kohli,Kings XI Punjab,1,4
64,K Goel,Kings XI Punjab,0,7
65,AC Gilchrist,Deccan Chargers,71,45
65,RG Sharma,Deccan Chargers,52,30
65,V Kohli,Royal Challengers Bangalore,50,32
65,R Dravid,Royal Challengers Bangalore,48,27
65,JH Kallis,Royal Challengers Bangalore,15,14
65,SB Styris,Deccan Chargers,14,8
65,P Kumar,Royal Challengers Bangalore,14,6
65,HH Gibbs,Deccan Chargers,13,7
65,RV Uthappa,Royal Challengers Bangalore,12,19
65,KP Pietersen,Royal Challengers Bangalore,11,15
65,Y Venugopal Rao,Deccan Chargers,9,13
65,DB Ravi Teja,Deccan Chargers,8,5
65,VVS Laxman,Deccan Chargers,5,10
65,FH Edwards,Deccan Chargers,3,2
65,R Bishnoi,Royal Challengers Bangalore,1,2
65,KV Sharma,Royal Challengers Bangalore,1,3
65,A Kumble,Royal Challengers Bangalore,1,1
65,JD Ryder,Royal Challengers Bangalore,0,1
66,AB de Villiers,Delhi Daredevils,105,54
66,ML Hayden,Chennai Super Kings,57,27
66,TM Dilshan,Delhi Daredevils,50,27
66,SK Raina,Chennai Super Kings,41,27
66,KD Karthik,Delhi Daredevils,18,16
66,PA Patel,Chennai Super Kings,16,15
66,A Flintoff,Chennai Super Kings,16,17
66,JA Morkel,Chennai Super Kings,13,14
66,MK Tiwary,Delhi Daredevils,9,13
66,S Badrinath,Chennai Super Kings,7,8
66,V Sehwag,Delhi Daredevils,6,9
66,MS Gony,Chennai Super Kings,6,2
66,MS Dhoni,Chennai Super Kings,5,7
66,Joginder Sharma,Chennai Super Kings,4,3
66,G Gambhir,Delhi Daredevils,0,1
66,M Muralitharan,Chennai Super Kings,0,1
67,YK Pathan,Rajasthan Royals,60,25
67,CH Gayle,Kolkata Knight Riders,54,38
67,SC Ganguly,Kolkata Knight Riders,46,30
67,AD Mascarenhas,Rajasthan Royals,27,28
67,RA Jadeja,Rajasthan Royals,22,26
67,AS Raut,Rajasthan Royals,21,13
67,Yashpal Singh,Kolkata Knight Riders,20,18
67,GC Smith,Rajasthan Royals,15,21
67,LR Shukla,Kolkata Knight Riders,13,13
67,RJ Quiney,Rajasthan Royals,6,2
67,PC Valthaty,Rajasthan Royals,5,7
67,BJ Hodge,Kolkata Knight Riders,5,7
67,BB McCullum,Kolkata Knight Riders,4,10
67,SK Warne,Rajasthan Royals,2,2
67,SB Bangar,Kolkata Knight Riders,2,9
67,AB Agarkar,Kolkata Knight Riders,1,1
67,I Sharma,Kolkata Knight Riders,1,1
68,RS Bopara,Kings XI Punjab,84,59
68,JH Kallis,Royal Challengers Bangalore,62,46
68,LRPL Taylor,Royal Challengers Bangalore,35,22
68,JD Ryder,Royal Challengers Bangalore,32,21
68,Yuvraj Singh,Kings XI Punjab,30,17
68,KC Sangakkara,Kings XI Punjab,26,18
68,K Goel,Kings XI Punjab,19,19
68,P Kumar,Royal Challengers Bangalore,13,7
68,R Dravid,Royal Challengers Bangalore,10,13
68,A Kumble,Royal Challengers Bangalore,5,3
68,V Kohli,Royal Challengers Bangalore,2,3
68,R Vinay Kumar,Royal Challengers Bangalore,1,1
68,DPMD Jayawardene,Kings XI Punjab,1,1
68,RV Uthappa,Royal Challengers Bangalore,0,1
68,KP Pietersen,Royal Challengers Bangalore,0,2
68,Pankaj Singh,Royal Challengers Bangalore,0,1
69,HH Gibbs,Deccan Chargers,58,44
69,JP Duminy,Mumbai Indians,47,40
69,SR Tendulkar,Mumbai Indians,36,27
69,AC Gilchrist,Deccan Chargers,35,20
69,DR Smith,Deccan Chargers,35,22
69,DJ Bravo,Mumbai Indians,21,18
69,Harbhajan Singh,Mumbai Indians,20,8
69,AM Nayar,Mumbai Indians,10,6
69,Y Venugopal Rao,Deccan Chargers,9,10
69,DB Ravi Teja,Deccan Chargers,9,9
69,RP Singh,Deccan Chargers,4,4
69,Z Khan,Mumbai Indians,4,6
69,RG Sharma,Deccan Chargers,3,5
69,S Dhawan,Mumbai Indians,3,7
69,FH Edwards,Deccan Chargers,1,3
69,ST Jayasuriya,Mumbai Indians,1,8
69,PR Shah,Mumbai Indians,1,1
69,VVS Laxman,Deccan Chargers,0,1
69,PP Ojha,Deccan Chargers,0,2
70,TM Dilshan,Delhi Daredevils,67,47
70,KP Pietersen,Royal Challengers Bangalore,37,25
70,MV Boucher,Royal Challengers Bangalore,36,28
70,LRPL Taylor,Royal Challengers Bangalore,31,34
70,M Manhas,Delhi Daredevils,23,13
70,V Kohli,Royal Challengers Bangalore,22,24
70,AB de Villiers,Delhi Daredevils,21,23
70,G Gambhir,Delhi Daredevils,16,19
70,KD Karthik,Delhi Daredevils,12,9
70,B Akhil,Royal Challengers Bangalore,8,4
70,V Sehwag,Delhi Daredevils,7,5
70,RV Uthappa,Royal Challengers Bangalore,3,4
70,Pankaj Singh,Royal Challengers Bangalore,1,1
70,JH Kallis,Royal Challengers Bangalore,0,1
71,KC Sangakkara,Kings XI Punjab,60,51
71,IK Pathan,Kings XI Punjab,39,33
71,RA Jadeja,Rajasthan Royals,37,44
71,SK Warne,Rajasthan Royals,34,33
71,RS Bopara,Kings XI Punjab,11,15
71,YK Pathan,Rajasthan Royals,10,13
71,DPMD Jayawardene,Kings XI Punjab,7,10
71,RJ Quiney,Rajasthan Royals,7,8
71,PP Chawla,Kings XI Punjab,6,6
71,AD Mascarenhas,Rajasthan Royals,4,2
71,M Rawat,Rajasthan Royals,4,6
71,SA Asnodkar,Rajasthan Royals,3,4
71,Yuvraj Singh,Kings XI Punjab,2,3
71,GC Smith,Rajasthan Royals,2,6
71,WA Mota,Kings XI Punjab,1,2
71,AS Raut,Rajasthan Royals,1,4
72,HH Gibbs,Deccan Chargers,69,56
72,ML Hayden,Chennai Super Kings,49,35
72,AC Gilchrist,Deccan Chargers,44,19
72,JDP Oram,Chennai Super Kings,41,29
72,SK Raina,Chennai Super Kings,25,19
72,MS Dhoni,Chennai Super Kings,22,22
72,RG Sharma,Deccan Chargers,18,19
72,JA Morkel,Chennai Super Kings,13,7
72,DR Smith,Deccan Chargers,12,5
72,AA Bilakhia,Deccan Chargers,12,14
72,S Badrinath,Chennai Super Kings,8,9
72,VVS Laxman,Deccan Chargers,4,5
72,PA Patel,Chennai Super Kings,0,2
73,SR Tendulkar,Mumbai Indians,68,45
73,ST Jayasuriya,Mumbai Indians,52,32
73,SC Ganguly,Kolkata Knight Riders,34,30
73,BJ Hodge,Kolkata Knight Riders,24,22
73,Harbhajan Singh,Mumbai Indians,18,8
73,JP Duminy,Mumbai Indians,18,14
73,S Dhawan,Mumbai Indians,12,10
73,CH Gayle,Kolkata Knight Riders,12,11
73,Yashpal Singh,Kolkata Knight Riders,8,8
73,LR Shukla,Kolkata Knight Riders,6,10
73,I Sharma,Kolkata Knight Riders,6,3
73,SS Tiwary,Mumbai Indians,4,3
73,AM Nayar,Mumbai Indians,3,3
73,DJ Bravo,Mumbai Indians,3,5
73,BB McCullum,Kolkata Knight Riders,1,6
73,AN Ghosh,Kolkata Knight Riders,0,1
73,BAW Mendis,Kolkata Knight Riders,0,1
73,AB Dinda,Kolkata Knight Riders,0,1
74,YK Pathan,Rajasthan Royals,62,30
74,AB de Villiers,Delhi Daredevils,50,40
74,GC Smith,Rajasthan Royals,44,46
74,DL Vettori,Delhi Daredevils,29,28
74,M Manhas,Delhi Daredevils,23,16
74,V Sehwag,Delhi Daredevils,16,11
74,RA Jadeja,Rajasthan Royals,16,13
74,SA Asnodkar,Rajasthan Royals,11,8
74,G Gambhir,Delhi Daredevils,8,6
74,TM Dilshan,Delhi Daredevils,7,10
74,KD Karthik,Delhi Daredevils,4,5
74,RJ Quiney,Rajasthan Royals,4,9
74,PJ Sangwan,Delhi Daredevils,1,1
74,PC Valthaty,Rajasthan Royals,1,5
74,A Mishra,Delhi Daredevils,0,4
74,SK Warne,Rajasthan Royals,0,2
75,MN van Wyk,Kolkata Knight Riders,43,35
75,SP Goswami,Royal Challengers Bangalore,43,46
75,CH Gayle,Kolkata Knight Riders,40,37
75,MV Boucher,Royal Challengers Bangalore,25,13
75,JH Kallis,Royal Challengers Bangalore,23,25
75,WP Saha,Kolkata Knight Riders,21,14
75,V Kohli,Royal Challengers Bangalore,19,12
75,BJ Hodge,Kolkata Knight Riders,17,15
75,KP Pietersen,Royal Challengers Bangalore,13,12
75,RE van der Merwe,Royal Challengers Bangalore,9,9
75,AB Agarkar,Kolkata Knight Riders,6,7
75,LR Shukla,Kolkata Knight Riders,2,3
75,MK Pandey,Royal Challengers Bangalore,2,2
75,SC Ganguly,Kolkata Knight Riders,1,8
75,BB McCullum,Kolkata Knight Riders,0,1
76,JP Duminy,Mumbai Indians,59,63
76,KC Sangakkara,Kings XI Punjab,45,44
76,DJ Bravo,Mumbai Indians,15,20
76,AM Nayar,Mumbai Indians,15,15
76,K Goel,Kings XI Punjab,12,12
76,Yuvraj Singh,Kings XI Punjab,10,13
76,RR Powar,Kings XI Punjab,10,10
76,DPMD Jayawardene,Kings XI Punjab,7,9
76,IK Pathan,Kings XI Punjab,7,10
76,RS Bopara,Kings XI Punjab,6,14
76,Harbhajan Singh,Mumbai Indians,6,5
76,SS Tiwary,Mumbai Indians,6,4
76,WA Mota,Kings XI Punjab,5,6
76,S Dhawan,Mumbai Indians,3,7
76,SR Tendulkar,Mumbai Indians,1,6
76,PP Chawla,Kings XI Punjab,0,2
76,ST Jayasuriya,Mumbai Indians,0,1
77,TM Dilshan,Delhi Daredevils,52,46
77,DR Smith,Deccan Chargers,48,28
77,KD Karthik,Delhi Daredevils,41,30
77,TL Suman,Deccan Chargers,23,14
77,AA Bilakhia,Deccan Chargers,22,27
77,V Sehwag,Delhi Daredevils,20,11
77,RG Sharma,Deccan Chargers,17,20
77,G Gambhir,Delhi Daredevils,17,15
77,Y Venugopal Rao,Deccan Chargers,16,15
77,AC Gilchrist,Deccan Chargers,8,5
77,AB de Villiers,Delhi Daredevils,5,9
77,M Manhas,Delhi Daredevils,3,2
77,RP Singh,Deccan Chargers,2,4
77,PP Ojha,Deccan Chargers,1,1
77,HH Gibbs,Deccan Chargers,0,4
77,Shoaib Ahmed,Deccan Chargers,0,3
78,SK Raina,Chennai Super Kings,98,55
78,RA Jadeja,Rajasthan Royals,37,33
78,S Badrinath,Chennai Super Kings,29,27
78,RJ Quiney,Rajasthan Royals,28,31
78,MS Dhoni,Chennai Super Kings,22,19
78,YK Pathan,Rajasthan Royals,20,13
78,SA Asnodkar,Rajasthan Royals,10,8
78,AD Mascarenhas,Rajasthan Royals,8,8
78,M Rawat,Rajasthan Royals,8,6
78,JA Morkel,Chennai Super Kings,4,1
78,PA Patel,Chennai Super Kings,3,11
78,SK Warne,Rajasthan Royals,3,9
78,JDP Oram,Chennai Super Kings,2,6
78,GC Smith,Rajasthan Royals,2,5
78,SK Trivedi,Rajasthan Royals,2,3
78,ML Hayden,Chennai Super Kings,1,2
78,MM Patel,Rajasthan Royals,0,1
79,BJ Hodge,Kolkata Knight Riders,73,60
79,JP Duminy,Mumbai Indians,52,37
79,SR Tendulkar,Mumbai Indians,34,30
79,MN van Wyk,Kolkata Knight Riders,32,35
79,GR Napier,Mumbai Indians,15,16
79,AM Nayar,Mumbai Indians,10,13
79,AM Rahane,Mumbai Indians,10,8
79,WP Saha,Kolkata Knight Riders,8,4
79,CH Gayle,Kolkata Knight Riders,7,7
79,ST Jayasuriya,Mumbai Indians,6,8
79,Harbhajan Singh,Mumbai Indians,6,7
79,LR Shukla,Kolkata Knight Riders,6,7
79,BB McCullum,Kolkata Knight Riders,5,7
79,Z Khan,Mumbai Indians,2,2
79,SC Ganguly,Kolkata Knight Riders,0,1
80,Yuvraj Singh,Kings XI Punjab,50,34
80,RE van der Merwe,Royal Challengers Bangalore,35,19
80,JH Kallis,Royal Challengers Bangalore,27,22
80,K Goel,Kings XI Punjab,20,29
80,RV Uthappa,Royal Challengers Bangalore,19,17
80,DPMD Jayawardene,Kings XI Punjab,19,15
80,R Bishnoi,Royal Challengers Bangalore,18,14
80,KC Sangakkara,Kings XI Punjab,17,23
80,V Kohli,Royal Challengers Bangalore,16,14
80,IK Pathan,Kings XI Punjab,12,9
80,SP Goswami,Royal Challengers Bangalore,10,14
80,P Kumar,Royal Challengers Bangalore,9,7
80,SM Katich,Kings XI Punjab,3,5
80,PP Chawla,Kings XI Punjab,3,4
80,JD Ryder,Royal Challengers Bangalore,2,5
80,MV Boucher,Royal Challengers Bangalore,2,4
80,A Kumble,Royal Challengers Bangalore,1,3
80,KP Appanna,Royal Challengers Bangalore,0,1
80,TM Srivastava,Kings XI Punjab,0,1
81,TL Suman,Deccan Chargers,41,30
81,AC Gilchrist,Deccan Chargers,39,35
81,LA Carseldine,Rajasthan Royals,39,32
81,RG Sharma,Deccan Chargers,38,32
81,AS Raut,Rajasthan Royals,36,23
81,YK Pathan,Rajasthan Royals,24,14
81,SK Warne,Rajasthan Royals,21,17
81,RA Jadeja,Rajasthan Royals,12,17
81,HH Gibbs,Deccan Chargers,8,10
81,DR Smith,Deccan Chargers,7,8
81,SM Harwood,Rajasthan Royals,3,7
81,AA Bilakhia,Deccan Chargers,1,5
81,GC Smith,Rajasthan Royals,0,2
81,SA Asnodkar,Rajasthan Royals,0,1
81,NV Ojha,Rajasthan Royals,0,6
82,KD Karthik,Delhi Daredevils,52,31
82,DA Warner,Delhi Daredevils,51,40
82,S Badrinath,Chennai Super Kings,45,34
82,SK Raina,Chennai Super Kings,32,21
82,ML Hayden,Chennai Super Kings,30,19
82,M Vijay,Chennai Super Kings,14,13
82,SB Jakati,Chennai Super Kings,13,8
82,G Gambhir,Delhi Daredevils,13,14
82,TM Dilshan,Delhi Daredevils,13,13
82,A Mishra,Delhi Daredevils,11,8
82,JA Morkel,Chennai Super Kings,6,4
82,MS Dhoni,Chennai Super Kings,6,7
82,JDP Oram,Chennai Super Kings,3,7
82,M Muralitharan,Chennai Super Kings,3,4
82,L Balaji,Chennai Super Kings,2,3
82,R Bhatia,Delhi Daredevils,2,7
82,AB de Villiers,Delhi Daredevils,0,1
82,M Manhas,Delhi Daredevils,0,4
82,PJ Sangwan,Delhi Daredevils,0,3
83,BJ Hodge,Kolkata Knight Riders,70,43
83,DPMD Jayawardene,Kings XI Punjab,52,41
83,SM Katich,Kings XI Punjab,34,28
83,S Sohal,Kings XI Punjab,25,17
83,SC Ganguly,Kolkata Knight Riders,22,17
83,BB McCullum,Kolkata Knight Riders,19,31
83,IK Pathan,Kings XI Punjab,19,16
83,MN van Wyk,Kolkata Knight Riders,18,12
83,CH Gayle,Kolkata Knight Riders,17,17
83,Yuvraj Singh,Kings XI Punjab,14,16
83,KC Sangakkara,Kings XI Punjab,0,2
84,JH Kallis,Royal Challengers Bangalore,69,59
84,RV Uthappa,Royal Challengers Bangalore,66,42
84,ST Jayasuriya,Mumbai Indians,52,43
84,DJ Bravo,Mumbai Indians,50,40
84,AM Nayar,Mumbai Indians,29,20
84,SR Tendulkar,Mumbai Indians,11,11
84,W Jaffer,Royal Challengers Bangalore,7,8
84,JP Duminy,Mumbai Indians,1,6
84,AM Rahane,Mumbai Indians,0,1
85,MS Dhoni,Chennai Super Kings,58,37
85,DR Smith,Deccan Chargers,49,23
85,ML Hayden,Chennai Super Kings,43,26
85,SK Raina,Chennai Super Kings,32,19
85,M Vijay,Chennai Super Kings,31,33
85,RG Sharma,Deccan Chargers,21,20
85,TL Suman,Deccan Chargers,17,17
85,JA Morkel,Chennai Super Kings,4,5
85,Y Venugopal Rao,Deccan Chargers,2,5
85,RP Singh,Deccan Chargers,2,6
85,RJ Harris,Deccan Chargers,1,4
85,Shoaib Ahmed,Deccan Chargers,1,2
85,AC Gilchrist,Deccan Chargers,0,1
85,VVS Laxman,Deccan Chargers,0,7
85,HH Gibbs,Deccan Chargers,0,2
85,PP Ojha,Deccan Chargers,0,2
86,GC Smith,Rajasthan Royals,77,44
86,NV Ojha,Rajasthan Royals,68,51
86,Yuvraj Singh,Kings XI Punjab,48,37
86,RA Jadeja,Rajasthan Royals,33,12
86,IK Pathan,Kings XI Punjab,19,17
86,LA Carseldine,Rajasthan Royals,16,9
86,YK Pathan,Rajasthan Royals,12,7
86,KC Sangakkara,Kings XI Punjab,11,15
86,SM Katich,Kings XI Punjab,10,13
86,DPMD Jayawardene,Kings XI Punjab,9,11
86,PP Chawla,Kings XI Punjab,6,7
86,RR Powar,Kings XI Punjab,6,7
86,S Sreesanth,Kings XI Punjab,4,8
86,AS Raut,Rajasthan Royals,1,1
86,K Goel,Kings XI Punjab,1,4
86,S Sohal,Kings XI Punjab,0,1
87,MN van Wyk,Kolkata Knight Riders,74,48
87,G Gambhir,Delhi Daredevils,71,57
87,TM Dilshan,Delhi Daredevils,42,34
87,DA Warner,Delhi Daredevils,36,23
87,BB McCullum,Kolkata Knight Riders,35,29
87,MC Henriques,Kolkata Knight Riders,30,24
87,BJ Hodge,Kolkata Knight Riders,10,19
87,WP Saha,Kolkata Knight Riders,1,1
88,JP Duminy,Mumbai Indians,52,48
88,RG Sharma,Deccan Chargers,38,36
88,PR Shah,Mumbai Indians,29,19
88,Y Venugopal Rao,Deccan Chargers,28,17
88,AC Gilchrist,Deccan Chargers,25,29
88,TL Suman,Deccan Chargers,20,13
88,DR Smith,Deccan Chargers,16,12
88,DJ Bravo,Mumbai Indians,13,16
88,RR Raje,Mumbai Indians,11,7
88,DS Kulkarni,Mumbai Indians,7,9
88,RJ Harris,Deccan Chargers,5,4
88,ST Jayasuriya,Mumbai Indians,5,7
88,DB Ravi Teja,Deccan Chargers,4,4
88,SS Tiwary,Mumbai Indians,3,5
88,SR Tendulkar,Mumbai Indians,2,4
88,AM Nayar,Mumbai Indians,1,4
88,HH Gibbs,Deccan Chargers,0,5
88,Harbhajan Singh,Mumbai Indians,0,1
89,NV Ojha,Rajasthan Royals,52,38
89,YK Pathan,Rajasthan Royals,22,19
89,GC Smith,Rajasthan Royals,20,22
89,RV Uthappa,Royal Challengers Bangalore,17,20
89,V Kohli,Royal Challengers Bangalore,15,22
89,RE van der Merwe,Royal Challengers Bangalore,15,16
89,R Vinay Kumar,Royal Challengers Bangalore,12,13
89,JH Kallis,Royal Challengers Bangalore,10,14
89,D du Preez,Royal Challengers Bangalore,10,13
89,LA Carseldine,Rajasthan Royals,9,8
89,W Jaffer,Royal Challengers Bangalore,8,9
89,P Kumar,Royal Challengers Bangalore,7,4
89,MV Boucher,Royal Challengers Bangalore,6,8
89,RA Jadeja,Rajasthan Royals,1,3
89,R Dravid,Royal Challengers Bangalore,0,2
90,ML Hayden,Chennai Super Kings,89,58
90,Yuvraj Singh,Kings XI Punjab,58,36
90,MS Dhoni,Chennai Super Kings,56,27
90,SM Katich,Kings XI Punjab,50,25
90,DPMD Jayawardene,Kings XI Punjab,44,25
90,SK Raina,Chennai Super Kings,32,20
90,K Goel,Kings XI Punjab,14,20
90,JA Morkel,Chennai Super Kings,2,2
90,S Sohal,Kings XI Punjab,2,2
90,S Badrinath,Chennai Super Kings,0,1
91,AB de Villiers,Delhi Daredevils,50,38
91,DJ Bravo,Mumbai Indians,35,30
91,DA Warner,Delhi Daredevils,21,30
91,G Gambhir,Delhi Daredevils,19,23
91,AM Nayar,Mumbai Indians,18,28
91,TM Dilshan,Delhi Daredevils,17,19
91,SR Tendulkar,Mumbai Indians,15,14
91,AM Rahane,Mumbai Indians,12,12
91,PR Shah,Mumbai Indians,11,20
91,Harbhajan Singh,Mumbai Indians,10,6
91,KD Karthik,Delhi Daredevils,5,3
91,RR Raje,Mumbai Indians,1,2
91,DS Kulkarni,Mumbai Indians,1,4
91,L Ronchi,Mumbai Indians,0,2
91,JP Duminy,Mumbai Indians,0,4
92,A Symonds,Deccan Chargers,60,36
92,DPMD Jayawardene,Kings XI Punjab,43,28
92,Y Venugopal Rao,Deccan Chargers,32,25
92,S Sohal,Kings XI Punjab,30,17
92,TL Suman,Deccan Chargers,27,17
92,KC Sangakkara,Kings XI Punjab,25,18
92,AC Gilchrist,Deccan Chargers,20,16
92,Yuvraj Singh,Kings XI Punjab,18,13
92,B Lee,Kings XI Punjab,14,10
92,HH Gibbs,Deccan Chargers,13,13
92,IK Pathan,Kings XI Punjab,10,12
92,RG Sharma,Deccan Chargers,9,15
92,SM Katich,Kings XI Punjab,9,11
92,PP Chawla,Kings XI Punjab,8,6
92,WA Mota,Kings XI Punjab,3,4
93,S Badrinath,Chennai Super Kings,59,41
93,ML Hayden,Chennai Super Kings,48,44
93,GC Smith,Rajasthan Royals,30,33
93,RA Jadeja,Rajasthan Royals,27,19
93,SA Asnodkar,Rajasthan Royals,26,25
93,SK Warne,Rajasthan Royals,21,11
93,SK Raina,Chennai Super Kings,13,11
93,M Vijay,Chennai Super Kings,10,12
93,LA Carseldine,Rajasthan Royals,9,8
93,YK Pathan,Rajasthan Royals,7,11
93,AS Raut,Rajasthan Royals,7,5
93,SM Harwood,Rajasthan Royals,6,7
93,JDP Oram,Chennai Super Kings,1,2
93,NV Ojha,Rajasthan Royals,0,2
94,AM Rahane,Mumbai Indians,62,49
94,JP Duminy,Mumbai Indians,59,41
94,MV Boucher,Royal Challengers Bangalore,48,33
94,ST Jayasuriya,Mumbai Indians,29,27
94,V Kohli,Royal Challengers Bangalore,20,22
94,LRPL Taylor,Royal Challengers Bangalore,16,16
94,JH Kallis,Royal Challengers Bangalore,12,10
94,R Dravid,Royal Challengers Bangalore,10,12
94,R Vinay Kumar,Royal Challengers Bangalore,7,12
94,A Kumble,Royal Challengers Bangalore,7,6
94,RV Uthappa,Royal Challengers Bangalore,4,5
94,RE van der Merwe,Royal Challengers Bangalore,3,4
94,SR Tendulkar,Mumbai Indians,0,3
95,SC Ganguly,Kolkata Knight Riders,44,45
95,AB de Villiers,Delhi Daredevils,40,32
95,AB Agarkar,Kolkata Knight Riders,39,29
95,DA Warner,Delhi Daredevils,36,23
95,G Gambhir,Delhi Daredevils,18,24
95,KD Karthik,Delhi Daredevils,17,22
95,Yashpal Singh,Kolkata Knight Riders,13,20
95,M Kartik,Kolkata Knight Riders,11,10
95,BB McCullum,Kolkata Knight Riders,6,3
95,MC Henriques,Kolkata Knight Riders,2,8
95,TM Dilshan,Delhi Daredevils,1,2
95,BJ Hodge,Kolkata Knight Riders,0,3
95,MN van Wyk,Kolkata Knight Riders,0,2
95,WP Saha,Kolkata Knight Riders,0,1
96,DR Smith,Deccan Chargers,47,32
96,SA Asnodkar,Rajasthan Royals,44,39
96,A Symonds,Deccan Chargers,30,19
96,TL Suman,Deccan Chargers,29,19
96,WPUJC Vaas,Deccan Chargers,20,15
96,RA Jadeja,Rajasthan Royals,19,20
96,NV Ojha,Rajasthan Royals,16,14
96,Y Venugopal Rao,Deccan Chargers,12,7
96,AC Gilchrist,Deccan Chargers,10,11
96,RG Sharma,Deccan Chargers,9,14
96,LA Carseldine,Rajasthan Royals,8,11
96,M Morkel,Rajasthan Royals,8,8
96,DB Ravi Teja,Deccan Chargers,7,3
96,YK Pathan,Rajasthan Royals,6,7
96,MM Patel,Rajasthan Royals,5,7
96,GC Smith,Rajasthan Royals,1,3
96,AS Raut,Rajasthan Royals,1,2
96,SK Trivedi,Rajasthan Royals,1,5
96,SK Warne,Rajasthan Royals,0,1
97,BB McCullum,Kolkata Knight Riders,84,64
97,LRPL Taylor,Royal Challengers Bangalore,81,33
97,DJ Hussey,Kolkata Knight Riders,43,27
97,JH Kallis,Royal Challengers Bangalore,32,34
97,JD Ryder,Royal Challengers Bangalore,22,20
97,AD Mathews,Kolkata Knight Riders,16,13
97,MV Boucher,Royal Challengers Bangalore,13,10
97,R Dravid,Royal Challengers Bangalore,12,12
97,WP Saha,Kolkata Knight Riders,10,5
97,AN Ghosh,Kolkata Knight Riders,7,7
97,RV Uthappa,Royal Challengers Bangalore,7,9
97,SC Ganguly,Kolkata Knight Riders,4,6
98,DJ Bravo,Mumbai Indians,70,59
98,S Sohal,Kings XI Punjab,43,23
98,SR Tendulkar,Mumbai Indians,41,29
98,K Goel,Kings XI Punjab,20,21
98,Yuvraj Singh,Kings XI Punjab,12,18
98,KC Sangakkara,Kings XI Punjab,8,19
98,B Lee,Kings XI Punjab,8,12
98,LA Pomersbach,Kings XI Punjab,5,7
98,WA Mota,Kings XI Punjab,4,7
98,ST Jayasuriya,Mumbai Indians,4,7
98,S Sreesanth,Kings XI Punjab,1,10
98,AM Rahane,Mumbai Indians,1,5
98,SM Katich,Kings XI Punjab,0,2
98,IK Pathan,Kings XI Punjab,0,3
99,AC Gilchrist,Deccan Chargers,64,33
99,AB de Villiers,Delhi Daredevils,44,36
99,KD Karthik,Delhi Daredevils,44,23
99,A Symonds,Deccan Chargers,41,22
99,TM Dilshan,Delhi Daredevils,37,18
99,DB Ravi Teja,Deccan Chargers,27,34
99,G Gambhir,Delhi Daredevils,19,25
99,V Sehwag,Delhi Daredevils,11,10
99,WPUJC Vaas,Deccan Chargers,10,6
99,RG Sharma,Deccan Chargers,6,7
99,DA Warner,Delhi Daredevils,4,6
99,TL Suman,Deccan Chargers,3,7
99,A Mishra,Delhi Daredevils,2,3
99,DR Smith,Deccan Chargers,1,2
99,Y Venugopal Rao,Deccan Chargers,1,3
99,R Bhatia,Delhi Daredevils,0,1
99,RP Singh,Deccan Chargers,0,1
99,PP Ojha,Deccan Chargers,0,2
99,Shoaib Ahmed,Deccan Chargers,0,1
100,ML Hayden,Chennai Super Kings,60,38
100,LRPL Taylor,Royal Challengers Bangalore,46,50
100,V Kohli,Royal Challengers Bangalore,38,35
100,MS Dhoni,Chennai Super Kings,18,20
100,SK Raina,Chennai Super Kings,13,10
100,P Kumar,Royal Challengers Bangalore,12,6
100,JA Morkel,Chennai Super Kings,9,7
100,R Dravid,Royal Challengers Bangalore,8,7
100,JDP Oram,Chennai Super Kings,7,15
100,SB Jakati,Chennai Super Kings,7,7
100,RV Uthappa,Royal Challengers Bangalore,6,4
100,R Vinay Kumar,Royal Challengers Bangalore,6,2
100,M Vijay,Chennai Super Kings,5,9
100,MV Boucher,Royal Challengers Bangalore,5,5
100,M Muralitharan,Chennai Super Kings,4,2
100,RE van der Merwe,Royal Challengers Bangalore,3,6
100,S Badrinath,Chennai Super Kings,2,9
100,L Balaji,Chennai Super Kings,0,1
100,JH Kallis,Royal Challengers Bangalore,0,1
100,B Akhil,Royal Challengers Bangalore,0,2
101,RJ Quiney,Rajasthan Royals,51,40
101,RA Jadeja,Rajasthan Royals,42,32
101,SR Tendulkar,Mumbai Indians,40,30
101,AM Nayar,Mumbai Indians,35,18
101,GC Smith,Rajasthan Royals,19,19
101,YV Takawale,Mumbai Indians,18,22
101,YK Pathan,Rajasthan Royals,17,14
101,ST Jayasuriya,Mumbai Indians,16,21
101,Harbhajan Singh,Mumbai Indians,7,8
101,SD Chitnis,Rajasthan Royals,6,8
101,JP Duminy,Mumbai Indians,4,5
101,AM Rahane,Mumbai Indians,3,7
101,J Botha,Rajasthan Royals,2,3
101,NV Ojha,Rajasthan Royals,1,4
101,DJ Bravo,Mumbai Indians,1,3
101,DS Kulkarni,Mumbai Indians,1,4
101,C Nanda,Mumbai Indians,0,1
101,SL Malinga,Mumbai Indians,0,1
102,KC Sangakkara,Kings XI Punjab,43,47
102,KD Karthik,Delhi Daredevils,32,29
102,M Manhas,Delhi Daredevils,26,25
102,IK Pathan,Kings XI Punjab,21,11
102,SM Katich,Kings XI Punjab,20,10
102,Yuvraj Singh,Kings XI Punjab,18,31
102,AB de Villiers,Delhi Daredevils,11,11
102,TM Dilshan,Delhi Daredevils,10,19
102,V Sehwag,Delhi Daredevils,9,8
102,LA Pomersbach,Kings XI Punjab,9,8
102,G Gambhir,Delhi Daredevils,8,11
102,PJ Sangwan,Delhi Daredevils,5,5
102,MF Maharoof,Delhi Daredevils,3,8
102,S Sohal,Kings XI Punjab,3,12
102,DL Vettori,Delhi Daredevils,1,2
102,A Nehra,Delhi Daredevils,1,1
102,R Bhatia,Delhi Daredevils,0,1
103,JP Duminy,Mumbai Indians,62,54
103,ML Hayden,Chennai Super Kings,60,57
103,AM Nayar,Mumbai Indians,33,27
103,ST Jayasuriya,Mumbai Indians,30,17
103,MS Dhoni,Chennai Super Kings,23,22
103,S Badrinath,Chennai Super Kings,22,23
103,SK Raina,Chennai Super Kings,20,12
103,SR Tendulkar,Mumbai Indians,11,14
103,DJ Bravo,Mumbai Indians,5,8
103,Harbhajan Singh,Mumbai Indians,1,1
103,PA Patel,Chennai Super Kings,0,1
104,BJ Hodge,Kolkata Knight Riders,48,41
104,DJ Hussey,Kolkata Knight Riders,43,17
104,AC Gilchrist,Deccan Chargers,43,31
104,SC Ganguly,Kolkata Knight Riders,33,41
104,RG Sharma,Deccan Chargers,32,13
104,TL Suman,Deccan Chargers,31,24
104,HH Gibbs,Deccan Chargers,28,34
104,BB McCullum,Kolkata Knight Riders,20,18
104,A Symonds,Deccan Chargers,18,13
104,WP Saha,Kolkata Knight Riders,7,3
104,Y Venugopal Rao,Deccan Chargers,7,7
104,Mashrafe Mortaza,Kolkata Knight Riders,2,2
105,KC Sangakkara,Kings XI Punjab,56,43
105,RG Sharma,Deccan Chargers,42,26
105,HH Gibbs,Deccan Chargers,26,37
105,A Symonds,Deccan Chargers,25,25
105,AC Gilchrist,Deccan Chargers,23,13
105,Yuvraj Singh,Kings XI Punjab,20,18
105,IK Pathan,Kings XI Punjab,17,11
105,WA Mota,Kings XI Punjab,12,19
105,SM Katich,Kings XI Punjab,11,10
105,DB Ravi Teja,Deccan Chargers,10,15
105,S Sohal,Kings XI Punjab,9,12
105,RJ Harris,Deccan Chargers,2,2
105,LA Pomersbach,Kings XI Punjab,1,2
105,PP Chawla,Kings XI Punjab,1,1
105,B Lee,Kings XI Punjab,0,5
105,TL Suman,Deccan Chargers,0,1
105,Y Venugopal Rao,Deccan Chargers,0,1
105,RP Singh,Deccan Chargers,0,2
106,AB de Villiers,Delhi Daredevils,79,55
106,J Botha,Rajasthan Royals,37,31
106,TM Dilshan,Delhi Daredevils,33,41
106,RA Jadeja,Rajasthan Royals,24,18
106,KD Karthik,Delhi Daredevils,23,11
106,MM Patel,Rajasthan Royals,23,10
106,AS Raut,Rajasthan Royals,11,13
106,NV Ojha,Rajasthan Royals,9,17
106,G Gambhir,Delhi Daredevils,8,8
106,RJ Quiney,Rajasthan Royals,6,10
106,SK Trivedi,Rajasthan Royals,6,10
106,SK Warne,Rajasthan Royals,6,3
106,V Sehwag,Delhi Daredevils,2,8
106,YK Pathan,Rajasthan Royals,1,5
106,GC Smith,Rajasthan Royals,0,4
106,A Singh,Rajasthan Royals,0,1
107,BB McCullum,Kolkata Knight Riders,81,48
107,BJ Hodge,Kolkata Knight Riders,71,44
107,SK Raina,Chennai Super Kings,52,36
107,MS Dhoni,Chennai Super Kings,40,28
107,GJ Bailey,Chennai Super Kings,30,27
107,PA Patel,Chennai Super Kings,25,19
107,WP Saha,Kolkata Knight Riders,25,13
107,JA Morkel,Chennai Super Kings,21,10
107,SC Ganguly,Kolkata Knight Riders,4,14
107,DJ Hussey,Kolkata Knight Riders,3,2
108,JH Kallis,Royal Challengers Bangalore,58,56
108,R Dravid,Royal Challengers Bangalore,38,34
108,KD Karthik,Delhi Daredevils,31,29
108,AB de Villiers,Delhi Daredevils,28,29
108,G Gambhir,Delhi Daredevils,27,19
108,LRPL Taylor,Royal Challengers Bangalore,25,12
108,Y Nagar,Delhi Daredevils,20,20
108,MF Maharoof,Delhi Daredevils,18,13
108,MV Boucher,Royal Challengers Bangalore,10,9
108,DL Vettori,Delhi Daredevils,4,2
108,AB McDonald,Delhi Daredevils,3,4
108,RV Uthappa,Royal Challengers Bangalore,1,5
108,V Sehwag,Delhi Daredevils,0,2
108,M Manhas,Delhi Daredevils,0,2
109,LR Shukla,Kolkata Knight Riders,48,46
109,NV Ojha,Rajasthan Royals,22,12
109,SK Warne,Rajasthan Royals,18,29
109,NK Patel,Rajasthan Royals,14,22
109,RA Jadeja,Rajasthan Royals,14,19
109,AB Agarkar,Kolkata Knight Riders,13,17
109,YK Pathan,Rajasthan Royals,9,15
109,BB McCullum,Kolkata Knight Riders,9,4
109,DJ Hussey,Kolkata Knight Riders,9,13
109,J Botha,Rajasthan Royals,8,6
109,Yashpal Singh,Kolkata Knight Riders,6,20
109,BJ Hodge,Kolkata Knight Riders,6,8
109,SS Shaikh,Kolkata Knight Riders,6,7
109,MM Patel,Rajasthan Royals,5,6
109,SA Asnodkar,Rajasthan Royals,4,6
109,RJ Quiney,Rajasthan Royals,1,2
109,A Singh,Rajasthan Royals,1,2
109,T Henderson,Rajasthan Royals,0,1
109,SC Ganguly,Kolkata Knight Riders,0,3
110,PA Patel,Chennai Super Kings,32,23
110,LA Pomersbach,Kings XI Punjab,26,32
110,SK Raina,Chennai Super Kings,20,21
110,JDP Oram,Chennai Super Kings,17,21
110,GJ Bailey,Chennai Super Kings,15,12
110,IK Pathan,Kings XI Punjab,14,12
110,R Ashwin,Chennai Super Kings,8,15
110,SM Katich,Kings XI Punjab,8,13
110,MS Gony,Chennai Super Kings,7,5
110,KC Sangakkara,Kings XI Punjab,7,9
110,RR Powar,Kings XI Punjab,7,5
110,Yuvraj Singh,Kings XI Punjab,6,19
110,B Lee,Kings XI Punjab,6,7
110,WA Mota,Kings XI Punjab,5,10
110,S Badrinath,Chennai Super Kings,4,9
110,PP Chawla,Kings XI Punjab,4,4
110,S Sohal,Kings XI Punjab,3,9
110,MS Dhoni,Chennai Super Kings,2,2
110,L Balaji,Chennai Super Kings,2,6
110,T Thushara,Chennai Super Kings,1,5
110,M Muralitharan,Chennai Super Kings,1,1
111,AM Rahane,Mumbai Indians,56,41
111,V Sehwag,Delhi Daredevils,50,27
111,G Gambhir,Delhi Daredevils,47,38
111,SR Tendulkar,Mumbai Indians,46,41
111,TM Dilshan,Delhi Daredevils,24,14
111,DA Warner,Delhi Daredevils,15,9
111,A Mishra,Delhi Daredevils,13,4
111,PR Shah,Mumbai Indians,12,11
111,Harbhajan Singh,Mumbai Indians,12,7
111,JP Duminy,Mumbai Indians,9,6
111,AB de Villiers,Delhi Daredevils,6,6
111,AM Nayar,Mumbai Indians,4,4
111,Mohammad Ashraful,Mumbai Indians,2,10
111,R Bhatia,Delhi Daredevils,2,7
111,ST Jayasuriya,Mumbai Indians,0,1
111,KD Karthik,Delhi Daredevils,0,1
112,MK Pandey,Royal Challengers Bangalore,114,73
112,HH Gibbs,Deccan Chargers,60,43
112,RE van der Merwe,Royal Challengers Bangalore,23,18
112,V Kohli,Royal Challengers Bangalore,19,9
112,A Symonds,Deccan Chargers,18,15
112,AA Bilakhia,Deccan Chargers,16,8
112,AC Gilchrist,Deccan Chargers,15,18
112,TL Suman,Deccan Chargers,12,12
112,RG Sharma,Deccan Chargers,12,12
112,Y Venugopal Rao,Deccan Chargers,8,9
112,R Dravid,Royal Challengers Bangalore,6,9
112,JH Kallis,Royal Challengers Bangalore,5,7
112,RJ Harris,Deccan Chargers,4,3
112,LRPL Taylor,Royal Challengers Bangalore,1,4
113,AC Gilchrist,Deccan Chargers,85,35
113,TM Dilshan,Delhi Daredevils,65,51
113,V Sehwag,Delhi Daredevils,39,31
113,AB de Villiers,Delhi Daredevils,26,21
113,TL Suman,Deccan Chargers,24,25
113,A Symonds,Deccan Chargers,24,15
113,AA Bilakhia,Deccan Chargers,10,20
113,KD Karthik,Delhi Daredevils,9,8
113,RG Sharma,Deccan Chargers,5,11
113,R Bhatia,Delhi Daredevils,4,2
113,G Gambhir,Delhi Daredevils,0,5
113,DA Warner,Delhi Daredevils,0,1
113,A Mishra,Delhi Daredevils,0,1
113,PJ Sangwan,Delhi Daredevils,0,1
113,HH Gibbs,Deccan Chargers,0,2
114,MK Pandey,Royal Challengers Bangalore,48,35
114,R Dravid,Royal Challengers Bangalore,44,39
114,PA Patel,Chennai Super Kings,36,27
114,MS Dhoni,Chennai Super Kings,28,30
114,ML Hayden,Chennai Super Kings,26,19
114,V Kohli,Royal Challengers Bangalore,24,17
114,SK Raina,Chennai Super Kings,20,19
114,JA Morkel,Chennai Super Kings,20,17
114,LRPL Taylor,Royal Challengers Bangalore,17,12
114,JDP Oram,Chennai Super Kings,9,7
114,JH Kallis,Royal Challengers Bangalore,9,7
114,RE van der Merwe,Royal Challengers Bangalore,2,5
114,S Badrinath,Chennai Super Kings,1,1
115,HH Gibbs,Deccan Chargers,53,48
115,A Symonds,Deccan Chargers,33,21
115,RE van der Merwe,Royal Challengers Bangalore,32,21
115,LRPL Taylor,Royal Challengers Bangalore,27,20
115,RG Sharma,Deccan Chargers,24,23
115,RV Uthappa,Royal Challengers Bangalore,17,15
115,JH Kallis,Royal Challengers Bangalore,15,17
115,TL Suman,Deccan Chargers,10,11
115,RJ Harris,Deccan Chargers,9,5
115,R Dravid,Royal Challengers Bangalore,9,13
115,R Vinay Kumar,Royal Challengers Bangalore,8,8
115,V Kohli,Royal Challengers Bangalore,7,8
115,AA Bilakhia,Deccan Chargers,6,7
115,MV Boucher,Royal Challengers Bangalore,5,6
115,MK Pandey,Royal Challengers Bangalore,4,8
115,P Kumar,Royal Challengers Bangalore,2,3
115,A Kumble,Royal Challengers Bangalore,1,1
115,AC Gilchrist,Deccan Chargers,0,3
115,Y Venugopal Rao,Deccan Chargers,0,2
116,AD Mathews,Kolkata Knight Riders,65,46
116,OA Shah,Kolkata Knight Riders,58,46
116,AC Gilchrist,Deccan Chargers,54,35
116,VVS Laxman,Deccan Chargers,22,14
116,HH Gibbs,Deccan Chargers,19,24
116,Anirudh Singh,Deccan Chargers,14,14
116,BJ Hodge,Kolkata Knight Riders,13,9
116,RG Sharma,Deccan Chargers,13,12
116,CA Pujara,Kolkata Knight Riders,10,16
116,TL Suman,Deccan Chargers,7,9
116,A Symonds,Deccan Chargers,5,9
116,Jaskaran Singh,Deccan Chargers,4,4
116,MK Tiwary,Kolkata Knight Riders,0,1
116,SC Ganguly,Kolkata Knight Riders,0,3
116,WPUJC Vaas,Deccan Chargers,0,1
117,YK Pathan,Rajasthan Royals,100,37
117,AT Rayudu,Mumbai Indians,55,33
117,SS Tiwary,Mumbai Indians,53,33
117,P Dogra,Rajasthan Royals,41,29
117,GC Smith,Rajasthan Royals,26,22
117,ST Jayasuriya,Mumbai Indians,23,14
117,AP Tare,Mumbai Indians,23,13
117,SR Tendulkar,Mumbai Indians,17,11
117,AA Jhunjhunwala,Rajasthan Royals,14,11
117,NV Ojha,Rajasthan Royals,12,12
117,R McLaren,Mumbai Indians,11,5
117,AD Mascarenhas,Rajasthan Royals,9,7
117,Harbhajan Singh,Mumbai Indians,8,6
117,R Sathish,Mumbai Indians,6,5
117,SK Warne,Rajasthan Royals,1,1
117,A Uniyal,Rajasthan Royals,0,1
118,G Gambhir,Delhi Daredevils,72,54
118,RS Bopara,Kings XI Punjab,56,48
118,M Manhas,Delhi Daredevils,31,24
118,IK Pathan,Kings XI Punjab,21,16
118,KD Karthik,Delhi Daredevils,20,18
118,KC Sangakkara,Kings XI Punjab,17,9
118,S Sreesanth,Kings XI Punjab,15,14
118,V Sehwag,Delhi Daredevils,8,6
118,AB de Villiers,Delhi Daredevils,7,13
118,M Kaif,Kings XI Punjab,6,6
118,PP Chawla,Kings XI Punjab,5,7
118,Yuvraj Singh,Kings XI Punjab,4,5
118,RR Powar,Kings XI Punjab,3,7
118,MS Bisla,Kings XI Punjab,2,6
118,MF Maharoof,Delhi Daredevils,1,1
118,DPMD Jayawardene,Kings XI Punjab,0,1
118,YA Abdulla,Kings XI Punjab,0,1
118,TM Dilshan,Delhi Daredevils,0,3
119,JH Kallis,Royal Challengers Bangalore,65,52
119,BJ Hodge,Kolkata Knight Riders,50,45
119,MK Tiwary,Kolkata Knight Riders,50,29
119,SC Ganguly,Kolkata Knight Riders,23,22
119,R Dravid,Royal Challengers Bangalore,21,16
119,RV Uthappa,Royal Challengers Bangalore,20,17
119,EJG Morgan,Royal Challengers Bangalore,10,7
119,SP Goswami,Royal Challengers Bangalore,8,10
119,CA Pujara,Kolkata Knight Riders,5,15
119,P Kumar,Royal Challengers Bangalore,3,5
119,V Kohli,Royal Challengers Bangalore,2,5
119,OA Shah,Kolkata Knight Riders,2,5
119,RE van der Merwe,Royal Challengers Bangalore,1,2
119,MK Pandey,Royal Challengers Bangalore,0,7
120,A Symonds,Deccan Chargers,50,43
120,HH Gibbs,Deccan Chargers,45,36
120,MS Dhoni,Chennai Super Kings,42,29
120,JA Morkel,Chennai Super Kings,42,26
120,AC Gilchrist,Deccan Chargers,38,17
120,JM Kemp,Chennai Super Kings,22,16
120,RG Sharma,Deccan Chargers,19,10
120,ML Hayden,Chennai Super Kings,17,11
120,L Balaji,Chennai Super Kings,15,10
120,VVS Laxman,Deccan Chargers,12,11
120,TL Suman,Deccan Chargers,10,5
120,SK Raina,Chennai Super Kings,6,3
120,S Badrinath,Chennai Super Kings,5,12
120,M Vijay,Chennai Super Kings,3,6
120,S Tyagi,Chennai Super Kings,3,4
120,M Muralitharan,Chennai Super Kings,1,2
120,R Ashwin,Chennai Super Kings,0,1
121,V Sehwag,Delhi Daredevils,75,34
121,AA Jhunjhunwala,Rajasthan Royals,53,45
121,P Dogra,Rajasthan Royals,29,26
121,NV Ojha,Rajasthan Royals,24,14
121,KD Karthik,Delhi Daredevils,23,26
121,GC Smith,Rajasthan Royals,18,17
121,AB de Villiers,Delhi Daredevils,15,24
121,M Manhas,Delhi Daredevils,11,10
121,G Gambhir,Delhi Daredevils,9,8
121,SA Asnodkar,Rajasthan Royals,5,4
121,A Uniyal,Rajasthan Royals,4,6
121,AD Mascarenhas,Rajasthan Royals,3,3
121,YK Pathan,Rajasthan Royals,0,5
121,TM Dilshan,Delhi Daredevils,0,1
122,JH Kallis,Royal Challengers Bangalore,89,55
122,RS Bopara,Kings XI Punjab,77,50
122,MS Bisla,Kings XI Punjab,75,51
122,RV Uthappa,Royal Challengers Bangalore,51,21
122,MK Pandey,Royal Challengers Bangalore,38,26
122,DPMD Jayawardene,Kings XI Punjab,26,13
122,V Kohli,Royal Challengers Bangalore,16,12
122,Yuvraj Singh,Kings XI Punjab,9,6
122,IK Pathan,Kings XI Punjab,3,1
123,MS Dhoni,Chennai Super Kings,66,33
123,S Badrinath,Chennai Super Kings,43,33
123,M Vijay,Chennai Super Kings,33,26
123,WP Saha,Kolkata Knight Riders,22,13
123,M Kartik,Kolkata Knight Riders,21,20
123,LR Shukla,Kolkata Knight Riders,19,16
123,SK Raina,Chennai Super Kings,18,20
123,SC Ganguly,Kolkata Knight Riders,11,20
123,MK Tiwary,Kolkata Knight Riders,8,3
123,AD Mathews,Kolkata Knight Riders,6,13
123,I Sharma,Kolkata Knight Riders,6,15
123,OA Shah,Kolkata Knight Riders,5,4
123,RS Gavaskar,Kolkata Knight Riders,2,8
123,ML Hayden,Chennai Super Kings,1,8
123,SE Bond,Kolkata Knight Riders,1,2
123,BJ Hodge,Kolkata Knight Riders,0,2
124,SR Tendulkar,Mumbai Indians,63,32
124,SS Tiwary,Mumbai Indians,61,37
124,AT Rayudu,Mumbai Indians,34,21
124,MF Maharoof,Delhi Daredevils,28,18
124,V Sehwag,Delhi Daredevils,26,16
124,AP Tare,Mumbai Indians,17,10
124,TM Dilshan,Delhi Daredevils,17,12
124,KD Karthik,Delhi Daredevils,16,6
124,AB de Villiers,Delhi Daredevils,11,11
124,KA Pollard,Mumbai Indians,10,8
124,DJ Bravo,Mumbai Indians,9,4
124,ST Jayasuriya,Mumbai Indians,7,10
124,PJ Sangwan,Delhi Daredevils,4,9
124,A Mishra,Delhi Daredevils,3,5
124,DP Nannes,Delhi Daredevils,3,11
124,M Manhas,Delhi Daredevils,1,3
124,S Ladda,Delhi Daredevils,0,8
125,JH Kallis,Royal Challengers Bangalore,44,34
125,MK Pandey,Royal Challengers Bangalore,42,30
125,YK Pathan,Rajasthan Royals,26,24
125,DR Martyn,Rajasthan Royals,19,24
125,NV Ojha,Rajasthan Royals,16,18
125,MJ Lumb,Rajasthan Royals,10,18
125,AA Jhunjhunwala,Rajasthan Royals,5,7
125,SK Warne,Rajasthan Royals,4,7
125,P Dogra,Rajasthan Royals,3,9
125,M Morkel,Rajasthan Royals,2,9
125,S Narwal,Rajasthan Royals,0,1
125,MM Patel,Rajasthan Royals,0,2
125,SK Trivedi,Rajasthan Royals,0,1
126,ML Hayden,Chennai Super Kings,93,43
126,V Sehwag,Delhi Daredevils,74,38
126,SK Raina,Chennai Super Kings,49,34
126,M Manhas,Delhi Daredevils,32,22
126,R Bhatia,Delhi Daredevils,21,9
126,KD Karthik,Delhi Daredevils,19,14
126,TM Dilshan,Delhi Daredevils,15,24
126,S Badrinath,Chennai Super Kings,14,15
126,M Vijay,Chennai Super Kings,14,6
126,DA Warner,Delhi Daredevils,6,8
126,A Mishra,Delhi Daredevils,6,3
126,PA Patel,Chennai Super Kings,6,6
126,JM Kemp,Chennai Super Kings,4,8
126,AB de Villiers,Delhi Daredevils,2,3
126,JA Morkel,Chennai Super Kings,0,3
127,IK Pathan,Kings XI Punjab,60,29
127,A Symonds,Deccan Chargers,53,38
127,RS Bopara,Kings XI Punjab,38,32
127,AC Gilchrist,Deccan Chargers,33,12
127,TL Suman,Deccan Chargers,26,22
127,HH Gibbs,Deccan Chargers,23,23
127,WPUJC Vaas,Deccan Chargers,16,10
127,DPMD Jayawardene,Kings XI Punjab,14,9
127,S Sreesanth,Kings XI Punjab,12,5
127,VVS Laxman,Deccan Chargers,10,7
127,PP Chawla,Kings XI Punjab,9,13
127,Bipul Sharma,Kings XI Punjab,8,6
127,AB Barath,Kings XI Punjab,7,10
127,RP Singh,Deccan Chargers,4,2
127,Yuvraj Singh,Kings XI Punjab,4,6
127,Jaskaran Singh,Deccan Chargers,3,3
127,RG Sharma,Deccan Chargers,1,2
127,Anirudh Singh,Deccan Chargers,0,1
127,MS Bisla,Kings XI Punjab,0,7
127,KC Sangakkara,Kings XI Punjab,0,3
128,AA Jhunjhunwala,Rajasthan Royals,45,36
128,AC Voges,Rajasthan Royals,37,22
128,BJ Hodge,Kolkata Knight Riders,36,34
128,SC Ganguly,Kolkata Knight Riders,33,29
128,FY Fazal,Rajasthan Royals,31,23
128,CA Pujara,Kolkata Knight Riders,29,25
128,NV Ojha,Rajasthan Royals,27,18
128,OA Shah,Kolkata Knight Riders,19,17
128,YK Pathan,Rajasthan Royals,15,14
128,MK Tiwary,Kolkata Knight Riders,11,13
128,MM Patel,Rajasthan Royals,4,3
128,SK Warne,Rajasthan Royals,1,2
128,WP Saha,Kolkata Knight Riders,1,2
128,MJ Lumb,Rajasthan Royals,0,1
128,P Dogra,Rajasthan Royals,0,1
129,JH Kallis,Royal Challengers Bangalore,66,55
129,MK Pandey,Royal Challengers Bangalore,40,27
129,SR Tendulkar,Mumbai Indians,25,22
129,SS Tiwary,Mumbai Indians,25,21
129,R Sathish,Mumbai Indians,24,22
129,Z Khan,Mumbai Indians,23,9
129,RV Uthappa,Royal Challengers Bangalore,23,15
129,KA Pollard,Mumbai Indians,21,19
129,V Kohli,Royal Challengers Bangalore,17,12
129,AP Tare,Mumbai Indians,9,10
129,EJG Morgan,Royal Challengers Bangalore,7,6
129,Harbhajan Singh,Mumbai Indians,4,6
129,AT Rayudu,Mumbai Indians,3,4
129,ST Jayasuriya,Mumbai Indians,2,5
129,DJ Bravo,Mumbai Indians,1,2
130,DA Warner,Delhi Daredevils,57,33
130,KD Karthik,Delhi Daredevils,46,27
130,RG Sharma,Deccan Chargers,45,30
130,A Symonds,Deccan Chargers,35,24
130,HH Gibbs,Deccan Chargers,31,26
130,TL Suman,Deccan Chargers,29,19
130,AB de Villiers,Delhi Daredevils,27,26
130,AC Gilchrist,Deccan Chargers,24,14
130,MC Henriques,Delhi Daredevils,11,5
130,M Manhas,Delhi Daredevils,8,8
130,WPUJC Vaas,Deccan Chargers,3,2
130,V Sehwag,Delhi Daredevils,3,7
130,UT Yadav,Delhi Daredevils,3,4
130,MD Mishra,Deccan Chargers,1,4
130,Y Venugopal Rao,Deccan Chargers,1,2
130,Y Nagar,Delhi Daredevils,1,6
130,DP Nannes,Delhi Daredevils,1,2
130,A Mishra,Delhi Daredevils,0,1
130,S Ladda,Delhi Daredevils,0,1
131,PA Patel,Chennai Super Kings,57,58
131,Yuvraj Singh,Kings XI Punjab,47,30
131,IK Pathan,Kings XI Punjab,39,32
131,ML Hayden,Chennai Super Kings,33,25
131,SK Raina,Chennai Super Kings,23,14
131,KC Sangakkara,Kings XI Punjab,15,16
131,M Kaif,Kings XI Punjab,14,16
131,JA Morkel,Chennai Super Kings,13,13
131,DPMD Jayawardene,Kings XI Punjab,9,7
131,PP Chawla,Kings XI Punjab,8,4
131,MS Bisla,Kings XI Punjab,7,9
131,RR Powar,Kings XI Punjab,2,1
131,S Badrinath,Chennai Super Kings,2,2
131,MS Gony,Chennai Super Kings,2,6
131,R Ashwin,Chennai Super Kings,2,5
131,RS Bopara,Kings XI Punjab,1,8
131,J Theron,Kings XI Punjab,0,1
131,M Vijay,Chennai Super Kings,0,3
132,CH Gayle,Kolkata Knight Riders,75,60
132,SR Tendulkar,Mumbai Indians,71,48
132,SC Ganguly,Kolkata Knight Riders,31,34
132,OA Shah,Kolkata Knight Riders,31,23
132,SS Tiwary,Mumbai Indians,30,24
132,S Dhawan,Mumbai Indians,23,21
132,R Sathish,Mumbai Indians,21,11
132,KA Pollard,Mumbai Indians,7,7
132,AD Mathews,Kolkata Knight Riders,3,3
133,RV Uthappa,Royal Challengers Bangalore,68,38
133,ML Hayden,Chennai Super Kings,32,28
133,S Badrinath,Chennai Super Kings,31,17
133,V Kohli,Royal Challengers Bangalore,24,16
133,MK Pandey,Royal Challengers Bangalore,20,28
133,JH Kallis,Royal Challengers Bangalore,19,17
133,JA Morkel,Chennai Super Kings,19,19
133,GJ Bailey,Chennai Super Kings,18,27
133,R Dravid,Royal Challengers Bangalore,14,11
133,MV Boucher,Royal Challengers Bangalore,11,7
133,R Ashwin,Chennai Super Kings,11,10
133,SK Raina,Chennai Super Kings,9,7
133,M Vijay,Chennai Super Kings,3,7
133,EJG Morgan,Royal Challengers Bangalore,1,4
133,PA Patel,Chennai Super Kings,1,3
133,L Balaji,Chennai Super Kings,0,2
134,FY Fazal,Rajasthan Royals,45,38
134,AC Voges,Rajasthan Royals,45,24
134,MJ Lumb,Rajasthan Royals,41,30
134,MS Bisla,Kings XI Punjab,35,18
134,KC Sangakkara,Kings XI Punjab,29,13
134,YK Pathan,Rajasthan Royals,28,19
134,RS Bopara,Kings XI Punjab,25,26
134,DPMD Jayawardene,Kings XI Punjab,23,22
134,Yuvraj Singh,Kings XI Punjab,15,13
134,NV Ojha,Rajasthan Royals,13,10
134,M Kaif,Kings XI Punjab,8,8
134,PP Chawla,Kings XI Punjab,8,8
134,J Theron,Kings XI Punjab,2,4
134,P Dogra,Rajasthan Royals,1,1
134,IK Pathan,Kings XI Punjab,1,1
134,S Sreesanth,Kings XI Punjab,0,2
134,SJ Srivastava,Kings XI Punjab,0,1
135,SK Raina,Chennai Super Kings,83,52
135,SR Tendulkar,Mumbai Indians,72,52
135,S Dhawan,Mumbai Indians,56,34
135,S Badrinath,Chennai Super Kings,55,45
135,ML Hayden,Chennai Super Kings,20,12
135,KA Pollard,Mumbai Indians,20,9
135,DJ Bravo,Mumbai Indians,11,7
135,PA Patel,Chennai Super Kings,8,12
135,R Sathish,Mumbai Indians,5,9
135,SS Tiwary,Mumbai Indians,2,3
135,R McLaren,Mumbai Indians,1,1
136,YK Pathan,Rajasthan Royals,73,34
136,RG Sharma,Deccan Chargers,49,35
136,MJ Lumb,Rajasthan Royals,45,32
136,HH Gibbs,Deccan Chargers,25,14
136,A Symonds,Deccan Chargers,22,14
136,NV Ojha,Rajasthan Royals,14,17
136,VVS Laxman,Deccan Chargers,10,12
136,R Sharma,Deccan Chargers,10,5
136,TL Suman,Deccan Chargers,9,15
136,WPUJC Vaas,Deccan Chargers,8,13
136,FY Fazal,Rajasthan Royals,8,11
136,Y Venugopal Rao,Deccan Chargers,2,5
136,AC Gilchrist,Deccan Chargers,1,3
136,RP Singh,Deccan Chargers,1,4
137,MK Tiwary,Kolkata Knight Riders,75,47
137,SC Ganguly,Kolkata Knight Riders,50,40
137,KC Sangakkara,Kings XI Punjab,30,27
137,Yuvraj Singh,Kings XI Punjab,24,16
137,MS Bisla,Kings XI Punjab,22,24
137,IK Pathan,Kings XI Punjab,22,14
137,AD Mathews,Kolkata Knight Riders,19,11
137,K Goel,Kings XI Punjab,17,17
137,DPMD Jayawardene,Kings XI Punjab,16,15
137,CH Gayle,Kolkata Knight Riders,14,12
137,B Lee,Kings XI Punjab,7,5
137,Mandeep Singh,Kolkata Knight Riders,4,7
137,DJ Hussey,Kolkata Knight Riders,3,5
137,RS Bopara,Kings XI Punjab,0,2
138,KM Jadhav,Delhi Daredevils,50,29
138,AB de Villiers,Delhi Daredevils,45,35
138,MK Pandey,Royal Challengers Bangalore,39,29
138,V Kohli,Royal Challengers Bangalore,38,23
138,DA Warner,Delhi Daredevils,33,14
138,JH Kallis,Royal Challengers Bangalore,27,29
138,AB McDonald,Delhi Daredevils,18,12
138,KD Karthik,Delhi Daredevils,17,19
138,EJG Morgan,Royal Challengers Bangalore,17,13
138,RV Uthappa,Royal Challengers Bangalore,15,10
138,V Sehwag,Delhi Daredevils,12,11
138,DW Steyn,Royal Challengers Bangalore,8,9
138,MV Boucher,Royal Challengers Bangalore,2,3
138,R Vinay Kumar,Royal Challengers Bangalore,2,2
138,R Dravid,Royal Challengers Bangalore,1,1
138,A Kumble,Royal Challengers Bangalore,1,1
138,P Kumar,Royal Challengers Bangalore,0,1
139,NV Ojha,Rajasthan Royals,80,49
139,M Vijay,Chennai Super Kings,42,28
139,MJ Lumb,Rajasthan Royals,30,16
139,JA Morkel,Chennai Super Kings,28,12
139,S Badrinath,Chennai Super Kings,25,27
139,MS Dhoni,Chennai Super Kings,21,19
139,AC Voges,Rajasthan Royals,20,19
139,ML Hayden,Chennai Super Kings,19,14
139,FY Fazal,Rajasthan Royals,17,18
139,SK Raina,Chennai Super Kings,14,12
139,AA Jhunjhunwala,Rajasthan Royals,11,6
139,YK Pathan,Rajasthan Royals,8,6
139,P Dogra,Rajasthan Royals,5,3
139,KB Arun Karthik,Chennai Super Kings,3,5
139,S Narwal,Rajasthan Royals,2,2
139,T Thushara,Chennai Super Kings,2,3
139,SW Tait,Rajasthan Royals,1,1
140,SR Tendulkar,Mumbai Indians,55,43
140,Harbhajan Singh,Mumbai Indians,49,18
140,RG Sharma,Deccan Chargers,45,28
140,HH Gibbs,Deccan Chargers,27,16
140,DJ Bravo,Mumbai Indians,23,16
140,TL Suman,Deccan Chargers,15,17
140,R McLaren,Mumbai Indians,13,15
140,MD Mishra,Deccan Chargers,13,12
140,KAJ Roach,Deccan Chargers,10,9
140,S Dhawan,Mumbai Indians,8,12
140,Y Venugopal Rao,Deccan Chargers,7,9
140,AT Rayudu,Mumbai Indians,6,7
140,SS Tiwary,Mumbai Indians,4,3
140,R Sathish,Mumbai Indians,3,5
140,KA Pollard,Mumbai Indians,1,5
140,A Symonds,Deccan Chargers,1,6
140,Jaskaran Singh,Deccan Chargers,1,2
140,RP Singh,Deccan Chargers,1,5
140,AC Gilchrist,Deccan Chargers,0,2
141,DA Warner,Delhi Daredevils,107,69
141,PD Collingwood,Delhi Daredevils,53,45
141,CH Gayle,Kolkata Knight Riders,30,21
141,DJ Hussey,Kolkata Knight Riders,29,32
141,AD Mathews,Kolkata Knight Riders,24,18
141,WP Saha,Kolkata Knight Riders,20,17
141,AB Agarkar,Kolkata Knight Riders,17,13
141,V Sehwag,Delhi Daredevils,8,3
141,SC Ganguly,Kolkata Knight Riders,5,10
141,KM Jadhav,Delhi Daredevils,4,1
141,G Gambhir,Delhi Daredevils,1,2
141,M Kartik,Kolkata Knight Riders,1,2
141,KD Karthik,Delhi Daredevils,0,1
141,Mandeep Singh,Kolkata Knight Riders,0,4
141,MK Tiwary,Kolkata Knight Riders,0,3
141,CK Langeveldt,Kolkata Knight Riders,0,1
142,SE Marsh,Kings XI Punjab,57,47
142,S Dhawan,Mumbai Indians,50,40
142,SS Tiwary,Mumbai Indians,31,23
142,PP Chawla,Kings XI Punjab,22,13
142,DPMD Jayawardene,Kings XI Punjab,20,18
142,KA Pollard,Mumbai Indians,20,13
142,IK Pathan,Kings XI Punjab,18,14
142,R Sathish,Mumbai Indians,17,9
142,MS Bisla,Kings XI Punjab,11,10
142,SR Tendulkar,Mumbai Indians,11,15
142,AT Rayudu,Mumbai Indians,9,12
142,DJ Bravo,Mumbai Indians,8,4
142,VS Malik,Kings XI Punjab,6,5
142,B Lee,Kings XI Punjab,3,3
142,Yuvraj Singh,Kings XI Punjab,2,3
142,RS Bopara,Kings XI Punjab,1,4
142,K Goel,Kings XI Punjab,1,3
142,SJ Srivastava,Kings XI Punjab,1,1
142,Harbhajan Singh,Mumbai Indians,1,1
143,M Vijay,Chennai Super Kings,78,39
143,JH Kallis,Royal Challengers Bangalore,52,49
143,SK Raina,Chennai Super Kings,40,34
143,V Kohli,Royal Challengers Bangalore,34,24
143,KP Pietersen,Royal Challengers Bangalore,23,14
143,RV Uthappa,Royal Challengers Bangalore,21,13
143,CL White,Royal Challengers Bangalore,21,13
143,MS Dhoni,Chennai Super Kings,14,19
143,ML Hayden,Chennai Super Kings,12,14
143,S Badrinath,Chennai Super Kings,7,6
143,MK Pandey,Royal Challengers Bangalore,5,7
143,JA Morkel,Chennai Super Kings,1,3
144,KD Karthik,Delhi Daredevils,69,38
144,G Gambhir,Delhi Daredevils,43,37
144,NV Ojha,Rajasthan Royals,27,14
144,YK Pathan,Rajasthan Royals,24,14
144,P Dogra,Rajasthan Royals,20,25
144,V Sehwag,Delhi Daredevils,19,12
144,PD Collingwood,Delhi Daredevils,16,8
144,AC Voges,Rajasthan Royals,15,17
144,AB McDonald,Delhi Daredevils,14,9
144,S Narwal,Rajasthan Royals,12,9
144,SW Tait,Rajasthan Royals,11,12
144,KM Jadhav,Delhi Daredevils,10,9
144,SK Trivedi,Rajasthan Royals,7,5
144,DA Warner,Delhi Daredevils,4,8
144,AA Jhunjhunwala,Rajasthan Royals,2,5
144,MJ Lumb,Rajasthan Royals,0,2
144,FY Fazal,Rajasthan Royals,0,2
144,SK Warne,Rajasthan Royals,0,1
145,SC Ganguly,Kolkata Knight Riders,88,54
145,HH Gibbs,Deccan Chargers,50,45
145,A Symonds,Deccan Chargers,45,37
145,DJ Hussey,Kolkata Knight Riders,31,27
145,MD Mishra,Deccan Chargers,29,16
145,CA Pujara,Kolkata Knight Riders,17,13
145,TL Suman,Deccan Chargers,15,11
145,WP Saha,Kolkata Knight Riders,10,4
145,AC Gilchrist,Deccan Chargers,9,5
145,AB Agarkar,Kolkata Knight Riders,8,5
145,MK Tiwary,Kolkata Knight Riders,5,7
145,CH Gayle,Kolkata Knight Riders,4,7
145,AD Mathews,Kolkata Knight Riders,4,4
145,RG Sharma,Deccan Chargers,2,6
146,KP Pietersen,Royal Challengers Bangalore,66,44
146,KC Sangakkara,Kings XI Punjab,45,27
146,RS Bopara,Kings XI Punjab,42,33
146,V Kohli,Royal Challengers Bangalore,42,26
146,Yuvraj Singh,Kings XI Punjab,36,20
146,MK Pandey,Royal Challengers Bangalore,29,25
146,MS Bisla,Kings XI Punjab,28,26
146,RV Uthappa,Royal Challengers Bangalore,22,8
146,IK Pathan,Kings XI Punjab,16,5
146,JH Kallis,Royal Challengers Bangalore,9,10
146,CL White,Royal Challengers Bangalore,6,3
146,SE Marsh,Kings XI Punjab,2,9
146,B Lee,Kings XI Punjab,1,1
147,M Vijay,Chennai Super Kings,127,56
147,NV Ojha,Rajasthan Royals,94,55
147,JA Morkel,Chennai Super Kings,62,34
147,SR Watson,Rajasthan Royals,60,25
147,MJ Lumb,Rajasthan Royals,37,26
147,ML Hayden,Chennai Super Kings,34,21
147,SK Raina,Chennai Super Kings,13,7
147,AA Jhunjhunwala,Rajasthan Royals,7,4
147,S Badrinath,Chennai Super Kings,4,1
147,YK Pathan,Rajasthan Royals,4,2
147,FY Fazal,Rajasthan Royals,4,5
147,AS Raut,Rajasthan Royals,2,4
147,MS Dhoni,Chennai Super Kings,0,1
148,AT Rayudu,Mumbai Indians,55,29
148,SS Tiwary,Mumbai Indians,44,35
148,SR Tendulkar,Mumbai Indians,35,25
148,KA Pollard,Mumbai Indians,21,10
148,A Symonds,Deccan Chargers,21,18
148,AC Gilchrist,Deccan Chargers,19,14
148,HH Gibbs,Deccan Chargers,17,15
148,S Dhawan,Mumbai Indians,14,13
148,RJ Harris,Deccan Chargers,13,10
148,RG Sharma,Deccan Chargers,11,13
148,TL Suman,Deccan Chargers,11,16
148,MD Mishra,Deccan Chargers,5,7
148,R Sharma,Deccan Chargers,5,7
148,VVS Laxman,Deccan Chargers,4,7
148,DJ Bravo,Mumbai Indians,2,8
148,PP Ojha,Deccan Chargers,2,2
148,Jaskaran Singh,Deccan Chargers,0,2
149,DPMD Jayawardene,Kings XI Punjab,110,59
149,CH Gayle,Kolkata Knight Riders,88,42
149,KC Sangakkara,Kings XI Punjab,38,22
149,SC Ganguly,Kolkata Knight Riders,36,31
149,MK Tiwary,Kolkata Knight Riders,35,32
149,Yuvraj Singh,Kings XI Punjab,33,16
149,MS Bisla,Kings XI Punjab,18,13
149,AD Mathews,Kolkata Knight Riders,17,11
149,DJ Hussey,Kolkata Knight Riders,11,5
150,PD Collingwood,Delhi Daredevils,75,46
150,JH Kallis,Royal Challengers Bangalore,54,42
150,V Sehwag,Delhi Daredevils,35,22
150,DA Warner,Delhi Daredevils,33,22
150,LRPL Taylor,Royal Challengers Bangalore,22,10
150,DL Vettori,Delhi Daredevils,19,17
150,KP Pietersen,Royal Challengers Bangalore,16,19
150,R Dravid,Royal Challengers Bangalore,14,9
150,V Kohli,Royal Challengers Bangalore,13,11
150,RV Uthappa,Royal Challengers Bangalore,12,9
150,KM Jadhav,Delhi Daredevils,7,9
150,KD Karthik,Delhi Daredevils,6,4
150,A Mithun,Royal Challengers Bangalore,5,4
150,CL White,Royal Challengers Bangalore,4,11
150,R Vinay Kumar,Royal Challengers Bangalore,3,3
150,G Gambhir,Delhi Daredevils,1,1
150,KP Appanna,Royal Challengers Bangalore,1,2
150,A Kumble,Royal Challengers Bangalore,1,1
151,RG Sharma,Deccan Chargers,73,44
151,SR Watson,Rajasthan Royals,58,36
151,FY Fazal,Rajasthan Royals,36,29
151,AC Gilchrist,Deccan Chargers,34,17
151,MJ Lumb,Rajasthan Royals,15,10
151,A Symonds,Deccan Chargers,15,20
151,AA Jhunjhunwala,Rajasthan Royals,11,8
151,SK Trivedi,Rajasthan Royals,9,6
151,Anirudh Singh,Deccan Chargers,9,12
151,M Morkel,Rajasthan Royals,7,7
151,VVS Laxman,Deccan Chargers,6,9
151,YK Pathan,Rajasthan Royals,5,7
151,AP Dole,Rajasthan Royals,4,4
151,DR Smith,Deccan Chargers,4,7
151,RP Singh,Deccan Chargers,3,5
151,AA Bilakhia,Deccan Chargers,2,4
151,NV Ojha,Rajasthan Royals,1,5
151,SK Warne,Rajasthan Royals,1,4
151,RJ Harris,Deccan Chargers,1,2
151,AS Raut,Rajasthan Royals,0,3
152,SR Tendulkar,Mumbai Indians,45,35
152,ML Hayden,Chennai Super Kings,35,31
152,Harbhajan Singh,Mumbai Indians,33,23
152,MS Dhoni,Chennai Super Kings,31,18
152,S Badrinath,Chennai Super Kings,30,22
152,SK Raina,Chennai Super Kings,23,18
152,S Dhawan,Mumbai Indians,16,18
152,M Vijay,Chennai Super Kings,14,17
152,MEK Hussey,Chennai Super Kings,14,15
152,SS Tiwary,Mumbai Indians,14,18
152,KA Pollard,Mumbai Indians,5,6
152,R Sathish,Mumbai Indians,4,5
152,AN Ahmed,Mumbai Indians,4,7
152,AT Rayudu,Mumbai Indians,3,4
152,DJ Bravo,Mumbai Indians,2,3
152,R McLaren,Mumbai Indians,1,3
153,MJ Lumb,Rajasthan Royals,83,43
153,DPMD Jayawardene,Kings XI Punjab,44,33
153,NV Ojha,Rajasthan Royals,44,37
153,Yuvraj Singh,Kings XI Punjab,28,16
153,IK Pathan,Kings XI Punjab,24,23
153,YK Pathan,Rajasthan Royals,21,13
153,MS Bisla,Kings XI Punjab,20,14
153,PP Chawla,Kings XI Punjab,10,15
153,KC Sangakkara,Kings XI Punjab,9,7
153,RS Bopara,Kings XI Punjab,8,11
153,Bipul Sharma,Kings XI Punjab,1,1
154,V Sehwag,Delhi Daredevils,64,40
154,SC Ganguly,Kolkata Knight Riders,56,46
154,G Gambhir,Delhi Daredevils,47,29
154,AD Mathews,Kolkata Knight Riders,46,28
154,CH Gayle,Kolkata Knight Riders,40,21
154,MK Tiwary,Kolkata Knight Riders,26,18
154,KD Karthik,Delhi Daredevils,20,17
154,DL Vettori,Delhi Daredevils,12,6
154,BB McCullum,Kolkata Knight Riders,6,7
154,KM Jadhav,Delhi Daredevils,5,8
154,A Mishra,Delhi Daredevils,4,6
154,PD Collingwood,Delhi Daredevils,2,3
154,MF Maharoof,Delhi Daredevils,2,3
154,R Bhatia,Delhi Daredevils,2,3
154,DA Warner,Delhi Daredevils,0,5
155,TL Suman,Deccan Chargers,78,57
155,JH Kallis,Royal Challengers Bangalore,68,44
155,V Kohli,Royal Challengers Bangalore,58,35
155,A Symonds,Deccan Chargers,53,24
155,AC Gilchrist,Deccan Chargers,32,19
155,R Dravid,Royal Challengers Bangalore,26,25
155,CL White,Royal Challengers Bangalore,13,3
155,MD Mishra,Deccan Chargers,9,11
155,RG Sharma,Deccan Chargers,6,5
155,RV Uthappa,Royal Challengers Bangalore,2,5
155,MK Pandey,Royal Challengers Bangalore,1,6
155,LRPL Taylor,Royal Challengers Bangalore,1,2
156,KC Sangakkara,Kings XI Punjab,56,42
156,JP Duminy,Mumbai Indians,35,28
156,AT Rayudu,Mumbai Indians,33,18
156,AB Barath,Kings XI Punjab,33,27
156,DPMD Jayawardene,Kings XI Punjab,31,18
156,SR Tendulkar,Mumbai Indians,29,25
156,R Sathish,Mumbai Indians,20,17
156,KA Pollard,Mumbai Indians,18,14
156,Yuvraj Singh,Kings XI Punjab,15,21
156,IK Pathan,Kings XI Punjab,15,6
156,Harbhajan Singh,Mumbai Indians,9,7
156,SS Tiwary,Mumbai Indians,4,5
156,RS Sodhi,Kings XI Punjab,4,2
156,S Dhawan,Mumbai Indians,2,4
156,R McLaren,Mumbai Indians,0,1
156,Z Khan,Mumbai Indians,0,1
157,TL Suman,Deccan Chargers,55,44
157,SK Raina,Chennai Super Kings,52,42
157,A Symonds,Deccan Chargers,27,22
157,M Vijay,Chennai Super Kings,23,13
157,MD Mishra,Deccan Chargers,21,18
157,ML Hayden,Chennai Super Kings,19,18
157,DR Smith,Deccan Chargers,13,8
157,MEK Hussey,Chennai Super Kings,8,11
157,T Thushara,Chennai Super Kings,8,8
157,RG Sharma,Deccan Chargers,8,15
157,MS Dhoni,Chennai Super Kings,7,13
157,AC Gilchrist,Deccan Chargers,7,8
157,S Badrinath,Chennai Super Kings,6,6
157,R Ashwin,Chennai Super Kings,5,6
157,DE Bollinger,Chennai Super Kings,2,3
158,R Dravid,Royal Challengers Bangalore,52,35
158,RV Uthappa,Royal Challengers Bangalore,50,22
158,BB McCullum,Kolkata Knight Riders,45,36
158,CH Gayle,Kolkata Knight Riders,34,15
158,SC Ganguly,Kolkata Knight Riders,33,32
158,S Sriram,Royal Challengers Bangalore,27,29
158,CA Pujara,Kolkata Knight Riders,16,8
158,LRPL Taylor,Royal Challengers Bangalore,14,6
158,WP Saha,Kolkata Knight Riders,13,15
158,JH Kallis,Royal Challengers Bangalore,8,11
158,AB Agarkar,Kolkata Knight Riders,6,6
158,AD Mathews,Kolkata Knight Riders,1,2
158,BAW Mendis,Kolkata Knight Riders,1,1
158,MK Tiwary,Kolkata Knight Riders,0,2
158,AB Dinda,Kolkata Knight Riders,0,1
158,I Sharma,Kolkata Knight Riders,0,2
159,DPMD Jayawardene,Kings XI Punjab,38,35
159,KC Sangakkara,Kings XI Punjab,33,30
159,G Gambhir,Delhi Daredevils,26,12
159,M Manhas,Delhi Daredevils,26,28
159,Yuvraj Singh,Kings XI Punjab,21,25
159,KD Karthik,Delhi Daredevils,17,35
159,IK Pathan,Kings XI Punjab,12,17
159,A Mishra,Delhi Daredevils,10,10
159,DA Warner,Delhi Daredevils,6,11
159,PD Collingwood,Delhi Daredevils,4,7
159,DL Vettori,Delhi Daredevils,2,4
159,AB Barath,Kings XI Punjab,2,5
159,R Bhatia,Delhi Daredevils,1,5
159,A Nehra,Delhi Daredevils,1,4
159,V Sehwag,Delhi Daredevils,0,1
159,MF Maharoof,Delhi Daredevils,0,1
160,SR Tendulkar,Mumbai Indians,89,59
160,JP Duminy,Mumbai Indians,31,32
160,AP Dole,Rajasthan Royals,30,18
160,AC Voges,Rajasthan Royals,28,27
160,KA Pollard,Mumbai Indians,25,13
160,AA Jhunjhunwala,Rajasthan Royals,22,22
160,AS Raut,Rajasthan Royals,20,17
160,SS Tiwary,Mumbai Indians,15,9
160,FY Fazal,Rajasthan Royals,10,15
160,YK Pathan,Rajasthan Royals,10,8
160,MJ Lumb,Rajasthan Royals,8,6
160,ST Jayasuriya,Mumbai Indians,1,2
160,R Sathish,Mumbai Indians,1,2
160,SR Watson,Rajasthan Royals,1,2
160,AT Rayudu,Mumbai Indians,0,3
160,NV Ojha,Rajasthan Royals,0,5
161,RG Sharma,Deccan Chargers,51,46
161,R Dravid,Royal Challengers Bangalore,49,35
161,MD Mishra,Deccan Chargers,41,30
161,RV Uthappa,Royal Challengers Bangalore,34,20
161,JH Kallis,Royal Challengers Bangalore,27,37
161,A Symonds,Deccan Chargers,19,20
161,RJ Harris,Deccan Chargers,13,9
161,HH Gibbs,Deccan Chargers,12,10
161,B Sumanth,Deccan Chargers,6,4
161,CL White,Royal Challengers Bangalore,4,3
161,R Vinay Kumar,Royal Challengers Bangalore,4,7
161,V Kohli,Royal Challengers Bangalore,3,4
161,A Kumble,Royal Challengers Bangalore,2,4
161,LRPL Taylor,Royal Challengers Bangalore,1,5
161,KP Appanna,Royal Challengers Bangalore,1,1
161,AC Gilchrist,Deccan Chargers,0,1
161,TL Suman,Deccan Chargers,0,1
161,MK Pandey,Royal Challengers Bangalore,0,1
161,DW Steyn,Royal Challengers Bangalore,0,1
162,KA Pollard,Mumbai Indians,45,13
162,SS Tiwary,Mumbai Indians,38,28
162,AB McDonald,Delhi Daredevils,33,31
162,DA Warner,Delhi Daredevils,31,15
162,SR Tendulkar,Mumbai Indians,30,27
162,AT Rayudu,Mumbai Indians,24,21
162,JP Duminy,Mumbai Indians,21,14
162,V Sehwag,Delhi Daredevils,20,18
162,G Gambhir,Delhi Daredevils,17,9
162,C Madan,Mumbai Indians,15,19
162,A Mishra,Delhi Daredevils,12,17
162,KD Karthik,Delhi Daredevils,11,14
162,PJ Sangwan,Delhi Daredevils,6,5
162,AB de Villiers,Delhi Daredevils,4,7
162,PD Collingwood,Delhi Daredevils,2,5
163,SK Raina,Chennai Super Kings,78,39
163,M Vijay,Chennai Super Kings,50,40
163,AD Mathews,Kolkata Knight Riders,48,48
163,MK Tiwary,Kolkata Knight Riders,27,31
163,LR Shukla,Kolkata Knight Riders,17,10
163,SC Ganguly,Kolkata Knight Riders,10,12
163,AB Agarkar,Kolkata Knight Riders,9,5
163,CH Gayle,Kolkata Knight Riders,7,4
163,WP Saha,Kolkata Knight Riders,1,2
163,BB McCullum,Kolkata Knight Riders,0,4
163,DJ Hussey,Kolkata Knight Riders,0,3
163,Iqbal Abdulla,Kolkata Knight Riders,0,1
163,ML Hayden,Chennai Super Kings,0,2
164,KP Pietersen,Royal Challengers Bangalore,62,29
164,AS Raut,Rajasthan Royals,32,20
164,AC Voges,Rajasthan Royals,28,27
164,RV Uthappa,Royal Challengers Bangalore,26,21
164,SR Watson,Rajasthan Royals,22,25
164,MK Pandey,Royal Challengers Bangalore,14,13
164,V Kohli,Royal Challengers Bangalore,14,13
164,AA Jhunjhunwala,Rajasthan Royals,13,22
164,YK Pathan,Rajasthan Royals,11,9
164,LRPL Taylor,Royal Challengers Bangalore,10,11
164,MJ Lumb,Rajasthan Royals,9,8
164,NV Ojha,Rajasthan Royals,7,9
164,R Dravid,Royal Challengers Bangalore,5,4
164,AG Paunikar,Rajasthan Royals,0,1
164,JH Kallis,Royal Challengers Bangalore,0,3
165,G Gambhir,Delhi Daredevils,57,56
165,S Badrinath,Chennai Super Kings,30,29
165,M Manhas,Delhi Daredevils,25,32
165,M Vijay,Chennai Super Kings,17,11
165,DE Bollinger,Chennai Super Kings,16,14
165,SK Raina,Chennai Super Kings,15,19
165,MEK Hussey,Chennai Super Kings,15,18
165,KD Karthik,Delhi Daredevils,13,16
165,R Ashwin,Chennai Super Kings,6,13
165,V Sehwag,Delhi Daredevils,4,4
165,L Balaji,Chennai Super Kings,3,8
165,ML Hayden,Chennai Super Kings,1,5
165,JA Morkel,Chennai Super Kings,1,4
165,TM Dilshan,Delhi Daredevils,1,2
165,MS Dhoni,Chennai Super Kings,0,2
165,DA Warner,Delhi Daredevils,0,2
166,DPMD Jayawardene,Kings XI Punjab,93,62
166,RG Sharma,Deccan Chargers,68,38
166,KC Sangakkara,Kings XI Punjab,52,37
166,TL Suman,Deccan Chargers,43,31
166,Yuvraj Singh,Kings XI Punjab,20,20
166,MD Mishra,Deccan Chargers,20,21
166,MR Marsh,Deccan Chargers,15,11
166,AC Gilchrist,Deccan Chargers,9,5
166,B Sumanth,Deccan Chargers,6,3
166,A Symonds,Deccan Chargers,4,6
166,IK Pathan,Kings XI Punjab,1,1
166,SE Marsh,Kings XI Punjab,0,1
167,AT Rayudu,Mumbai Indians,46,27
167,JP Duminy,Mumbai Indians,42,19
167,R McLaren,Mumbai Indians,40,42
167,V Kohli,Royal Challengers Bangalore,37,24
167,KP Pietersen,Royal Challengers Bangalore,21,16
167,KA Pollard,Mumbai Indians,20,7
167,SR Tendulkar,Mumbai Indians,19,18
167,MK Pandey,Royal Challengers Bangalore,16,18
167,R Dravid,Royal Challengers Bangalore,16,11
167,JH Kallis,Royal Challengers Bangalore,14,15
167,R Vinay Kumar,Royal Challengers Bangalore,10,12
167,AM Nayar,Mumbai Indians,9,7
167,LRPL Taylor,Royal Challengers Bangalore,9,11
167,RV Uthappa,Royal Challengers Bangalore,4,6
167,Pankaj Singh,Royal Challengers Bangalore,1,2
167,A Kumble,Royal Challengers Bangalore,1,3
167,DW Steyn,Royal Challengers Bangalore,0,2
168,SC Ganguly,Kolkata Knight Riders,75,50
168,CA Pujara,Kolkata Knight Riders,45,38
168,SR Watson,Rajasthan Royals,44,26
168,AJ Finch,Rajasthan Royals,21,21
168,NV Ojha,Rajasthan Royals,18,22
168,FY Fazal,Rajasthan Royals,13,13
168,YK Pathan,Rajasthan Royals,8,9
168,AC Voges,Rajasthan Royals,8,7
168,P Dogra,Rajasthan Royals,8,12
168,BB McCullum,Kolkata Knight Riders,6,7
168,SK Trivedi,Rajasthan Royals,4,2
168,SK Warne,Rajasthan Royals,3,4
168,AS Raut,Rajasthan Royals,2,4
168,CH Gayle,Kolkata Knight Riders,0,2
169,SE Marsh,Kings XI Punjab,88,57
169,MS Dhoni,Chennai Super Kings,54,29
169,S Badrinath,Chennai Super Kings,53,36
169,SK Raina,Chennai Super Kings,46,27
169,IK Pathan,Kings XI Punjab,44,27
169,KC Sangakkara,Kings XI Punjab,33,24
169,DPMD Jayawardene,Kings XI Punjab,21,8
169,JA Morkel,Chennai Super Kings,14,8
169,M Vijay,Chennai Super Kings,13,11
169,ML Hayden,Chennai Super Kings,5,8
169,Yuvraj Singh,Kings XI Punjab,1,4
170,A Symonds,Deccan Chargers,54,30
170,PD Collingwood,Delhi Daredevils,51,42
170,MD Mishra,Deccan Chargers,25,19
170,M Manhas,Delhi Daredevils,23,22
170,A Nehra,Delhi Daredevils,22,16
170,R Sharma,Deccan Chargers,14,8
170,MR Marsh,Deccan Chargers,13,19
170,RG Sharma,Deccan Chargers,11,9
170,TM Dilshan,Delhi Daredevils,11,11
170,AC Gilchrist,Deccan Chargers,10,9
170,V Sehwag,Delhi Daredevils,8,6
170,B Sumanth,Deccan Chargers,7,12
170,TL Suman,Deccan Chargers,5,6
170,DA Warner,Delhi Daredevils,5,4
170,G Gambhir,Delhi Daredevils,4,9
170,A Mishra,Delhi Daredevils,4,9
170,WPUJC Vaas,Deccan Chargers,3,8
170,KD Karthik,Delhi Daredevils,1,2
171,BB McCullum,Kolkata Knight Riders,57,56
171,SS Tiwary,Mumbai Indians,46,37
171,SC Ganguly,Kolkata Knight Riders,42,36
171,AT Rayudu,Mumbai Indians,27,15
171,DJ Hussey,Kolkata Knight Riders,20,14
171,JP Duminy,Mumbai Indians,19,27
171,R Sathish,Mumbai Indians,11,11
171,S Dhawan,Mumbai Indians,10,11
171,STR Binny,Mumbai Indians,8,5
171,DJ Bravo,Mumbai Indians,5,9
171,AP Tare,Mumbai Indians,1,3
171,R McLaren,Mumbai Indians,0,2
172,SS Tiwary,Mumbai Indians,52,31
172,AT Rayudu,Mumbai Indians,40,38
172,KA Pollard,Mumbai Indians,33,13
172,LRPL Taylor,Royal Challengers Bangalore,31,30
172,RV Uthappa,Royal Challengers Bangalore,26,13
172,R Dravid,Royal Challengers Bangalore,23,22
172,AM Nayar,Mumbai Indians,22,18
172,KP Pietersen,Royal Challengers Bangalore,19,14
172,S Dhawan,Mumbai Indians,12,9
172,JH Kallis,Royal Challengers Bangalore,11,9
172,SR Tendulkar,Mumbai Indians,9,9
172,V Kohli,Royal Challengers Bangalore,9,7
172,R Vinay Kumar,Royal Challengers Bangalore,8,8
172,MK Pandey,Royal Challengers Bangalore,5,9
172,DW Steyn,Royal Challengers Bangalore,5,5
172,JP Duminy,Mumbai Indians,3,4
172,P Kumar,Royal Challengers Bangalore,1,2
172,A Kumble,Royal Challengers Bangalore,1,2
173,S Badrinath,Chennai Super Kings,37,41
173,MS Dhoni,Chennai Super Kings,30,32
173,S Anirudha,Chennai Super Kings,24,15
173,A Symonds,Deccan Chargers,23,22
173,HH Gibbs,Deccan Chargers,18,26
173,B Sumanth,Deccan Chargers,16,18
173,M Vijay,Chennai Super Kings,15,10
173,AC Gilchrist,Deccan Chargers,15,20
173,RJ Harris,Deccan Chargers,15,8
173,ML Hayden,Chennai Super Kings,8,9
173,R Ashwin,Chennai Super Kings,6,5
173,JA Morkel,Chennai Super Kings,4,4
173,TL Suman,Deccan Chargers,4,4
173,SK Raina,Chennai Super Kings,2,4
173,RG Sharma,Deccan Chargers,2,5
173,MD Mishra,Deccan Chargers,2,5
173,PP Ojha,Deccan Chargers,1,4
173,Harmeet Singh,Deccan Chargers,0,1
173,RP Singh,Deccan Chargers,0,3
174,Anirudh Singh,Deccan Chargers,40,39
174,R Dravid,Royal Challengers Bangalore,35,30
174,KP Pietersen,Royal Challengers Bangalore,29,21
174,Y Venugopal Rao,Deccan Chargers,24,27
174,JH Kallis,Royal Challengers Bangalore,19,32
174,DR Smith,Deccan Chargers,5,10
174,AC Gilchrist,Deccan Chargers,4,4
174,RJ Harris,Deccan Chargers,3,10
174,A Symonds,Deccan Chargers,2,8
174,MD Mishra,Deccan Chargers,0,1
174,RG Sharma,Deccan Chargers,0,4
174,R Sharma,Deccan Chargers,0,6
174,PP Ojha,Deccan Chargers,0,2
175,SK Raina,Chennai Super Kings,57,35
175,SR Tendulkar,Mumbai Indians,48,45
175,AM Nayar,Mumbai Indians,27,26
175,KA Pollard,Mumbai Indians,27,10
175,M Vijay,Chennai Super Kings,26,19
175,MS Dhoni,Chennai Super Kings,22,15
175,AT Rayudu,Mumbai Indians,21,14
175,ML Hayden,Chennai Super Kings,17,31
175,JA Morkel,Chennai Super Kings,15,6
175,S Badrinath,Chennai Super Kings,14,11
175,S Anirudha,Chennai Super Kings,6,3
175,JP Duminy,Mumbai Indians,6,7
175,CRD Fernando,Mumbai Indians,2,2
175,Harbhajan Singh,Mumbai Indians,1,2
175,Z Khan,Mumbai Indians,1,3
175,SL Malinga,Mumbai Indians,1,1
175,S Dhawan,Mumbai Indians,0,8
175,SS Tiwary,Mumbai Indians,0,2
176,S Anirudha,Chennai Super Kings,64,55
176,JH Kallis,Kolkata Knight Riders,54,42
176,SK Raina,Chennai Super Kings,33,29
176,MS Dhoni,Chennai Super Kings,29,21
176,MS Bisla,Kolkata Knight Riders,27,29
176,MK Tiwary,Kolkata Knight Riders,27,15
176,JA Morkel,Chennai Super Kings,15,9
176,LR Shukla,Kolkata Knight Riders,14,10
176,YK Pathan,Kolkata Knight Riders,11,12
176,EJG Morgan,Kolkata Knight Riders,6,6
176,SB Styris,Chennai Super Kings,5,2
176,M Vijay,Chennai Super Kings,4,4
176,Iqbal Abdulla,Kolkata Knight Riders,3,3
176,G Gambhir,Kolkata Knight Riders,1,2
176,R Bhatia,Kolkata Knight Riders,0,1
177,J Botha,Rajasthan Royals,67,47
177,DB Ravi Teja,Deccan Chargers,28,20
177,R Dravid,Rajasthan Royals,28,35
177,DT Christian,Deccan Chargers,26,19
177,IR Jaggi,Deccan Chargers,25,28
177,S Dhawan,Deccan Chargers,24,15
177,LRPL Taylor,Rajasthan Royals,21,14
177,AG Paunikar,Rajasthan Royals,20,19
177,JP Duminy,Deccan Chargers,14,17
177,DW Steyn,Deccan Chargers,7,6
177,B Chipli,Deccan Chargers,6,9
177,A Mishra,Deccan Chargers,2,2
177,I Sharma,Deccan Chargers,1,1
177,KC Sangakkara,Deccan Chargers,0,3
178,AB de Villiers,Royal Challengers Bangalore,54,40
178,BB McCullum,Kochi Tuskers Kerala,45,32
178,VVS Laxman,Kochi Tuskers Kerala,36,29
178,MA Agarwal,Royal Challengers Bangalore,33,24
178,BJ Hodge,Kochi Tuskers Kerala,27,21
178,SS Tiwary,Royal Challengers Bangalore,26,24
178,RA Jadeja,Kochi Tuskers Kerala,23,16
178,V Kohli,Royal Challengers Bangalore,23,18
178,DPMD Jayawardene,Kochi Tuskers Kerala,18,18
178,AUK Pathan,Royal Challengers Bangalore,12,4
178,PA Patel,Kochi Tuskers Kerala,1,4
178,TM Dilshan,Royal Challengers Bangalore,1,4
178,RV Gomez,Kochi Tuskers Kerala,0,1
179,SR Tendulkar,Mumbai Indians,46,50
179,NV Ojha,Delhi Daredevils,29,30
179,RG Sharma,Mumbai Indians,27,30
179,Y Venugopal Rao,Delhi Daredevils,26,25
179,V Sehwag,Delhi Daredevils,19,16
179,AT Rayudu,Mumbai Indians,14,15
179,AJ Finch,Delhi Daredevils,8,12
179,RE van der Merwe,Delhi Daredevils,8,6
179,DA Warner,Delhi Daredevils,1,3
179,DJ Jacobs,Mumbai Indians,1,6
179,UBT Chand,Delhi Daredevils,0,2
179,IK Pathan,Delhi Daredevils,0,1
179,M Morkel,Delhi Daredevils,0,2
179,UT Yadav,Delhi Daredevils,0,4
179,AB Dinda,Delhi Daredevils,0,5
180,R McLaren,Kings XI Punjab,51,43
180,M Manhas,Pune Warriors,35,32
180,JD Ryder,Pune Warriors,31,17
180,RV Uthappa,Pune Warriors,22,14
180,Yuvraj Singh,Pune Warriors,21,15
180,PP Chawla,Kings XI Punjab,15,28
180,AM Nayar,Kings XI Punjab,12,18
180,Sunny Singh,Kings XI Punjab,12,6
180,PC Valthaty,Kings XI Punjab,6,6
180,P Kumar,Kings XI Punjab,3,5
180,AC Gilchrist,Kings XI Punjab,1,3
180,SE Marsh,Kings XI Punjab,1,3
180,NJ Rimmington,Kings XI Punjab,1,1
180,KD Karthik,Kings XI Punjab,0,7
180,GC Smith,Pune Warriors,0,1
181,JH Kallis,Kolkata Knight Riders,53,45
181,B Chipli,Deccan Chargers,48,40
181,MK Tiwary,Kolkata Knight Riders,30,21
181,G Gambhir,Kolkata Knight Riders,29,18
181,DT Christian,Deccan Chargers,25,13
181,YK Pathan,Kolkata Knight Riders,22,15
181,MS Bisla,Kolkata Knight Riders,19,21
181,KC Sangakkara,Deccan Chargers,16,15
181,DB Ravi Teja,Deccan Chargers,14,10
181,DW Steyn,Deccan Chargers,13,12
181,A Mishra,Deccan Chargers,12,5
181,S Dhawan,Deccan Chargers,7,7
181,JP Duminy,Deccan Chargers,6,8
181,IR Jaggi,Deccan Chargers,3,9
181,I Sharma,Deccan Chargers,1,1
182,Y Venugopal Rao,Delhi Daredevils,60,40
182,DA Warner,Delhi Daredevils,54,44
182,J Botha,Rajasthan Royals,39,32
182,R Dravid,Rajasthan Royals,38,31
182,AL Menaria,Rajasthan Royals,22,15
182,AM Rahane,Rajasthan Royals,18,17
182,LRPL Taylor,Rajasthan Royals,18,10
182,AJ Finch,Delhi Daredevils,11,14
182,IK Pathan,Delhi Daredevils,9,6
182,AG Paunikar,Rajasthan Royals,5,8
182,V Sehwag,Delhi Daredevils,4,2
182,UBT Chand,Delhi Daredevils,2,10
182,RE van der Merwe,Delhi Daredevils,2,3
182,NV Ojha,Delhi Daredevils,0,2
183,AT Rayudu,Mumbai Indians,63,50
183,TM Dilshan,Royal Challengers Bangalore,59,52
183,SR Tendulkar,Mumbai Indians,55,46
183,AB de Villiers,Royal Challengers Bangalore,38,36
183,DJ Jacobs,Mumbai Indians,22,16
183,SS Tiwary,Royal Challengers Bangalore,16,10
183,V Kohli,Royal Challengers Bangalore,12,19
183,MA Agarwal,Royal Challengers Bangalore,0,1
183,AUK Pathan,Royal Challengers Bangalore,0,2
184,PC Valthaty,Kings XI Punjab,120,63
184,M Vijay,Chennai Super Kings,74,43
184,S Badrinath,Chennai Super Kings,66,56
184,MS Dhoni,Chennai Super Kings,43,20
184,KD Karthik,Kings XI Punjab,21,11
184,Sunny Singh,Kings XI Punjab,20,11
184,AC Gilchrist,Kings XI Punjab,19,15
184,SE Marsh,Kings XI Punjab,12,14
184,S Anirudha,Chennai Super Kings,0,1
184,SK Raina,Chennai Super Kings,0,1
184,AM Nayar,Kings XI Punjab,0,1
185,RA Jadeja,Kochi Tuskers Kerala,47,33
185,BJ Hodge,Kochi Tuskers Kerala,39,36
185,MD Mishra,Pune Warriors,37,21
185,RV Uthappa,Pune Warriors,31,13
185,RV Gomez,Kochi Tuskers Kerala,26,18
185,GC Smith,Pune Warriors,24,24
185,PA Patel,Kochi Tuskers Kerala,21,19
185,JD Ryder,Pune Warriors,17,10
185,M Manhas,Pune Warriors,12,19
185,R Sharma,Pune Warriors,10,9
185,Yuvraj Singh,Pune Warriors,8,12
185,DPMD Jayawardene,Kochi Tuskers Kerala,2,3
185,R Vinay Kumar,Kochi Tuskers Kerala,1,1
185,S Sreesanth,Kochi Tuskers Kerala,1,6
185,WD Parnell,Pune Warriors,1,5
185,BB McCullum,Kochi Tuskers Kerala,0,1
185,VVS Laxman,Kochi Tuskers Kerala,0,3
185,RP Singh,Kochi Tuskers Kerala,0,1
186,V Kohli,Royal Challengers Bangalore,71,51
186,B Chipli,Deccan Chargers,61,35
186,S Sohal,Deccan Chargers,38,37
186,KC Sangakkara,Deccan Chargers,36,25
186,CA Pujara,Royal Challengers Bangalore,25,15
186,JP Duminy,Deccan Chargers,22,15
186,MA Agarwal,Royal Challengers Bangalore,16,13
186,S Dhawan,Deccan Chargers,11,9
186,TM Dilshan,Royal Challengers Bangalore,7,8
186,SS Tiwary,Royal Challengers Bangalore,7,10
186,R Ninan,Royal Challengers Bangalore,3,6
186,DL Vettori,Royal Challengers Bangalore,3,6
186,S Aravind,Royal Challengers Bangalore,2,3
186,DT Christian,Deccan Chargers,0,1
186,Z Khan,Royal Challengers Bangalore,0,3
186,AB de Villiers,Royal Challengers Bangalore,0,7
186,JJ van der Wath,Royal Challengers Bangalore,0,1
187,JH Kallis,Kolkata Knight Riders,80,65
187,G Gambhir,Kolkata Knight Riders,75,44
187,R Dravid,Rajasthan Royals,35,34
187,LRPL Taylor,Rajasthan Royals,35,25
187,AL Menaria,Rajasthan Royals,27,21
187,SR Watson,Rajasthan Royals,22,13
187,J Botha,Rajasthan Royals,12,12
187,AG Paunikar,Rajasthan Royals,9,15
187,MS Bisla,Kolkata Knight Riders,1,3
188,SR Tendulkar,Mumbai Indians,100,66
188,BB McCullum,Kochi Tuskers Kerala,81,60
188,DPMD Jayawardene,Kochi Tuskers Kerala,56,36
188,AT Rayudu,Mumbai Indians,53,33
188,RA Jadeja,Kochi Tuskers Kerala,25,11
188,DJ Jacobs,Mumbai Indians,12,21
188,BJ Hodge,Kochi Tuskers Kerala,11,7
189,MEK Hussey,Chennai Super Kings,83,56
189,AB de Villiers,Royal Challengers Bangalore,65,44
189,V Kohli,Royal Challengers Bangalore,35,28
189,M Vijay,Chennai Super Kings,31,21
189,SK Raina,Chennai Super Kings,29,16
189,MS Dhoni,Chennai Super Kings,22,16
189,AUK Pathan,Royal Challengers Bangalore,14,5
189,SS Tiwary,Royal Challengers Bangalore,14,13
189,JJ van der Wath,Royal Challengers Bangalore,14,10
189,JA Morkel,Chennai Super Kings,9,8
189,MA Agarwal,Royal Challengers Bangalore,7,13
189,S Badrinath,Chennai Super Kings,5,3
189,CA Pujara,Royal Challengers Bangalore,2,4
189,DL Vettori,Royal Challengers Bangalore,2,2
189,TM Dilshan,Royal Challengers Bangalore,0,1
190,PC Valthaty,Kings XI Punjab,75,47
190,AC Gilchrist,Kings XI Punjab,61,46
190,S Dhawan,Deccan Chargers,45,36
190,KC Sangakkara,Deccan Chargers,35,28
190,DT Christian,Deccan Chargers,30,14
190,JP Duminy,Deccan Chargers,18,16
190,B Chipli,Deccan Chargers,14,12
190,AM Nayar,Kings XI Punjab,13,10
190,DB Ravi Teja,Deccan Chargers,10,6
190,S Sohal,Deccan Chargers,7,5
190,KD Karthik,Kings XI Punjab,3,5
190,DW Steyn,Deccan Chargers,1,2
190,MS Gony,Deccan Chargers,0,1
190,A Mishra,Deccan Chargers,0,1
191,Yuvraj Singh,Pune Warriors,66,32
191,JD Ryder,Pune Warriors,60,27
191,DA Warner,Delhi Daredevils,46,28
191,V Sehwag,Delhi Daredevils,37,23
191,Y Venugopal Rao,Delhi Daredevils,31,20
191,AJ Finch,Delhi Daredevils,25,12
191,M Manhas,Pune Warriors,20,18
191,IK Pathan,Delhi Daredevils,14,16
191,JR Hopes,Delhi Daredevils,13,4
191,GC Smith,Pune Warriors,12,14
191,NV Ojha,Delhi Daredevils,11,9
191,WD Parnell,Pune Warriors,10,9
191,MD Mishra,Pune Warriors,7,11
191,RV Uthappa,Pune Warriors,4,10
191,MS Wade,Delhi Daredevils,3,4
192,G Gambhir,Kolkata Knight Riders,35,35
192,MK Tiwary,Kolkata Knight Riders,30,26
192,AL Menaria,Rajasthan Royals,21,17
192,AG Paunikar,Rajasthan Royals,15,15
192,SR Watson,Rajasthan Royals,11,13
192,AS Raut,Rajasthan Royals,11,15
192,MS Bisla,Kolkata Knight Riders,9,22
192,LRPL Taylor,Rajasthan Royals,6,9
192,AM Rahane,Rajasthan Royals,6,9
192,FY Fazal,Rajasthan Royals,3,4
192,SK Warne,Rajasthan Royals,3,6
192,A Singh,Rajasthan Royals,0,2
192,SW Tait,Rajasthan Royals,0,1
192,SK Trivedi,Rajasthan Royals,0,2
192,JH Kallis,Kolkata Knight Riders,0,2
193,SK Raina,Chennai Super Kings,50,40
193,BB McCullum,Kochi Tuskers Kerala,47,33
193,PA Patel,Kochi Tuskers Kerala,34,26
193,M Vijay,Chennai Super Kings,28,18
193,S Badrinath,Chennai Super Kings,19,17
193,BJ Hodge,Kochi Tuskers Kerala,19,14
193,DPMD Jayawardene,Kochi Tuskers Kerala,16,11
193,RA Jadeja,Kochi Tuskers Kerala,16,6
193,MS Dhoni,Chennai Super Kings,14,13
193,JA Morkel,Chennai Super Kings,9,4
193,MEK Hussey,Chennai Super Kings,8,10
194,S Sohal,Deccan Chargers,62,41
194,DA Warner,Delhi Daredevils,51,48
194,KC Sangakkara,Deccan Chargers,49,35
194,CL White,Deccan Chargers,31,25
194,Y Nagar,Delhi Daredevils,23,11
194,Y Venugopal Rao,Delhi Daredevils,21,23
194,JR Hopes,Delhi Daredevils,17,14
194,V Sehwag,Delhi Daredevils,12,7
194,S Dhawan,Deccan Chargers,8,5
194,DT Christian,Deccan Chargers,8,11
194,M Morkel,Delhi Daredevils,8,3
194,B Chipli,Deccan Chargers,5,3
194,IK Pathan,Delhi Daredevils,5,9
194,NV Ojha,Delhi Daredevils,2,4
194,AJ Finch,Delhi Daredevils,0,1
195,RV Uthappa,Pune Warriors,45,37
195,AT Rayudu,Mumbai Indians,37,40
195,SR Tendulkar,Mumbai Indians,35,39
195,RG Sharma,Mumbai Indians,20,18
195,A Symonds,Mumbai Indians,16,15
195,R Sharma,Pune Warriors,13,9
195,JD Ryder,Pune Warriors,12,15
195,MD Mishra,Pune Warriors,12,10
195,M Kartik,Pune Warriors,11,13
195,WD Parnell,Pune Warriors,9,8
195,JEC Franklin,Mumbai Indians,6,8
195,TD Paine,Pune Warriors,2,9
195,SB Wagh,Pune Warriors,2,2
195,M Manhas,Pune Warriors,0,1
195,Yuvraj Singh,Pune Warriors,0,2
195,AC Thomas,Pune Warriors,0,2
196,MK Tiwary,Kolkata Knight Riders,46,51
196,RA Jadeja,Kochi Tuskers Kerala,29,18
196,DPMD Jayawardene,Kochi Tuskers Kerala,25,27
196,BB McCullum,Kochi Tuskers Kerala,23,19
196,MS Bisla,Kolkata Knight Riders,16,14
196,KM Jadhav,Kochi Tuskers Kerala,12,11
196,Iqbal Abdulla,Kolkata Knight Riders,12,9
196,R Vinay Kumar,Kochi Tuskers Kerala,11,10
196,RV Gomez,Kochi Tuskers Kerala,10,10
196,EJG Morgan,Kolkata Knight Riders,10,12
196,R Bhatia,Kolkata Knight Riders,10,8
196,PA Patel,Kochi Tuskers Kerala,9,11
196,YK Pathan,Kolkata Knight Riders,8,3
196,JH Kallis,Kolkata Knight Riders,6,9
196,RR Powar,Kochi Tuskers Kerala,3,6
196,G Gambhir,Kolkata Knight Riders,3,5
196,BJ Hodge,Kochi Tuskers Kerala,2,8
196,Shakib Al Hasan,Kolkata Knight Riders,2,5
196,B Lee,Kolkata Knight Riders,1,3
196,L Balaji,Kolkata Knight Riders,1,1
197,SE Marsh,Kings XI Punjab,71,42
197,PC Valthaty,Kings XI Punjab,46,31
197,AL Menaria,Rajasthan Royals,34,26
197,STR Binny,Rajasthan Royals,30,24
197,AC Gilchrist,Kings XI Punjab,28,16
197,AS Raut,Rajasthan Royals,25,21
197,SR Watson,Rajasthan Royals,24,16
197,KD Karthik,Kings XI Punjab,21,16
197,DH Yagnik,Rajasthan Royals,10,9
197,SA Asnodkar,Rajasthan Royals,9,9
197,R Dravid,Rajasthan Royals,8,7
197,Sunny Singh,Kings XI Punjab,5,5
197,SK Warne,Rajasthan Royals,5,3
197,PP Chawla,Kings XI Punjab,4,3
197,R McLaren,Kings XI Punjab,2,7
197,AM Nayar,Kings XI Punjab,1,3
197,LRPL Taylor,Rajasthan Royals,0,5
198,RG Sharma,Mumbai Indians,87,48
198,S Badrinath,Chennai Super Kings,71,48
198,MEK Hussey,Chennai Super Kings,41,33
198,A Symonds,Mumbai Indians,31,26
198,AT Rayudu,Mumbai Indians,27,29
198,M Vijay,Chennai Super Kings,12,9
198,S Anirudha,Chennai Super Kings,9,9
198,SR Tendulkar,Mumbai Indians,5,8
198,SK Raina,Chennai Super Kings,5,4
198,MS Dhoni,Chennai Super Kings,3,6
198,JA Morkel,Chennai Super Kings,3,4
198,S Randiv,Chennai Super Kings,2,4
198,R Sathish,Mumbai Indians,0,7
198,KA Pollard,Mumbai Indians,0,2
198,R Ashwin,Chennai Super Kings,0,2
198,Joginder Sharma,Chennai Super Kings,0,1
198,DE Bollinger,Chennai Super Kings,0,1
199,CH Gayle,Royal Challengers Bangalore,102,55
199,G Gambhir,Kolkata Knight Riders,48,38
199,YK Pathan,Kolkata Knight Riders,46,24
199,JH Kallis,Kolkata Knight Riders,40,42
199,TM Dilshan,Royal Challengers Bangalore,38,31
199,V Kohli,Royal Challengers Bangalore,30,23
199,BJ Haddin,Kolkata Knight Riders,18,11
199,EJG Morgan,Kolkata Knight Riders,6,6
200,SE Marsh,Kings XI Punjab,95,46
200,DA Warner,Delhi Daredevils,77,48
200,V Sehwag,Delhi Daredevils,77,35
200,AC Gilchrist,Kings XI Punjab,42,33
200,Y Venugopal Rao,Delhi Daredevils,28,15
200,DJ Hussey,Kings XI Punjab,20,10
200,NV Ojha,Delhi Daredevils,19,8
200,AM Nayar,Kings XI Punjab,17,13
200,PC Valthaty,Kings XI Punjab,14,10
200,Y Nagar,Delhi Daredevils,11,9
200,KD Karthik,Kings XI Punjab,6,5
200,AJ Finch,Delhi Daredevils,3,5
200,Sunny Singh,Kings XI Punjab,2,4
200,RJ Harris,Kings XI Punjab,1,1
201,RG Sharma,Mumbai Indians,56,34
201,A Symonds,Mumbai Indians,44,33
201,KC Sangakkara,Deccan Chargers,34,28
201,DJ Jacobs,Mumbai Indians,32,20
201,SR Tendulkar,Mumbai Indians,28,24
201,S Dhawan,Deccan Chargers,25,22
201,A Mishra,Deccan Chargers,25,19
201,DT Christian,Deccan Chargers,21,18
201,AT Rayudu,Mumbai Indians,7,8
201,B Chipli,Deccan Chargers,6,8
201,S Sohal,Deccan Chargers,5,3
201,DW Steyn,Deccan Chargers,4,9
201,CL White,Deccan Chargers,1,7
201,DB Ravi Teja,Deccan Chargers,1,4
201,I Sharma,Deccan Chargers,1,2
201,KA Pollard,Mumbai Indians,0,1
202,SR Watson,Rajasthan Royals,49,40
202,R Dravid,Rajasthan Royals,44,37
202,PA Patel,Kochi Tuskers Kerala,32,34
202,RA Jadeja,Kochi Tuskers Kerala,22,23
202,J Botha,Rajasthan Royals,14,7
202,DPMD Jayawardene,Kochi Tuskers Kerala,13,13
202,VVS Laxman,Kochi Tuskers Kerala,8,10
202,BJ Hodge,Kochi Tuskers Kerala,8,14
202,KM Jadhav,Kochi Tuskers Kerala,5,9
202,R Vinay Kumar,Kochi Tuskers Kerala,5,4
202,M Muralitharan,Kochi Tuskers Kerala,5,8
202,LRPL Taylor,Rajasthan Royals,2,1
202,NLTC Perera,Kochi Tuskers Kerala,1,4
202,RP Singh,Kochi Tuskers Kerala,1,1
202,RV Gomez,Kochi Tuskers Kerala,0,1
203,MEK Hussey,Chennai Super Kings,61,48
203,Yuvraj Singh,Pune Warriors,34,43
203,M Vijay,Chennai Super Kings,31,29
203,MS Dhoni,Chennai Super Kings,26,21
203,M Manhas,Pune Warriors,20,23
203,JD Ryder,Pune Warriors,15,11
203,NL McCullum,Pune Warriors,15,16
203,MK Pandey,Pune Warriors,12,9
203,S Badrinath,Chennai Super Kings,11,7
203,MD Mishra,Pune Warriors,9,9
203,S Anirudha,Chennai Super Kings,7,7
203,SK Raina,Chennai Super Kings,2,4
203,JE Taylor,Pune Warriors,2,1
203,R Sharma,Pune Warriors,1,1
203,M Kartik,Pune Warriors,1,2
203,AC Thomas,Pune Warriors,1,2
203,JA Morkel,Chennai Super Kings,0,4
203,RV Uthappa,Pune Warriors,0,4
204,V Kohli,Royal Challengers Bangalore,56,38
204,JR Hopes,Delhi Daredevils,54,43
204,CH Gayle,Royal Challengers Bangalore,26,14
204,V Sehwag,Delhi Daredevils,25,18
204,Y Venugopal Rao,Delhi Daredevils,24,21
204,SS Tiwary,Royal Challengers Bangalore,18,20
204,DL Vettori,Royal Challengers Bangalore,18,19
204,NV Ojha,Delhi Daredevils,16,11
204,IK Pathan,Delhi Daredevils,13,7
204,J Syed Mohammad,Royal Challengers Bangalore,13,10
204,MS Wade,Delhi Daredevils,8,9
204,DA Warner,Delhi Daredevils,7,11
204,CA Pujara,Royal Challengers Bangalore,7,12
204,AB de Villiers,Royal Challengers Bangalore,5,2
204,Y Nagar,Delhi Daredevils,0,2
204,TM Dilshan,Royal Challengers Bangalore,0,1
204,A Mithun,Royal Challengers Bangalore,0,2
205,S Badrinath,Chennai Super Kings,63,44
205,Yuvraj Singh,Pune Warriors,62,43
205,SK Raina,Chennai Super Kings,34,25
205,RV Uthappa,Pune Warriors,31,22
205,M Vijay,Chennai Super Kings,31,31
205,JD Ryder,Pune Warriors,19,12
205,MR Marsh,Pune Warriors,11,15
205,MK Pandey,Pune Warriors,10,13
205,MEK Hussey,Chennai Super Kings,9,18
205,MD Mishra,Pune Warriors,2,9
205,JE Taylor,Pune Warriors,1,2
205,M Manhas,Pune Warriors,0,4
206,KC Sangakkara,Deccan Chargers,65,47
206,CL White,Deccan Chargers,31,34
206,RA Jadeja,Kochi Tuskers Kerala,23,35
206,NLTC Perera,Kochi Tuskers Kerala,22,23
206,R Vinay Kumar,Kochi Tuskers Kerala,18,19
206,DT Christian,Deccan Chargers,9,11
206,DB Ravi Teja,Deccan Chargers,8,5
206,S Dhawan,Deccan Chargers,4,9
206,B Chipli,Deccan Chargers,4,10
206,DPMD Jayawardene,Kochi Tuskers Kerala,4,8
206,S Sohal,Deccan Chargers,1,4
206,A Mishra,Deccan Chargers,0,1
206,MS Gony,Deccan Chargers,0,1
206,BB McCullum,Kochi Tuskers Kerala,0,4
206,PA Patel,Kochi Tuskers Kerala,0,3
206,RV Gomez,Kochi Tuskers Kerala,0,1
206,BJ Hodge,Kochi Tuskers Kerala,0,2
206,KM Jadhav,Kochi Tuskers Kerala,0,2
206,S Sreesanth,Kochi Tuskers Kerala,0,1
206,RP Singh,Kochi Tuskers Kerala,0,1
207,MK Tiwary,Kolkata Knight Riders,61,47
207,V Sehwag,Delhi Daredevils,34,23
207,JR Hopes,Delhi Daredevils,25,30
207,SP Goswami,Kolkata Knight Riders,22,20
207,RN ten Doeschate,Kolkata Knight Riders,19,12
207,Y Venugopal Rao,Delhi Daredevils,19,18
207,Y Nagar,Delhi Daredevils,19,12
207,G Gambhir,Kolkata Knight Riders,18,19
207,JH Kallis,Kolkata Knight Riders,11,11
207,IK Pathan,Delhi Daredevils,9,12
207,TR Birt,Delhi Daredevils,8,11
207,M Morkel,Delhi Daredevils,6,5
207,YK Pathan,Kolkata Knight Riders,5,8
207,L Balaji,Kolkata Knight Riders,3,1
207,DA Warner,Delhi Daredevils,2,6
207,B Lee,Kolkata Knight Riders,1,1
207,NV Ojha,Delhi Daredevils,1,2
207,UT Yadav,Delhi Daredevils,1,1
207,EJG Morgan,Kolkata Knight Riders,0,1
208,J Botha,Rajasthan Royals,45,39
208,SR Watson,Rajasthan Royals,26,32
208,A Symonds,Mumbai Indians,17,26
208,DJ Jacobs,Mumbai Indians,15,15
208,RG Sharma,Mumbai Indians,13,22
208,LRPL Taylor,Rajasthan Royals,13,18
208,AT Rayudu,Mumbai Indians,11,13
208,Harbhajan Singh,Mumbai Indians,10,7
208,SR Tendulkar,Mumbai Indians,7,7
208,R Sathish,Mumbai Indians,7,6
208,R Dravid,Rajasthan Royals,5,16
208,KA Pollard,Mumbai Indians,4,15
208,AL Menaria,Rajasthan Royals,4,4
208,AG Murtaza,Mumbai Indians,2,5
208,SL Malinga,Mumbai Indians,1,4
209,V Kohli,Royal Challengers Bangalore,67,42
209,JD Ryder,Pune Warriors,51,34
209,CH Gayle,Royal Challengers Bangalore,49,26
209,Yuvraj Singh,Pune Warriors,41,23
209,AB de Villiers,Royal Challengers Bangalore,26,20
209,RV Uthappa,Pune Warriors,23,17
209,MK Pandey,Pune Warriors,19,23
209,TM Dilshan,Royal Challengers Bangalore,15,19
209,SS Tiwary,Royal Challengers Bangalore,14,8
209,M Kaif,Royal Challengers Bangalore,8,5
209,TD Paine,Pune Warriors,8,17
209,M Manhas,Pune Warriors,3,5
209,Harpreet Singh,Pune Warriors,1,1
210,V Sehwag,Delhi Daredevils,80,47
210,RA Jadeja,Kochi Tuskers Kerala,31,22
210,BJ Hodge,Kochi Tuskers Kerala,27,25
210,Y Nagar,Delhi Daredevils,22,30
210,TR Birt,Delhi Daredevils,20,13
210,DPMD Jayawardene,Kochi Tuskers Kerala,18,28
210,IK Pathan,Delhi Daredevils,13,7
210,B Akhil,Kochi Tuskers Kerala,13,9
210,R Vinay Kumar,Kochi Tuskers Kerala,11,9
210,BB McCullum,Kochi Tuskers Kerala,7,7
210,DA Warner,Delhi Daredevils,3,7
210,RE van der Merwe,Delhi Daredevils,2,4
210,M Klinger,Kochi Tuskers Kerala,2,6
210,Y Venugopal Rao,Delhi Daredevils,1,10
210,PA Patel,Kochi Tuskers Kerala,1,3
210,RP Singh,Kochi Tuskers Kerala,1,1
210,NV Ojha,Delhi Daredevils,0,3
210,RR Powar,Kochi Tuskers Kerala,0,1
210,S Sreesanth,Kochi Tuskers Kerala,0,2
211,G Gambhir,Kolkata Knight Riders,45,44
211,KD Karthik,Kings XI Punjab,42,42
211,MK Tiwary,Kolkata Knight Riders,34,41
211,EJG Morgan,Kolkata Knight Riders,28,15
211,AC Gilchrist,Kings XI Punjab,26,27
211,Bipul Sharma,Kings XI Punjab,16,12
211,DJ Hussey,Kings XI Punjab,15,20
211,PC Valthaty,Kings XI Punjab,7,8
211,SE Marsh,Kings XI Punjab,5,7
211,P Kumar,Kings XI Punjab,2,2
211,JH Kallis,Kolkata Knight Riders,1,4
211,AM Nayar,Kings XI Punjab,0,2
212,LRPL Taylor,Rajasthan Royals,47,35
212,RV Uthappa,Pune Warriors,35,21
212,MK Pandey,Pune Warriors,30,31
212,AL Menaria,Rajasthan Royals,29,22
212,M Manhas,Pune Warriors,24,19
212,JD Ryder,Pune Warriors,18,12
212,R Dravid,Rajasthan Royals,18,20
212,AM Rahane,Rajasthan Royals,15,9
212,Harpreet Singh,Pune Warriors,13,19
212,SR Watson,Rajasthan Royals,12,14
212,J Botha,Rajasthan Royals,12,18
212,NL McCullum,Pune Warriors,11,6
212,Yuvraj Singh,Pune Warriors,7,11
212,R Sharma,Pune Warriors,0,1
213,SK Raina,Chennai Super Kings,59,35
213,S Sohal,Deccan Chargers,56,30
213,MEK Hussey,Chennai Super Kings,46,41
213,MS Dhoni,Chennai Super Kings,21,22
213,JA Morkel,Chennai Super Kings,19,6
213,S Dhawan,Deccan Chargers,19,27
213,B Chipli,Deccan Chargers,17,15
213,JP Duminy,Deccan Chargers,17,11
213,KC Sangakkara,Deccan Chargers,15,12
213,CL White,Deccan Chargers,13,18
213,S Badrinath,Chennai Super Kings,5,2
213,M Vijay,Chennai Super Kings,3,14
213,S Anirudha,Chennai Super Kings,3,2
213,A Mishra,Deccan Chargers,2,5
213,DT Christian,Deccan Chargers,1,1
213,I Sharma,Deccan Chargers,1,1
214,SE Marsh,Kings XI Punjab,61,47
214,SR Tendulkar,Mumbai Indians,51,45
214,AT Rayudu,Mumbai Indians,51,37
214,PC Valthaty,Kings XI Punjab,33,38
214,KA Pollard,Mumbai Indians,20,11
214,RG Sharma,Mumbai Indians,18,11
214,AM Nayar,Kings XI Punjab,14,9
214,DJ Jacobs,Mumbai Indians,10,10
214,PP Chawla,Kings XI Punjab,10,10
214,A Symonds,Mumbai Indians,4,6
214,P Kumar,Kings XI Punjab,2,3
214,DJ Hussey,Kings XI Punjab,1,5
214,KD Karthik,Kings XI Punjab,1,2
214,Bipul Sharma,Kings XI Punjab,1,2
214,RJ Harris,Kings XI Punjab,1,2
214,AC Gilchrist,Kings XI Punjab,0,2
215,Y Venugopal Rao,Delhi Daredevils,40,36
215,BB McCullum,Kochi Tuskers Kerala,37,19
215,PA Patel,Kochi Tuskers Kerala,37,31
215,TR Birt,Delhi Daredevils,27,15
215,BJ Hodge,Kochi Tuskers Kerala,24,13
215,Y Nagar,Delhi Daredevils,18,23
215,M Klinger,Kochi Tuskers Kerala,18,20
215,V Sehwag,Delhi Daredevils,15,9
215,DA Warner,Delhi Daredevils,13,15
215,NV Ojha,Delhi Daredevils,13,14
215,DPMD Jayawardene,Kochi Tuskers Kerala,7,10
215,IK Pathan,Delhi Daredevils,5,6
215,RE van der Merwe,Delhi Daredevils,2,3
216,S Dhawan,Deccan Chargers,54,45
216,YK Pathan,Kolkata Knight Riders,47,26
216,G Gambhir,Kolkata Knight Riders,35,22
216,MK Tiwary,Kolkata Knight Riders,33,28
216,JH Kallis,Kolkata Knight Riders,30,31
216,DB Ravi Teja,Deccan Chargers,30,22
216,S Sohal,Deccan Chargers,26,20
216,EJG Morgan,Kolkata Knight Riders,14,15
216,CL White,Deccan Chargers,13,13
216,B Chipli,Deccan Chargers,12,7
216,A Mishra,Deccan Chargers,9,9
216,DT Christian,Deccan Chargers,1,3
216,KC Sangakkara,Deccan Chargers,0,2
217,MEK Hussey,Chennai Super Kings,79,55
217,R Dravid,Rajasthan Royals,66,51
217,SK Raina,Chennai Super Kings,61,51
217,SR Watson,Rajasthan Royals,32,26
217,LRPL Taylor,Rajasthan Royals,20,14
217,J Botha,Rajasthan Royals,8,6
217,STR Binny,Rajasthan Royals,7,7
217,M Vijay,Chennai Super Kings,5,6
217,AM Rahane,Rajasthan Royals,4,8
217,AL Menaria,Rajasthan Royals,2,8
217,DH Yagnik,Rajasthan Royals,1,1
218,MK Pandey,Pune Warriors,59,47
218,TL Suman,Mumbai Indians,36,16
218,RV Uthappa,Pune Warriors,34,26
218,KA Pollard,Mumbai Indians,28,21
218,AT Rayudu,Mumbai Indians,27,28
218,SR Tendulkar,Mumbai Indians,24,24
218,Yuvraj Singh,Pune Warriors,20,16
218,RG Sharma,Mumbai Indians,12,20
218,AA Jhunjhunwala,Pune Warriors,10,15
218,Harbhajan Singh,Mumbai Indians,9,3
218,AC Blizzard,Mumbai Indians,6,6
218,GC Smith,Pune Warriors,6,12
218,A Symonds,Mumbai Indians,3,3
218,JD Ryder,Pune Warriors,0,1
218,M Manhas,Pune Warriors,0,1
218,SB Wagh,Pune Warriors,0,1
218,R Sharma,Pune Warriors,0,1
219,EJG Morgan,Kolkata Knight Riders,66,51
219,DPMD Jayawardene,Kochi Tuskers Kerala,55,41
219,JH Kallis,Kolkata Knight Riders,45,41
219,BJ Hodge,Kochi Tuskers Kerala,35,19
219,M Klinger,Kochi Tuskers Kerala,29,26
219,PA Patel,Kochi Tuskers Kerala,21,16
219,YK Pathan,Kolkata Knight Riders,17,13
219,RA Jadeja,Kochi Tuskers Kerala,8,11
219,MV Boucher,Kolkata Knight Riders,5,4
219,BB McCullum,Kochi Tuskers Kerala,1,8
219,RV Gomez,Kochi Tuskers Kerala,1,1
219,MK Tiwary,Kolkata Knight Riders,1,7
219,B Lee,Kolkata Knight Riders,1,2
219,R Bhatia,Kolkata Knight Riders,1,1
219,G Gambhir,Kolkata Knight Riders,0,1
220,V Sehwag,Delhi Daredevils,119,56
220,JP Duminy,Deccan Chargers,55,31
220,KC Sangakkara,Deccan Chargers,44,36
220,S Dhawan,Deccan Chargers,29,18
220,DT Christian,Deccan Chargers,27,22
220,JR Hopes,Delhi Daredevils,17,10
220,IK Pathan,Delhi Daredevils,12,15
220,I Malhotra,Deccan Chargers,7,4
220,NV Ojha,Delhi Daredevils,7,10
220,Y Nagar,Delhi Daredevils,7,3
220,TR Birt,Delhi Daredevils,4,8
220,Y Venugopal Rao,Delhi Daredevils,3,11
220,DB Ravi Teja,Deccan Chargers,2,9
220,B Chipli,Deccan Chargers,1,2
220,AJ Finch,Delhi Daredevils,0,2
221,CH Gayle,Royal Challengers Bangalore,107,49
221,R McLaren,Kings XI Punjab,28,32
221,V Kohli,Royal Challengers Bangalore,27,31
221,AB de Villiers,Royal Challengers Bangalore,27,14
221,PC Valthaty,Kings XI Punjab,21,16
221,KD Karthik,Kings XI Punjab,20,15
221,RJ Harris,Kings XI Punjab,17,25
221,TM Dilshan,Royal Challengers Bangalore,16,9
221,P Kumar,Kings XI Punjab,15,7
221,SS Tiwary,Royal Challengers Bangalore,13,9
221,A Mithun,Royal Challengers Bangalore,6,3
221,PP Chawla,Kings XI Punjab,5,6
221,SE Marsh,Kings XI Punjab,4,8
221,Sunny Singh,Kings XI Punjab,4,5
221,M Kaif,Royal Challengers Bangalore,3,4
221,AM Nayar,Kings XI Punjab,1,4
221,AUK Pathan,Royal Challengers Bangalore,0,1
221,AC Gilchrist,Kings XI Punjab,0,1
221,L Ablish,Kings XI Punjab,0,2
222,S Badrinath,Chennai Super Kings,54,41
222,JA Morkel,Chennai Super Kings,30,30
222,JH Kallis,Kolkata Knight Riders,21,23
222,G Gambhir,Kolkata Knight Riders,16,19
222,MEK Hussey,Chennai Super Kings,15,26
222,MK Tiwary,Kolkata Knight Riders,15,12
222,M Vijay,Chennai Super Kings,5,14
222,EJG Morgan,Kolkata Knight Riders,5,6
222,SK Raina,Chennai Super Kings,4,9
223,AT Rayudu,Mumbai Indians,59,39
223,JR Hopes,Delhi Daredevils,55,44
223,RG Sharma,Mumbai Indians,49,32
223,AC Blizzard,Mumbai Indians,37,23
223,Y Venugopal Rao,Delhi Daredevils,37,27
223,IK Pathan,Delhi Daredevils,23,18
223,SR Tendulkar,Mumbai Indians,14,14
223,M Morkel,Delhi Daredevils,10,9
223,KA Pollard,Mumbai Indians,9,8
223,AB Agarkar,Delhi Daredevils,7,6
223,A Symonds,Mumbai Indians,4,4
223,V Sehwag,Delhi Daredevils,2,4
223,DA Warner,Delhi Daredevils,1,2
223,CA Ingram,Delhi Daredevils,1,2
223,NV Ojha,Delhi Daredevils,1,7
223,Y Nagar,Delhi Daredevils,0,1
223,S Nadeem,Delhi Daredevils,0,1
224,TM Dilshan,Royal Challengers Bangalore,52,31
224,CH Gayle,Royal Challengers Bangalore,44,16
224,V Kohli,Royal Challengers Bangalore,27,33
224,M Klinger,Kochi Tuskers Kerala,24,25
224,RA Jadeja,Kochi Tuskers Kerala,23,22
224,BB McCullum,Kochi Tuskers Kerala,22,16
224,PA Patel,Kochi Tuskers Kerala,19,14
224,RR Powar,Kochi Tuskers Kerala,8,6
224,RV Gomez,Kochi Tuskers Kerala,7,15
224,BJ Hodge,Kochi Tuskers Kerala,5,12
224,DPMD Jayawardene,Kochi Tuskers Kerala,3,7
224,R Vinay Kumar,Kochi Tuskers Kerala,3,3
224,P Parameswaran,Kochi Tuskers Kerala,1,1
225,Yuvraj Singh,Pune Warriors,35,15
225,SE Marsh,Kings XI Punjab,32,28
225,KD Karthik,Kings XI Punjab,30,27
225,MK Pandey,Pune Warriors,28,30
225,PC Valthaty,Kings XI Punjab,23,22
225,RV Uthappa,Pune Warriors,22,18
225,JD Ryder,Pune Warriors,15,18
225,SD Chitnis,Kings XI Punjab,9,9
225,Mandeep Singh,Kings XI Punjab,6,11
225,CJ Ferguson,Pune Warriors,6,14
225,DJ Hussey,Kings XI Punjab,4,5
225,RJ Harris,Kings XI Punjab,4,4
225,AC Gilchrist,Kings XI Punjab,3,8
225,P Kumar,Kings XI Punjab,3,5
225,MR Marsh,Pune Warriors,2,6
225,SJ Srivastava,Kings XI Punjab,1,1
225,AA Jhunjhunwala,Pune Warriors,0,3
226,M Vijay,Chennai Super Kings,53,40
226,AM Rahane,Rajasthan Royals,52,36
226,MEK Hussey,Chennai Super Kings,46,30
226,SK Raina,Chennai Super Kings,43,27
226,MS Dhoni,Chennai Super Kings,41,19
226,R Dravid,Rajasthan Royals,20,16
226,AS Raut,Rajasthan Royals,19,14
226,J Botha,Rajasthan Royals,14,17
226,SR Watson,Rajasthan Royals,11,10
226,LRPL Taylor,Rajasthan Royals,6,8
226,JA Morkel,Chennai Super Kings,5,4
226,DH Yagnik,Rajasthan Royals,3,7
226,AL Menaria,Rajasthan Royals,2,5
226,A Singh,Rajasthan Royals,1,2
226,SK Warne,Rajasthan Royals,0,2
227,MK Pandey,Pune Warriors,49,42
227,JD Ryder,Pune Warriors,35,20
227,SC Ganguly,Pune Warriors,32,32
227,DB Ravi Teja,Deccan Chargers,30,27
227,JP Duminy,Deccan Chargers,30,30
227,S Dhawan,Deccan Chargers,24,17
227,B Chipli,Deccan Chargers,18,14
227,CJ Ferguson,Pune Warriors,15,8
227,KC Sangakkara,Deccan Chargers,12,13
227,DW Steyn,Deccan Chargers,11,6
227,DT Christian,Deccan Chargers,10,11
227,Yuvraj Singh,Pune Warriors,2,6
227,RV Uthappa,Pune Warriors,1,3
227,S Sohal,Deccan Chargers,0,1
227,A Mishra,Deccan Chargers,0,1
228,SE Marsh,Kings XI Punjab,43,34
228,KD Karthik,Kings XI Punjab,31,24
228,AC Gilchrist,Kings XI Punjab,28,28
228,KA Pollard,Mumbai Indians,17,11
228,AC Blizzard,Mumbai Indians,15,10
228,PC Valthaty,Kings XI Punjab,14,14
228,AT Rayudu,Mumbai Indians,13,19
228,Harbhajan Singh,Mumbai Indians,12,7
228,Mandeep Singh,Kings XI Punjab,8,5
228,A Symonds,Mumbai Indians,8,6
228,Bipul Sharma,Kings XI Punjab,6,4
228,RJ Harris,Kings XI Punjab,6,4
228,SR Tendulkar,Mumbai Indians,6,9
228,RG Sharma,Mumbai Indians,5,5
228,TL Suman,Mumbai Indians,4,5
228,SJ Srivastava,Kings XI Punjab,3,2
228,P Kumar,Kings XI Punjab,2,2
228,DS Kulkarni,Mumbai Indians,2,4
228,DJ Hussey,Kings XI Punjab,0,3
228,MM Patel,Mumbai Indians,0,1
229,CH Gayle,Royal Challengers Bangalore,70,44
229,V Kohli,Royal Challengers Bangalore,39,34
229,TM Dilshan,Royal Challengers Bangalore,38,24
229,R Dravid,Rajasthan Royals,37,31
229,SR Watson,Rajasthan Royals,34,29
229,J Botha,Rajasthan Royals,19,20
229,AM Rahane,Rajasthan Royals,17,10
229,LRPL Taylor,Rajasthan Royals,13,13
229,AL Menaria,Rajasthan Royals,8,6
229,AS Raut,Rajasthan Royals,5,8
229,DH Yagnik,Rajasthan Royals,2,5
230,MS Dhoni,Chennai Super Kings,63,31
230,S Badrinath,Chennai Super Kings,55,43
230,IK Pathan,Delhi Daredevils,44,34
230,M Vijay,Chennai Super Kings,35,33
230,Y Venugopal Rao,Delhi Daredevils,30,20
230,NV Ojha,Delhi Daredevils,25,14
230,DA Warner,Delhi Daredevils,21,25
230,SK Raina,Chennai Super Kings,14,10
230,JR Hopes,Delhi Daredevils,8,6
230,AB McDonald,Delhi Daredevils,8,7
230,CA Ingram,Delhi Daredevils,7,12
230,MEK Hussey,Chennai Super Kings,5,4
230,Y Nagar,Delhi Daredevils,1,2
231,DPMD Jayawardene,Kochi Tuskers Kerala,76,52
231,KD Karthik,Kings XI Punjab,69,33
231,SE Marsh,Kings XI Punjab,42,30
231,BB McCullum,Kochi Tuskers Kerala,32,27
231,OA Shah,Kochi Tuskers Kerala,23,12
231,DJ Hussey,Kings XI Punjab,21,15
231,RA Jadeja,Kochi Tuskers Kerala,17,18
231,PC Valthaty,Kings XI Punjab,17,10
231,Mandeep Singh,Kings XI Punjab,15,10
231,AC Gilchrist,Kings XI Punjab,9,15
231,BJ Hodge,Kochi Tuskers Kerala,4,6
231,RV Gomez,Kochi Tuskers Kerala,2,3
231,R Vinay Kumar,Kochi Tuskers Kerala,1,1
231,PA Patel,Kochi Tuskers Kerala,0,1
232,CH Gayle,Royal Challengers Bangalore,38,12
232,YK Pathan,Kolkata Knight Riders,36,24
232,MK Tiwary,Kolkata Knight Riders,19,24
232,JH Kallis,Kolkata Knight Riders,17,14
232,LA Pomersbach,Royal Challengers Bangalore,16,14
232,V Kohli,Royal Challengers Bangalore,15,15
232,M Kaif,Royal Challengers Bangalore,15,13
232,AB de Villiers,Royal Challengers Bangalore,13,13
232,G Gambhir,Kolkata Knight Riders,7,9
232,EJG Morgan,Kolkata Knight Riders,2,5
232,MV Boucher,Kolkata Knight Riders,1,2
232,KB Arun Karthik,Royal Challengers Bangalore,1,2
232,SS Tiwary,Royal Challengers Bangalore,1,5
233,SR Tendulkar,Mumbai Indians,37,42
233,KC Sangakkara,Deccan Chargers,27,28
233,S Dhawan,Deccan Chargers,27,18
233,KA Pollard,Mumbai Indians,24,13
233,S Sohal,Deccan Chargers,20,22
233,DT Christian,Deccan Chargers,18,23
233,A Mishra,Deccan Chargers,18,6
233,Harbhajan Singh,Mumbai Indians,17,12
233,TL Suman,Mumbai Indians,14,13
233,B Chipli,Deccan Chargers,10,11
233,JP Duminy,Deccan Chargers,8,10
233,A Symonds,Mumbai Indians,8,19
233,RG Sharma,Mumbai Indians,4,6
233,AT Rayudu,Mumbai Indians,2,8
233,AC Blizzard,Mumbai Indians,1,7
233,MJ Lumb,Deccan Chargers,0,2
234,PC Valthaty,Kings XI Punjab,62,50
234,SE Marsh,Kings XI Punjab,46,28
234,DA Warner,Delhi Daredevils,29,29
234,NV Ojha,Delhi Daredevils,28,28
234,KD Karthik,Kings XI Punjab,27,19
234,Y Venugopal Rao,Delhi Daredevils,16,13
234,TR Birt,Delhi Daredevils,16,11
234,M Morkel,Delhi Daredevils,16,6
234,Mandeep Singh,Kings XI Punjab,11,7
234,Y Nagar,Delhi Daredevils,10,7
234,AC Gilchrist,Kings XI Punjab,9,9
234,JR Hopes,Delhi Daredevils,7,7
234,S Sriram,Delhi Daredevils,4,7
234,DJ Hussey,Kings XI Punjab,3,4
234,IK Pathan,Delhi Daredevils,3,7
234,RJ Harris,Kings XI Punjab,2,2
234,PP Chawla,Kings XI Punjab,1,1
234,VR Aaron,Delhi Daredevils,0,5
235,BJ Hodge,Kochi Tuskers Kerala,33,17
235,AL Menaria,Rajasthan Royals,31,28
235,BB McCullum,Kochi Tuskers Kerala,29,12
235,PA Patel,Kochi Tuskers Kerala,21,14
235,SR Watson,Rajasthan Royals,20,13
235,FY Fazal,Rajasthan Royals,16,15
235,SW Tait,Rajasthan Royals,10,9
235,AM Rahane,Rajasthan Royals,8,9
235,DPMD Jayawardene,Kochi Tuskers Kerala,6,3
235,PR Shah,Rajasthan Royals,5,5
235,SK Warne,Rajasthan Royals,2,9
235,R Dravid,Rajasthan Royals,1,4
235,AA Chavan,Rajasthan Royals,1,3
235,JDP Oram,Rajasthan Royals,0,3
235,ND Doshi,Rajasthan Royals,0,13
236,MR Marsh,Pune Warriors,37,28
236,S Sohal,Deccan Chargers,34,28
236,S Dhawan,Deccan Chargers,28,25
236,KC Sangakkara,Deccan Chargers,25,21
236,MK Pandey,Pune Warriors,23,20
236,Yuvraj Singh,Pune Warriors,23,17
236,JP Duminy,Deccan Chargers,23,26
236,JD Ryder,Pune Warriors,18,14
236,WD Parnell,Pune Warriors,16,16
236,DT Christian,Deccan Chargers,14,12
236,CJ Ferguson,Pune Warriors,11,13
236,B Chipli,Deccan Chargers,5,4
236,RV Uthappa,Pune Warriors,4,5
236,B Kumar,Pune Warriors,1,1
236,SC Ganguly,Pune Warriors,0,5
236,M Manhas,Pune Warriors,0,1
237,AC Gilchrist,Kings XI Punjab,106,55
237,SE Marsh,Kings XI Punjab,79,49
237,AB de Villiers,Royal Challengers Bangalore,34,27
237,PC Valthaty,Kings XI Punjab,20,17
237,M Kaif,Royal Challengers Bangalore,15,11
237,V Kohli,Royal Challengers Bangalore,11,11
237,S Aravind,Royal Challengers Bangalore,11,5
237,A Mithun,Royal Challengers Bangalore,10,7
237,CK Langeveldt,Royal Challengers Bangalore,8,8
237,AUK Pathan,Royal Challengers Bangalore,7,4
237,SS Tiwary,Royal Challengers Bangalore,6,11
237,KB Arun Karthik,Royal Challengers Bangalore,6,6
237,JJ van der Wath,Royal Challengers Bangalore,4,5
237,DJ Hussey,Kings XI Punjab,0,1
237,CH Gayle,Royal Challengers Bangalore,0,7
238,BJ Hodge,Kochi Tuskers Kerala,51,42
238,WP Saha,Chennai Super Kings,46,33
238,BB McCullum,Kochi Tuskers Kerala,33,37
238,MEK Hussey,Chennai Super Kings,32,37
238,SK Raina,Chennai Super Kings,19,13
238,Y Gnaneswara Rao,Kochi Tuskers Kerala,19,17
238,RA Jadeja,Kochi Tuskers Kerala,19,13
238,M Vijay,Chennai Super Kings,16,11
238,S Badrinath,Chennai Super Kings,13,10
238,JA Morkel,Chennai Super Kings,13,10
238,MS Dhoni,Chennai Super Kings,9,6
238,PA Patel,Kochi Tuskers Kerala,6,7
238,OA Shah,Kochi Tuskers Kerala,3,3
238,KM Jadhav,Kochi Tuskers Kerala,1,1
239,G Gambhir,Kolkata Knight Riders,54,46
239,YK Pathan,Kolkata Knight Riders,29,25
239,Yuvraj Singh,Pune Warriors,24,26
239,MK Tiwary,Kolkata Knight Riders,24,24
239,SC Ganguly,Pune Warriors,18,22
239,S Rana,Pune Warriors,18,16
239,MK Pandey,Pune Warriors,16,12
239,CJ Ferguson,Pune Warriors,16,19
239,RV Uthappa,Pune Warriors,12,19
239,SP Goswami,Kolkata Knight Riders,6,3
239,JD Ryder,Pune Warriors,1,6
239,WD Parnell,Pune Warriors,1,1
239,R Bhatia,Kolkata Knight Riders,1,3
240,SR Watson,Rajasthan Royals,89,47
240,RG Sharma,Mumbai Indians,58,47
240,R Dravid,Rajasthan Royals,43,32
240,SR Tendulkar,Mumbai Indians,31,35
240,KA Pollard,Mumbai Indians,20,18
240,JEC Franklin,Mumbai Indians,11,5
240,TL Suman,Mumbai Indians,5,6
240,AT Rayudu,Mumbai Indians,2,8
240,Harbhajan Singh,Mumbai Indians,1,1
241,S Dhawan,Deccan Chargers,95,57
241,DB Ravi Teja,Deccan Chargers,60,41
241,AC Gilchrist,Kings XI Punjab,51,37
241,CL White,Deccan Chargers,15,12
241,SE Marsh,Kings XI Punjab,13,8
241,PP Chawla,Kings XI Punjab,13,7
241,JP Duminy,Deccan Chargers,12,10
241,KD Karthik,Kings XI Punjab,11,14
241,R McLaren,Kings XI Punjab,9,14
241,Mandeep Singh,Kings XI Punjab,7,8
241,PC Valthaty,Kings XI Punjab,5,6
241,AM Nayar,Kings XI Punjab,3,7
241,RJ Harris,Kings XI Punjab,0,1
241,P Kumar,Kings XI Punjab,0,7
241,BA Bhatt,Kings XI Punjab,0,5
242,DA Warner,Delhi Daredevils,19,10
242,CA Ingram,Delhi Daredevils,13,12
242,MS Wade,Delhi Daredevils,11,20
242,NV Ojha,Delhi Daredevils,8,19
242,Y Venugopal Rao,Delhi Daredevils,0,1
243,CH Gayle,Royal Challengers Bangalore,75,50
243,MS Dhoni,Chennai Super Kings,70,40
243,V Kohli,Royal Challengers Bangalore,31,29
243,WP Saha,Chennai Super Kings,22,30
243,SS Tiwary,Royal Challengers Bangalore,13,26
243,M Vijay,Chennai Super Kings,6,9
243,DJ Bravo,Chennai Super Kings,5,5
243,JA Morkel,Chennai Super Kings,5,9
243,MEK Hussey,Chennai Super Kings,4,7
243,SK Raina,Chennai Super Kings,4,6
243,R Ashwin,Chennai Super Kings,2,4
243,S Badrinath,Chennai Super Kings,0,10
243,AB de Villiers,Royal Challengers Bangalore,0,3
244,JH Kallis,Kolkata Knight Riders,59,42
244,JEC Franklin,Mumbai Indians,45,23
244,SR Tendulkar,Mumbai Indians,38,27
244,YK Pathan,Kolkata Knight Riders,36,27
244,MK Tiwary,Kolkata Knight Riders,35,22
244,Harbhajan Singh,Mumbai Indians,30,29
244,RN ten Doeschate,Kolkata Knight Riders,18,12
244,KA Pollard,Mumbai Indians,18,22
244,AT Rayudu,Mumbai Indians,17,6
244,R Bhatia,Kolkata Knight Riders,11,6
244,RG Sharma,Mumbai Indians,10,9
244,G Gambhir,Kolkata Knight Riders,8,7
244,TL Suman,Mumbai Indians,4,4
244,SP Goswami,Kolkata Knight Riders,1,3
244,Shakib Al Hasan,Kolkata Knight Riders,1,1
245,SK Raina,Chennai Super Kings,73,50
245,V Kohli,Royal Challengers Bangalore,70,44
245,MA Agarwal,Royal Challengers Bangalore,34,33
245,S Badrinath,Chennai Super Kings,34,32
245,LA Pomersbach,Royal Challengers Bangalore,29,18
245,MS Dhoni,Chennai Super Kings,29,19
245,JA Morkel,Chennai Super Kings,28,10
245,AB de Villiers,Royal Challengers Bangalore,11,10
245,SS Tiwary,Royal Challengers Bangalore,9,6
245,CH Gayle,Royal Challengers Bangalore,8,9
245,M Vijay,Chennai Super Kings,5,5
245,MEK Hussey,Chennai Super Kings,0,4
246,RN ten Doeschate,Kolkata Knight Riders,70,49
246,AC Blizzard,Mumbai Indians,51,30
246,SR Tendulkar,Mumbai Indians,36,28
246,JEC Franklin,Mumbai Indians,29,25
246,YK Pathan,Kolkata Knight Riders,26,24
246,Shakib Al Hasan,Kolkata Knight Riders,26,16
246,AT Rayudu,Mumbai Indians,12,16
246,Harbhajan Singh,Mumbai Indians,11,5
246,JH Kallis,Kolkata Knight Riders,7,7
246,G Gambhir,Kolkata Knight Riders,4,8
246,MK Tiwary,Kolkata Knight Riders,4,7
246,KA Pollard,Mumbai Indians,3,5
246,R Bhatia,Kolkata Knight Riders,2,3
246,B Lee,Kolkata Knight Riders,2,3
246,TL Suman,Mumbai Indians,2,7
246,SP Goswami,Kolkata Knight Riders,0,3
247,CH Gayle,Royal Challengers Bangalore,89,47
247,MA Agarwal,Royal Challengers Bangalore,41,31
247,SR Tendulkar,Mumbai Indians,40,24
247,AB de Villiers,Royal Challengers Bangalore,21,15
247,R Sathish,Mumbai Indians,18,21
247,AN Ahmed,Mumbai Indians,18,13
247,JEC Franklin,Mumbai Indians,16,17
247,Harbhajan Singh,Mumbai Indians,13,7
247,RG Sharma,Mumbai Indians,13,15
247,AC Blizzard,Mumbai Indians,10,11
247,V Kohli,Royal Challengers Bangalore,8,12
247,SS Tiwary,Royal Challengers Bangalore,8,12
247,SL Malinga,Mumbai Indians,7,5
247,LA Pomersbach,Royal Challengers Bangalore,4,4
247,KA Pollard,Mumbai Indians,3,6
247,AT Rayudu,Mumbai Indians,0,1
248,M Vijay,Chennai Super Kings,95,52
248,MEK Hussey,Chennai Super Kings,63,45
248,SS Tiwary,Royal Challengers Bangalore,42,34
248,V Kohli,Royal Challengers Bangalore,35,32
248,MS Dhoni,Chennai Super Kings,22,13
248,Z Khan,Royal Challengers Bangalore,21,21
248,AB de Villiers,Royal Challengers Bangalore,18,12
248,A Mithun,Royal Challengers Bangalore,11,8
248,MA Agarwal,Royal Challengers Bangalore,10,5
248,SK Raina,Chennai Super Kings,8,5
248,DJ Bravo,Chennai Super Kings,6,1
248,JA Morkel,Chennai Super Kings,2,4
248,LA Pomersbach,Royal Challengers Bangalore,2,3
248,J Syed Mohammad,Royal Challengers Bangalore,2,2
248,CH Gayle,Royal Challengers Bangalore,0,3
248,DL Vettori,Royal Challengers Bangalore,0,1
249,RE Levi,Mumbai Indians,50,35
249,SK Raina,Chennai Super Kings,36,26
249,JEC Franklin,Mumbai Indians,25,30
249,DJ Bravo,Chennai Super Kings,19,19
249,AT Rayudu,Mumbai Indians,18,18
249,SR Tendulkar,Mumbai Indians,16,15
249,M Vijay,Chennai Super Kings,10,17
249,S Badrinath,Chennai Super Kings,10,16
249,SB Jakati,Chennai Super Kings,6,10
249,MS Dhoni,Chennai Super Kings,4,6
249,F du Plessis,Chennai Super Kings,3,2
249,JA Morkel,Chennai Super Kings,3,8
249,RA Jadeja,Chennai Super Kings,3,5
249,R Ashwin,Chennai Super Kings,3,5
249,DE Bollinger,Chennai Super Kings,3,5
249,RG Sharma,Mumbai Indians,0,3
250,IK Pathan,Delhi Daredevils,42,20
250,AJ Finch,Delhi Daredevils,30,27
250,LR Shukla,Kolkata Knight Riders,26,17
250,V Sehwag,Delhi Daredevils,20,13
250,DB Das,Kolkata Knight Riders,18,9
250,G Gambhir,Kolkata Knight Riders,16,15
250,BB McCullum,Kolkata Knight Riders,9,7
250,B Lee,Kolkata Knight Riders,9,5
250,R Bhatia,Kolkata Knight Riders,7,9
250,JH Kallis,Kolkata Knight Riders,4,4
250,GJ Maxwell,Delhi Daredevils,3,7
250,Iqbal Abdulla,Kolkata Knight Riders,1,1
250,MK Tiwary,Kolkata Knight Riders,0,1
250,YK Pathan,Kolkata Knight Riders,0,4
251,SPD Smith,Pune Warriors,39,32
251,RV Uthappa,Pune Warriors,36,33
251,JEC Franklin,Mumbai Indians,32,42
251,KD Karthik,Mumbai Indians,32,32
251,Harbhajan Singh,Mumbai Indians,16,15
251,M Kartik,Pune Warriors,14,9
251,CJ Ferguson,Pune Warriors,12,13
251,WD Parnell,Pune Warriors,11,14
251,KA Pollard,Mumbai Indians,8,11
251,SL Malinga,Mumbai Indians,5,3
251,MN Samuels,Pune Warriors,4,4
251,SC Ganguly,Pune Warriors,3,6
251,B Kumar,Pune Warriors,2,4
251,RG Sharma,Mumbai Indians,1,6
251,AT Rayudu,Mumbai Indians,1,2
251,MM Patel,Mumbai Indians,1,2
251,MK Pandey,Pune Warriors,0,5
251,RE Levi,Mumbai Indians,0,2
251,SA Yadav,Mumbai Indians,0,4
251,PP Ojha,Mumbai Indians,0,1
252,AM Rahane,Rajasthan Royals,98,66
252,Mandeep Singh,Kings XI Punjab,34,25
252,R Dravid,Rajasthan Royals,28,24
252,AC Gilchrist,Kings XI Punjab,27,18
252,BJ Hodge,Rajasthan Royals,21,16
252,Bipul Sharma,Kings XI Punjab,18,13
252,OA Shah,Rajasthan Royals,14,8
252,PC Valthaty,Kings XI Punjab,13,15
252,DJ Hussey,Kings XI Punjab,13,10
252,KK Cooper,Rajasthan Royals,11,3
252,JP Faulkner,Kings XI Punjab,11,9
252,AM Nayar,Kings XI Punjab,10,10
252,PP Chawla,Kings XI Punjab,10,8
252,P Kumar,Kings XI Punjab,10,6
252,SE Marsh,Kings XI Punjab,7,6
252,Harmeet Singh,Kings XI Punjab,1,1
252,AL Menaria,Rajasthan Royals,0,3
253,AB de Villiers,Royal Challengers Bangalore,64,42
253,NV Ojha,Delhi Daredevils,33,26
253,AB McDonald,Royal Challengers Bangalore,30,19
253,AJ Finch,Delhi Daredevils,25,24
253,IK Pathan,Delhi Daredevils,24,15
253,R Vinay Kumar,Royal Challengers Bangalore,18,16
253,Y Venugopal Rao,Delhi Daredevils,18,23
253,MA Agarwal,Royal Challengers Bangalore,16,15
253,Y Nagar,Delhi Daredevils,16,15
253,DAJ Bracewell,Delhi Daredevils,12,9
253,CA Pujara,Royal Challengers Bangalore,11,12
253,V Kohli,Royal Challengers Bangalore,8,8
253,DL Vettori,Royal Challengers Bangalore,3,4
253,GJ Maxwell,Delhi Daredevils,3,4
253,M Morkel,Delhi Daredevils,2,3
253,SS Tiwary,Royal Challengers Bangalore,1,3
253,HV Patel,Royal Challengers Bangalore,0,1
253,V Sehwag,Delhi Daredevils,0,1
254,RA Jadeja,Chennai Super Kings,48,29
254,DJ Bravo,Chennai Super Kings,43,18
254,F du Plessis,Chennai Super Kings,39,25
254,S Badrinath,Chennai Super Kings,25,20
254,CL White,Deccan Chargers,23,16
254,S Dhawan,Deccan Chargers,21,18
254,PA Patel,Deccan Chargers,20,17
254,SK Raina,Chennai Super Kings,16,12
254,DJ Harris,Deccan Chargers,15,14
254,Ankit Sharma,Deccan Chargers,15,8
254,B Chipli,Deccan Chargers,10,9
254,MS Dhoni,Chennai Super Kings,7,9
254,DW Steyn,Deccan Chargers,5,8
254,MS Gony,Deccan Chargers,4,8
254,M Vijay,Chennai Super Kings,2,5
254,JA Morkel,Chennai Super Kings,2,3
254,DT Christian,Deccan Chargers,2,3
254,DB Ravi Teja,Deccan Chargers,0,2
255,MK Tiwary,Kolkata Knight Riders,59,49
255,BJ Hodge,Rajasthan Royals,44,29
255,AL Menaria,Rajasthan Royals,40,30
255,R Dravid,Rajasthan Royals,26,24
255,B Lee,Kolkata Knight Riders,25,11
255,SP Goswami,Rajasthan Royals,23,18
255,OA Shah,Rajasthan Royals,23,11
255,YK Pathan,Kolkata Knight Riders,15,14
255,DB Das,Kolkata Knight Riders,12,14
255,R Bhatia,Kolkata Knight Riders,8,8
255,LR Shukla,Kolkata Knight Riders,8,8
255,KK Cooper,Rajasthan Royals,5,5
255,JH Kallis,Kolkata Knight Riders,5,8
255,BB McCullum,Kolkata Knight Riders,2,4
255,Iqbal Abdulla,Kolkata Knight Riders,1,2
255,AM Rahane,Rajasthan Royals,0,4
255,G Gambhir,Kolkata Knight Riders,0,1
255,SP Narine,Kolkata Knight Riders,0,1
256,MN Samuels,Pune Warriors,46,39
256,RV Uthappa,Pune Warriors,40,33
256,Bipul Sharma,Kings XI Punjab,35,18
256,SPD Smith,Pune Warriors,25,12
256,Mandeep Singh,Kings XI Punjab,24,23
256,AM Nayar,Kings XI Punjab,24,28
256,SC Ganguly,Pune Warriors,20,18
256,DJ Hussey,Kings XI Punjab,18,17
256,PP Chawla,Kings XI Punjab,16,8
256,MK Pandey,Pune Warriors,12,4
256,JD Ryder,Pune Warriors,8,8
256,AC Gilchrist,Kings XI Punjab,6,11
256,AD Mascarenhas,Kings XI Punjab,5,5
256,CJ Ferguson,Pune Warriors,3,6
256,JP Faulkner,Kings XI Punjab,3,4
256,PC Valthaty,Kings XI Punjab,1,5
256,P Kumar,Kings XI Punjab,1,2
256,R Sharma,Pune Warriors,0,2
257,RG Sharma,Mumbai Indians,73,50
257,S Dhawan,Deccan Chargers,41,24
257,DT Christian,Deccan Chargers,39,36
257,CL White,Deccan Chargers,30,22
257,KA Pollard,Mumbai Indians,24,18
257,AT Rayudu,Mumbai Indians,19,24
257,KC Sangakkara,Deccan Chargers,14,19
257,KD Karthik,Mumbai Indians,7,6
257,JEC Franklin,Mumbai Indians,7,4
257,TL Suman,Mumbai Indians,5,9
257,DB Ravi Teja,Deccan Chargers,4,2
257,RE Levi,Mumbai Indians,3,9
257,DW Steyn,Deccan Chargers,2,2
257,PA Patel,Deccan Chargers,1,5
257,B Chipli,Deccan Chargers,1,6
257,Ankit Sharma,Deccan Chargers,1,2
257,A Mishra,Deccan Chargers,0,2
258,G Gambhir,Kolkata Knight Riders,64,39
258,MS Bisla,Kolkata Knight Riders,46,29
258,R Vinay Kumar,Royal Challengers Bangalore,25,26
258,JH Kallis,Kolkata Knight Riders,22,23
258,DL Vettori,Royal Challengers Bangalore,20,12
258,SS Tiwary,Royal Challengers Bangalore,18,19
258,Z Khan,Royal Challengers Bangalore,11,7
258,AB de Villiers,Royal Challengers Bangalore,10,10
258,HV Patel,Royal Challengers Bangalore,10,9
258,B Lee,Kolkata Knight Riders,8,4
258,CA Pujara,Royal Challengers Bangalore,6,9
258,V Kohli,Royal Challengers Bangalore,6,14
258,LR Shukla,Kolkata Knight Riders,5,8
258,MA Agarwal,Royal Challengers Bangalore,5,6
258,Shakib Al Hasan,Kolkata Knight Riders,4,4
258,R Bhatia,Kolkata Knight Riders,4,1
258,RN ten Doeschate,Kolkata Knight Riders,3,4
258,MK Tiwary,Kolkata Knight Riders,2,5
258,CH Gayle,Royal Challengers Bangalore,2,8
258,YK Pathan,Kolkata Knight Riders,1,3
259,KP Pietersen,Delhi Daredevils,43,26
259,V Sehwag,Delhi Daredevils,33,21
259,DJ Bravo,Chennai Super Kings,22,31
259,DPMD Jayawardene,Delhi Daredevils,20,21
259,SK Raina,Chennai Super Kings,17,16
259,F du Plessis,Chennai Super Kings,15,12
259,S Badrinath,Chennai Super Kings,15,16
259,NV Ojha,Delhi Daredevils,14,12
259,RA Jadeja,Chennai Super Kings,13,17
259,MS Dhoni,Chennai Super Kings,11,18
259,R Ashwin,Chennai Super Kings,8,5
259,JA Morkel,Chennai Super Kings,2,3
259,SB Jakati,Chennai Super Kings,1,2
260,OA Shah,Rajasthan Royals,76,42
260,KA Pollard,Mumbai Indians,64,33
260,AT Rayudu,Mumbai Indians,47,32
260,AM Rahane,Rajasthan Royals,40,31
260,RE Levi,Mumbai Indians,29,22
260,RG Sharma,Mumbai Indians,21,13
260,AL Menaria,Rajasthan Royals,20,15
260,Harbhajan Singh,Mumbai Indians,18,6
260,KK Cooper,Rajasthan Royals,14,6
260,TL Suman,Mumbai Indians,10,10
260,SK Trivedi,Rajasthan Royals,5,6
260,AA Chavan,Rajasthan Royals,4,2
260,R Dravid,Rajasthan Royals,3,5
260,JEC Franklin,Mumbai Indians,2,3
260,J Botha,Rajasthan Royals,2,3
260,GB Hogg,Rajasthan Royals,2,5
260,KD Karthik,Mumbai Indians,0,1
260,SP Goswami,Rajasthan Royals,0,1
260,A Singh,Rajasthan Royals,0,3
261,F du Plessis,Chennai Super Kings,71,46
261,CH Gayle,Royal Challengers Bangalore,68,35
261,V Kohli,Royal Challengers Bangalore,57,46
261,MA Agarwal,Royal Challengers Bangalore,45,26
261,MS Dhoni,Chennai Super Kings,40,24
261,JA Morkel,Chennai Super Kings,28,7
261,DJ Bravo,Chennai Super Kings,25,15
261,SK Raina,Chennai Super Kings,23,14
261,M Vijay,Chennai Super Kings,11,15
261,SS Tiwary,Royal Challengers Bangalore,8,6
261,R Vinay Kumar,Royal Challengers Bangalore,6,1
261,AB de Villiers,Royal Challengers Bangalore,4,2
261,RA Jadeja,Chennai Super Kings,4,1
261,DL Vettori,Royal Challengers Bangalore,1,1
261,CA Pujara,Royal Challengers Bangalore,0,1
261,RR Bhatkal,Royal Challengers Bangalore,0,2
262,SE Marsh,Kings XI Punjab,64,54
262,M Manhas,Pune Warriors,31,28
262,AC Gilchrist,Kings XI Punjab,21,17
262,PP Chawla,Kings XI Punjab,21,24
262,RV Uthappa,Pune Warriors,17,16
262,SC Ganguly,Pune Warriors,16,9
262,SPD Smith,Pune Warriors,13,13
262,AD Mathews,Pune Warriors,11,9
262,Mandeep Singh,Kings XI Punjab,10,10
262,JD Ryder,Pune Warriors,7,11
262,MN Samuels,Pune Warriors,2,12
262,R Sharma,Pune Warriors,2,4
262,A Nehra,Pune Warriors,2,4
262,AB Dinda,Pune Warriors,2,5
262,MK Pandey,Pune Warriors,0,3
262,PC Valthaty,Kings XI Punjab,0,1
263,OA Shah,Rajasthan Royals,31,33
263,JH Kallis,Kolkata Knight Riders,31,38
263,MS Bisla,Kolkata Knight Riders,29,29
263,R Dravid,Rajasthan Royals,28,27
263,SP Goswami,Rajasthan Royals,24,22
263,MK Tiwary,Kolkata Knight Riders,24,18
263,AM Rahane,Rajasthan Royals,19,16
263,Shakib Al Hasan,Kolkata Knight Riders,16,10
263,BJ Hodge,Rajasthan Royals,12,9
263,G Gambhir,Kolkata Knight Riders,11,11
263,YK Pathan,Kolkata Knight Riders,7,7
263,RN ten Doeschate,Kolkata Knight Riders,7,3
263,J Botha,Rajasthan Royals,6,7
263,AL Menaria,Rajasthan Royals,1,6
264,KP Pietersen,Delhi Daredevils,103,64
264,PA Patel,Deccan Chargers,45,27
264,S Dhawan,Deccan Chargers,44,29
264,B Chipli,Deccan Chargers,25,17
264,Y Nagar,Delhi Daredevils,23,15
264,DT Christian,Deccan Chargers,19,21
264,LRPL Taylor,Delhi Daredevils,13,11
264,V Sehwag,Delhi Daredevils,7,5
264,A Mishra,Deccan Chargers,6,6
264,DPMD Jayawardene,Delhi Daredevils,6,5
264,IK Pathan,Delhi Daredevils,5,11
264,JP Duminy,Deccan Chargers,4,5
264,AA Jhunjhunwala,Deccan Chargers,4,5
264,DW Steyn,Deccan Chargers,2,3
264,KC Sangakkara,Deccan Chargers,1,7
264,Ankit Sharma,Deccan Chargers,1,1
264,NV Ojha,Delhi Daredevils,1,4
265,JD Ryder,Pune Warriors,73,56
265,RA Jadeja,Chennai Super Kings,44,26
265,SPD Smith,Pune Warriors,44,22
265,F du Plessis,Chennai Super Kings,43,33
265,MS Dhoni,Chennai Super Kings,26,28
265,SK Raina,Chennai Super Kings,20,19
265,SC Ganguly,Pune Warriors,16,16
265,RV Uthappa,Pune Warriors,10,7
265,M Vijay,Chennai Super Kings,8,11
265,MN Samuels,Pune Warriors,8,15
265,DJ Bravo,Chennai Super Kings,5,2
265,JA Morkel,Chennai Super Kings,3,3
266,Mandeep Singh,Kings XI Punjab,38,34
266,DB Das,Kolkata Knight Riders,35,23
266,DJ Hussey,Kings XI Punjab,32,31
266,MS Bisla,Kolkata Knight Riders,27,25
266,G Gambhir,Kolkata Knight Riders,22,13
266,MK Tiwary,Kolkata Knight Riders,20,27
266,Harmeet Singh,Kings XI Punjab,14,6
266,PP Chawla,Kings XI Punjab,13,8
266,Bipul Sharma,Kings XI Punjab,12,11
266,RN ten Doeschate,Kolkata Knight Riders,11,14
266,P Dogra,Kings XI Punjab,6,11
266,BA Bhatt,Kings XI Punjab,6,2
266,AC Gilchrist,Kings XI Punjab,5,9
266,Shakib Al Hasan,Kolkata Knight Riders,4,8
266,R Bhatia,Kolkata Knight Riders,3,2
266,SE Marsh,Kings XI Punjab,1,6
266,JH Kallis,Kolkata Knight Riders,1,5
266,AD Mascarenhas,Kings XI Punjab,0,1
266,P Kumar,Kings XI Punjab,0,1
266,YK Pathan,Kolkata Knight Riders,0,3
267,AM Rahane,Rajasthan Royals,103,60
267,OA Shah,Rajasthan Royals,60,26
267,MA Agarwal,Royal Challengers Bangalore,34,21
267,R Dravid,Rajasthan Royals,25,32
267,V Kohli,Royal Challengers Bangalore,22,18
267,SS Tiwary,Royal Challengers Bangalore,17,16
267,M Kaif,Royal Challengers Bangalore,14,16
267,S Aravind,Royal Challengers Bangalore,14,8
267,R Vinay Kumar,Royal Challengers Bangalore,11,9
267,CH Gayle,Royal Challengers Bangalore,8,9
267,AB de Villiers,Royal Challengers Bangalore,6,9
267,M Muralitharan,Royal Challengers Bangalore,6,8
267,BJ Hodge,Rajasthan Royals,1,2
267,DL Vettori,Royal Challengers Bangalore,1,2
267,Z Khan,Royal Challengers Bangalore,0,3
268,Harbhajan Singh,Mumbai Indians,33,22
268,V Sehwag,Delhi Daredevils,32,36
268,RG Sharma,Mumbai Indians,29,27
268,DPMD Jayawardene,Delhi Daredevils,17,20
268,NV Ojha,Delhi Daredevils,13,15
268,LRPL Taylor,Delhi Daredevils,11,10
268,KP Pietersen,Delhi Daredevils,9,8
268,CJ McKay,Mumbai Indians,8,15
268,AT Rayudu,Mumbai Indians,4,11
268,KD Karthik,Mumbai Indians,3,4
268,PP Ojha,Mumbai Indians,3,12
268,RE Levi,Mumbai Indians,1,4
268,KA Pollard,Mumbai Indians,1,3
268,MM Patel,Mumbai Indians,1,5
268,DJ Jacobs,Mumbai Indians,0,10
268,RP Singh,Mumbai Indians,0,4
269,JP Duminy,Deccan Chargers,58,26
269,S Dhawan,Deccan Chargers,52,43
269,BJ Hodge,Rajasthan Royals,48,21
269,KC Sangakkara,Deccan Chargers,44,32
269,AM Rahane,Rajasthan Royals,44,31
269,R Dravid,Rajasthan Royals,42,24
269,DT Christian,Deccan Chargers,29,19
269,AL Menaria,Rajasthan Royals,22,20
269,J Botha,Rajasthan Royals,14,9
269,OA Shah,Rajasthan Royals,12,11
269,DH Yagnik,Rajasthan Royals,9,3
270,CH Gayle,Royal Challengers Bangalore,81,48
270,RV Uthappa,Pune Warriors,69,45
270,SS Tiwary,Royal Challengers Bangalore,36,23
270,JD Ryder,Pune Warriors,34,22
270,MN Samuels,Pune Warriors,34,20
270,AB de Villiers,Royal Challengers Bangalore,33,14
270,SPD Smith,Pune Warriors,16,14
270,V Kohli,Royal Challengers Bangalore,16,19
270,AD Mathews,Pune Warriors,10,7
270,MA Agarwal,Royal Challengers Bangalore,9,10
270,SC Ganguly,Pune Warriors,6,8
270,M Manhas,Pune Warriors,6,4
270,TM Dilshan,Royal Challengers Bangalore,4,8
271,G Gambhir,Kolkata Knight Riders,66,44
271,AC Gilchrist,Kings XI Punjab,40,30
271,SE Marsh,Kings XI Punjab,33,30
271,JH Kallis,Kolkata Knight Riders,30,23
271,BB McCullum,Kolkata Knight Riders,15,18
271,MS Bisla,Kolkata Knight Riders,11,14
271,DJ Hussey,Kings XI Punjab,10,14
271,AD Mascarenhas,Kings XI Punjab,9,10
271,PP Chawla,Kings XI Punjab,9,10
271,PC Valthaty,Kings XI Punjab,8,8
271,Mandeep Singh,Kings XI Punjab,6,10
271,P Dogra,Kings XI Punjab,6,8
272,DA Warner,Delhi Daredevils,109,54
272,S Dhawan,Deccan Chargers,84,49
272,CL White,Deccan Chargers,65,40
272,NV Ojha,Delhi Daredevils,64,46
272,DJ Harris,Deccan Chargers,19,17
272,JP Duminy,Deccan Chargers,13,9
272,KC Sangakkara,Deccan Chargers,4,5
272,V Sehwag,Delhi Daredevils,4,2
273,F du Plessis,Chennai Super Kings,58,48
273,S Badrinath,Chennai Super Kings,57,48
273,MS Dhoni,Chennai Super Kings,28,12
273,AD Mathews,Pune Warriors,27,22
273,MN Samuels,Pune Warriors,26,24
273,SC Ganguly,Pune Warriors,24,26
273,SPD Smith,Pune Warriors,23,21
273,MK Pandey,Pune Warriors,13,6
273,DJ Bravo,Chennai Super Kings,12,8
273,JD Ryder,Pune Warriors,9,10
273,RV Uthappa,Pune Warriors,8,5
273,RA Jadeja,Chennai Super Kings,7,3
273,M Kartik,Pune Warriors,4,3
273,B Kumar,Pune Warriors,2,4
273,SK Raina,Chennai Super Kings,0,2
274,CH Gayle,Royal Challengers Bangalore,87,56
274,AB de Villiers,Royal Challengers Bangalore,52,39
274,DJ Hussey,Kings XI Punjab,41,34
274,Azhar Mahmood,Kings XI Punjab,33,14
274,SE Marsh,Kings XI Punjab,26,17
274,Mandeep Singh,Kings XI Punjab,20,15
274,N Saini,Kings XI Punjab,14,12
274,DA Miller,Kings XI Punjab,8,13
274,AB McDonald,Royal Challengers Bangalore,8,6
274,PP Chawla,Kings XI Punjab,7,3
274,PC Valthaty,Kings XI Punjab,6,12
274,V Kohli,Royal Challengers Bangalore,4,4
274,SS Tiwary,Royal Challengers Bangalore,4,7
274,DL Vettori,Royal Challengers Bangalore,2,3
274,MA Agarwal,Royal Challengers Bangalore,1,3
275,F du Plessis,Chennai Super Kings,73,52
275,OA Shah,Rajasthan Royals,52,43
275,AL Menaria,Rajasthan Royals,36,34
275,R Dravid,Rajasthan Royals,26,28
275,SK Raina,Chennai Super Kings,26,24
275,DJ Bravo,Chennai Super Kings,16,10
275,AM Rahane,Rajasthan Royals,15,10
275,S Badrinath,Chennai Super Kings,15,22
275,MS Dhoni,Chennai Super Kings,15,12
275,BJ Hodge,Rajasthan Royals,3,5
276,JD Ryder,Pune Warriors,86,58
276,V Sehwag,Delhi Daredevils,57,32
276,SC Ganguly,Pune Warriors,41,35
276,SPD Smith,Pune Warriors,34,13
276,KP Pietersen,Delhi Daredevils,32,23
276,Y Nagar,Delhi Daredevils,24,19
276,IK Pathan,Delhi Daredevils,15,11
276,LRPL Taylor,Delhi Daredevils,12,13
276,NV Ojha,Delhi Daredevils,11,6
276,RV Uthappa,Pune Warriors,10,13
276,P Negi,Delhi Daredevils,8,8
276,DPMD Jayawardene,Delhi Daredevils,7,7
276,AD Mathews,Pune Warriors,6,2
276,M Morkel,Delhi Daredevils,1,1
277,JEC Franklin,Mumbai Indians,79,51
277,SE Marsh,Kings XI Punjab,68,40
277,KD Karthik,Mumbai Indians,35,20
277,N Saini,Kings XI Punjab,30,25
277,Mandeep Singh,Kings XI Punjab,24,21
277,SR Tendulkar,Mumbai Indians,23,23
277,DJ Hussey,Kings XI Punjab,21,19
277,Azhar Mahmood,Kings XI Punjab,10,7
277,KA Pollard,Mumbai Indians,7,10
277,DA Miller,Kings XI Punjab,5,5
277,Harbhajan Singh,Mumbai Indians,4,3
277,NLTC Perera,Mumbai Indians,4,5
277,AT Rayudu,Mumbai Indians,3,3
277,RG Sharma,Mumbai Indians,2,5
278,S Dhawan,Deccan Chargers,50,50
278,G Gambhir,Kolkata Knight Riders,30,28
278,MK Tiwary,Kolkata Knight Riders,30,28
278,PA Patel,Deccan Chargers,23,19
278,JH Kallis,Kolkata Knight Riders,23,24
278,JP Duminy,Deccan Chargers,16,15
278,KC Sangakkara,Deccan Chargers,12,15
278,CL White,Deccan Chargers,10,9
278,BB McCullum,Kolkata Knight Riders,10,9
278,MS Bisla,Kolkata Knight Riders,10,13
278,DB Das,Kolkata Knight Riders,9,8
278,DW Steyn,Deccan Chargers,7,3
278,YK Pathan,Kolkata Knight Riders,6,4
278,IR Jaggi,Deccan Chargers,3,7
278,Ankit Sharma,Deccan Chargers,1,2
278,A Mishra,Deccan Chargers,1,1
279,TM Dilshan,Royal Challengers Bangalore,76,58
279,AB de Villiers,Royal Challengers Bangalore,59,23
279,R Dravid,Rajasthan Royals,58,42
279,STR Binny,Rajasthan Royals,20,18
279,V Kohli,Royal Challengers Bangalore,16,16
279,MA Agarwal,Royal Challengers Bangalore,15,17
279,AM Rahane,Rajasthan Royals,13,18
279,GB Hogg,Rajasthan Royals,13,11
279,OA Shah,Rajasthan Royals,10,15
279,BJ Hodge,Rajasthan Royals,10,8
279,KK Cooper,Rajasthan Royals,8,6
279,CH Gayle,Royal Challengers Bangalore,4,8
279,SP Goswami,Rajasthan Royals,1,2
280,V Sehwag,Delhi Daredevils,87,48
280,MK Pandey,Pune Warriors,80,56
280,RV Uthappa,Pune Warriors,60,58
280,KP Pietersen,Delhi Daredevils,27,21
280,DPMD Jayawardene,Delhi Daredevils,18,14
280,LRPL Taylor,Delhi Daredevils,9,13
280,SC Ganguly,Pune Warriors,1,4
280,JD Ryder,Pune Warriors,0,2
281,DJ Hussey,Kings XI Punjab,68,40
281,RG Sharma,Mumbai Indians,50,30
281,DA Miller,Kings XI Punjab,34,17
281,SR Tendulkar,Mumbai Indians,34,29
281,AT Rayudu,Mumbai Indians,34,17
281,Mandeep Singh,Kings XI Punjab,22,16
281,JEC Franklin,Mumbai Indians,22,22
281,N Saini,Kings XI Punjab,17,22
281,SE Marsh,Kings XI Punjab,17,26
281,RJ Peterson,Mumbai Indians,16,7
281,KD Karthik,Mumbai Indians,3,6
281,KA Pollard,Mumbai Indians,3,7
281,Harbhajan Singh,Mumbai Indians,0,2
282,CL White,Deccan Chargers,78,46
282,RV Uthappa,Pune Warriors,29,27
282,JP Duminy,Deccan Chargers,26,24
282,SPD Smith,Pune Warriors,26,13
282,PA Patel,Deccan Chargers,24,18
282,SC Ganguly,Pune Warriors,23,20
282,M Manhas,Pune Warriors,22,14
282,MK Pandey,Pune Warriors,21,20
282,S Dhawan,Deccan Chargers,16,11
282,KC Sangakkara,Deccan Chargers,12,14
282,AC Thomas,Pune Warriors,12,9
282,IR Jaggi,Deccan Chargers,10,7
282,JD Ryder,Pune Warriors,7,6
282,B Kumar,Pune Warriors,7,4
282,MN Samuels,Pune Warriors,3,8
283,V Sehwag,Delhi Daredevils,73,39
283,AT Rayudu,Mumbai Indians,62,39
283,DPMD Jayawardene,Delhi Daredevils,55,42
283,KP Pietersen,Delhi Daredevils,50,26
283,KD Karthik,Mumbai Indians,40,28
283,KA Pollard,Mumbai Indians,16,9
283,LRPL Taylor,Delhi Daredevils,15,7
283,Harbhajan Singh,Mumbai Indians,15,12
283,RG Sharma,Mumbai Indians,12,6
283,SL Malinga,Mumbai Indians,11,13
283,SR Tendulkar,Mumbai Indians,7,7
283,NV Ojha,Delhi Daredevils,5,4
283,RJ Peterson,Mumbai Indians,2,2
283,RP Singh,Mumbai Indians,1,1
283,IK Pathan,Delhi Daredevils,0,1
283,Y Nagar,Delhi Daredevils,0,1
283,AC Blizzard,Mumbai Indians,0,3
284,Mandeep Singh,Kings XI Punjab,56,50
284,SE Marsh,Kings XI Punjab,32,22
284,DJ Bravo,Chennai Super Kings,30,21
284,F du Plessis,Chennai Super Kings,29,20
284,S Badrinath,Chennai Super Kings,25,18
284,DA Miller,Kings XI Punjab,19,15
284,Azhar Mahmood,Kings XI Punjab,18,12
284,RA Jadeja,Chennai Super Kings,17,11
284,SK Raina,Chennai Super Kings,15,17
284,JA Morkel,Chennai Super Kings,8,9
284,DJ Hussey,Kings XI Punjab,7,4
284,Bipul Sharma,Kings XI Punjab,7,5
284,R Ashwin,Chennai Super Kings,7,3
284,N Saini,Kings XI Punjab,6,4
284,P Kumar,Kings XI Punjab,6,6
284,WP Saha,Chennai Super Kings,6,14
284,KMDN Kulasekara,Chennai Super Kings,5,3
284,MS Dhoni,Chennai Super Kings,1,4
284,PP Chawla,Kings XI Punjab,0,2
285,G Gambhir,Kolkata Knight Riders,93,51
285,CH Gayle,Royal Challengers Bangalore,86,58
285,BB McCullum,Kolkata Knight Riders,43,37
285,JH Kallis,Kolkata Knight Riders,41,27
285,SS Tiwary,Royal Challengers Bangalore,19,22
285,V Kohli,Royal Challengers Bangalore,18,19
285,MA Agarwal,Royal Challengers Bangalore,10,13
285,YK Pathan,Kolkata Knight Riders,7,4
285,DL Vettori,Royal Challengers Bangalore,4,4
285,MK Tiwary,Kolkata Knight Riders,1,1
285,TM Dilshan,Royal Challengers Bangalore,1,3
285,AB de Villiers,Royal Challengers Bangalore,0,1
285,R Vinay Kumar,Royal Challengers Bangalore,0,1
286,AM Rahane,Rajasthan Royals,84,63
286,V Sehwag,Delhi Daredevils,63,39
286,R Dravid,Rajasthan Royals,40,38
286,Y Nagar,Delhi Daredevils,27,20
286,LRPL Taylor,Delhi Daredevils,25,35
286,BJ Hodge,Rajasthan Royals,22,18
286,NV Ojha,Delhi Daredevils,11,11
286,IK Pathan,Delhi Daredevils,7,5
286,DPMD Jayawardene,Delhi Daredevils,6,5
286,KP Pietersen,Delhi Daredevils,5,5
286,OA Shah,Rajasthan Royals,1,1
287,RG Sharma,Mumbai Indians,42,48
287,S Dhawan,Deccan Chargers,29,32
287,JP Duminy,Deccan Chargers,25,24
287,PA Patel,Deccan Chargers,19,18
287,AT Rayudu,Mumbai Indians,19,15
287,SR Tendulkar,Mumbai Indians,14,14
287,JEC Franklin,Mumbai Indians,13,20
287,A Ashish Reddy,Deccan Chargers,10,10
287,DT Christian,Deccan Chargers,5,5
287,DW Steyn,Deccan Chargers,3,5
287,IR Jaggi,Deccan Chargers,2,7
287,KD Karthik,Mumbai Indians,2,6
287,B Chipli,Deccan Chargers,1,3
287,A Mishra,Deccan Chargers,1,6
287,RJ Peterson,Mumbai Indians,1,5
287,CL White,Deccan Chargers,0,1
287,V Pratap Singh,Deccan Chargers,0,1
287,RE Levi,Mumbai Indians,0,1
288,G Gambhir,Kolkata Knight Riders,63,52
288,SK Raina,Chennai Super Kings,44,34
288,MS Dhoni,Chennai Super Kings,34,30
288,JH Kallis,Kolkata Knight Riders,26,31
288,MEK Hussey,Chennai Super Kings,18,19
288,JA Morkel,Chennai Super Kings,13,8
288,MK Tiwary,Kolkata Knight Riders,13,13
288,DJ Bravo,Chennai Super Kings,12,12
288,YK Pathan,Kolkata Knight Riders,12,11
288,DB Das,Kolkata Knight Riders,11,4
288,RA Jadeja,Chennai Super Kings,9,13
288,F du Plessis,Chennai Super Kings,3,4
288,BB McCullum,Kolkata Knight Riders,2,8
289,KC Sangakkara,Deccan Chargers,82,52
289,CL White,Deccan Chargers,74,45
289,SPD Smith,Pune Warriors,47,27
289,SC Ganguly,Pune Warriors,45,40
289,MJ Clarke,Pune Warriors,41,31
289,RV Uthappa,Pune Warriors,26,18
289,S Dhawan,Deccan Chargers,13,18
289,M Manhas,Pune Warriors,7,4
289,JP Duminy,Deccan Chargers,4,3
289,BB Samantray,Deccan Chargers,2,2
289,MN Samuels,Pune Warriors,1,1
289,PA Patel,Deccan Chargers,0,1
289,MK Pandey,Pune Warriors,0,1
290,V Sehwag,Delhi Daredevils,73,38
290,R Dravid,Rajasthan Royals,57,43
290,AM Rahane,Rajasthan Royals,42,32
290,KP Pietersen,Delhi Daredevils,36,34
290,SP Goswami,Rajasthan Royals,18,21
290,NV Ojha,Delhi Daredevils,11,3
290,Y Nagar,Delhi Daredevils,9,9
290,SR Watson,Rajasthan Royals,8,9
290,AA Chavan,Rajasthan Royals,7,6
290,LRPL Taylor,Delhi Daredevils,6,5
290,AL Menaria,Rajasthan Royals,2,4
290,OA Shah,Rajasthan Royals,1,3
290,BJ Hodge,Rajasthan Royals,1,2
290,DPMD Jayawardene,Delhi Daredevils,0,3
291,CH Gayle,Royal Challengers Bangalore,71,42
291,N Saini,Kings XI Punjab,50,36
291,V Kohli,Royal Challengers Bangalore,45,42
291,DJ Hussey,Kings XI Punjab,45,29
291,Mandeep Singh,Kings XI Punjab,43,30
291,AB de Villiers,Royal Challengers Bangalore,17,13
291,AB McDonald,Royal Challengers Bangalore,9,10
291,SE Marsh,Kings XI Punjab,8,10
291,MA Agarwal,Royal Challengers Bangalore,7,9
291,PP Chawla,Kings XI Punjab,6,2
291,P Dogra,Kings XI Punjab,3,5
291,AUK Pathan,Royal Challengers Bangalore,2,3
291,Azhar Mahmood,Kings XI Punjab,2,4
291,AM Nayar,Kings XI Punjab,2,3
291,SS Tiwary,Royal Challengers Bangalore,1,1
292,M Manhas,Pune Warriors,42,34
292,SR Tendulkar,Mumbai Indians,34,35
292,JEC Franklin,Mumbai Indians,25,23
292,KD Karthik,Mumbai Indians,18,22
292,RV Uthappa,Pune Warriors,18,18
292,SC Ganguly,Pune Warriors,16,24
292,SL Malinga,Mumbai Indians,14,14
292,MJ Clarke,Pune Warriors,14,15
292,RJ Peterson,Mumbai Indians,13,14
292,B Kumar,Pune Warriors,10,6
292,JD Ryder,Pune Warriors,9,13
292,RG Sharma,Mumbai Indians,3,5
292,SPD Smith,Pune Warriors,2,6
292,WD Parnell,Pune Warriors,2,4
292,AT Rayudu,Mumbai Indians,1,3
292,PP Ojha,Mumbai Indians,1,1
292,NLTC Perera,Mumbai Indians,0,4
292,Harbhajan Singh,Mumbai Indians,0,1
293,CL White,Deccan Chargers,77,53
293,F du Plessis,Chennai Super Kings,42,35
293,S Dhawan,Deccan Chargers,36,29
293,MS Dhoni,Chennai Super Kings,34,28
293,SK Raina,Chennai Super Kings,32,24
293,DT Christian,Deccan Chargers,27,24
293,M Vijay,Chennai Super Kings,14,11
293,JA Morkel,Chennai Super Kings,13,9
293,DJ Bravo,Chennai Super Kings,12,4
293,RA Jadeja,Chennai Super Kings,4,9
293,A Ashish Reddy,Deccan Chargers,3,3
293,S Badrinath,Chennai Super Kings,1,1
293,PA Patel,Deccan Chargers,1,5
293,KC Sangakkara,Deccan Chargers,1,5
293,AA Jhunjhunwala,Deccan Chargers,1,1
294,G Gambhir,Kolkata Knight Riders,56,36
294,BB McCullum,Kolkata Knight Riders,42,43
294,SC Ganguly,Pune Warriors,36,35
294,AD Mathews,Pune Warriors,35,27
294,RV Uthappa,Pune Warriors,17,14
294,MK Pandey,Pune Warriors,17,15
294,DB Das,Kolkata Knight Riders,15,18
294,SPD Smith,Pune Warriors,14,16
294,YK Pathan,Kolkata Knight Riders,11,15
294,B Kumar,Pune Warriors,11,7
294,MK Tiwary,Kolkata Knight Riders,6,4
294,JH Kallis,Kolkata Knight Riders,1,4
294,MJ Clarke,Pune Warriors,1,2
294,M Manhas,Pune Warriors,1,3
294,WD Parnell,Pune Warriors,1,2
294,LR Shukla,Kolkata Knight Riders,0,1
295,R Dravid,Rajasthan Royals,46,39
295,SR Watson,Rajasthan Royals,36,17
295,BJ Hodge,Rajasthan Royals,36,23
295,AL Menaria,Rajasthan Royals,34,27
295,SE Marsh,Kings XI Punjab,34,27
295,Azhar Mahmood,Kings XI Punjab,24,24
295,Gurkeerat Singh,Kings XI Punjab,23,24
295,J Botha,Rajasthan Royals,14,8
295,AM Nayar,Kings XI Punjab,9,8
295,DJ Hussey,Kings XI Punjab,8,6
295,Mandeep Singh,Kings XI Punjab,7,6
295,P Kumar,Kings XI Punjab,7,8
295,AM Rahane,Rajasthan Royals,5,6
295,PP Chawla,Kings XI Punjab,5,4
295,RJ Harris,Kings XI Punjab,3,5
295,N Saini,Kings XI Punjab,2,9
295,STR Binny,Rajasthan Royals,0,1
296,SR Tendulkar,Mumbai Indians,74,44
296,RG Sharma,Mumbai Indians,60,46
296,M Vijay,Chennai Super Kings,41,29
296,DJ Bravo,Chennai Super Kings,40,33
296,SK Raina,Chennai Super Kings,36,21
296,MS Dhoni,Chennai Super Kings,25,15
296,DR Smith,Mumbai Indians,24,9
296,KD Karthik,Mumbai Indians,11,5
296,F du Plessis,Chennai Super Kings,9,11
296,RA Jadeja,Chennai Super Kings,9,6
296,JA Morkel,Chennai Super Kings,3,3
296,S Badrinath,Chennai Super Kings,1,1
296,JEC Franklin,Mumbai Indians,1,9
296,RP Singh,Mumbai Indians,1,1
296,R Ashwin,Chennai Super Kings,0,1
296,AT Rayudu,Mumbai Indians,0,2
296,RJ Peterson,Mumbai Indians,0,2
296,Harbhajan Singh,Mumbai Indians,0,1
296,SL Malinga,Mumbai Indians,0,1
297,S Dhawan,Deccan Chargers,73,52
297,TM Dilshan,Royal Challengers Bangalore,71,54
297,DJ Harris,Deccan Chargers,47,41
297,AB de Villiers,Royal Challengers Bangalore,47,17
297,CL White,Deccan Chargers,45,24
297,CH Gayle,Royal Challengers Bangalore,26,22
297,MA Agarwal,Royal Challengers Bangalore,18,6
297,KC Sangakkara,Deccan Chargers,10,3
297,V Kohli,Royal Challengers Bangalore,9,9
297,AUK Pathan,Royal Challengers Bangalore,4,4
297,J Syed Mohammad,Royal Challengers Bangalore,4,1
298,BB McCullum,Kolkata Knight Riders,56,44
298,IK Pathan,Delhi Daredevils,36,22
298,G Gambhir,Kolkata Knight Riders,36,21
298,DPMD Jayawardene,Delhi Daredevils,30,27
298,JH Kallis,Kolkata Knight Riders,30,27
298,V Sehwag,Delhi Daredevils,23,9
298,DA Warner,Delhi Daredevils,21,19
298,LRPL Taylor,Delhi Daredevils,16,27
298,Y Nagar,Delhi Daredevils,10,7
298,MK Tiwary,Kolkata Knight Riders,8,6
298,YK Pathan,Kolkata Knight Riders,7,11
298,NV Ojha,Delhi Daredevils,2,6
298,VR Aaron,Delhi Daredevils,1,1
298,DB Das,Kolkata Knight Riders,1,3
298,S Nadeem,Delhi Daredevils,0,2
299,SR Watson,Rajasthan Royals,90,51
299,AP Majumdar,Pune Warriors,30,20
299,SPD Smith,Pune Warriors,18,22
299,AL Menaria,Rajasthan Royals,18,21
299,MJ Clarke,Pune Warriors,16,18
299,SC Ganguly,Pune Warriors,14,18
299,R Dravid,Rajasthan Royals,14,16
299,RV Uthappa,Pune Warriors,13,19
299,AD Mathews,Pune Warriors,11,12
299,M Manhas,Pune Warriors,11,9
299,OA Shah,Rajasthan Royals,4,7
299,WD Parnell,Pune Warriors,2,2
299,AM Rahane,Rajasthan Royals,0,3
300,Mandeep Singh,Kings XI Punjab,75,48
300,DJ Harris,Deccan Chargers,30,29
300,DA Miller,Kings XI Punjab,28,18
300,PA Reddy,Deccan Chargers,24,13
300,SE Marsh,Kings XI Punjab,22,20
300,AA Jhunjhunwala,Deccan Chargers,19,20
300,PA Patel,Deccan Chargers,17,13
300,DJ Hussey,Kings XI Punjab,16,16
300,Azhar Mahmood,Kings XI Punjab,14,9
300,S Dhawan,Deccan Chargers,8,6
300,CL White,Deccan Chargers,8,14
300,A Ashish Reddy,Deccan Chargers,8,8
300,A Mishra,Deccan Chargers,8,5
300,J Theron,Deccan Chargers,7,6
300,SD Chitnis,Kings XI Punjab,6,5
300,KC Sangakkara,Deccan Chargers,4,6
300,N Saini,Kings XI Punjab,2,4
301,CH Gayle,Royal Challengers Bangalore,82,59
301,KD Karthik,Mumbai Indians,44,39
301,V Kohli,Royal Challengers Bangalore,36,25
301,SR Tendulkar,Mumbai Indians,24,27
301,AT Rayudu,Mumbai Indians,22,17
301,KA Pollard,Mumbai Indians,21,13
301,Harbhajan Singh,Mumbai Indians,20,12
301,TM Dilshan,Royal Challengers Bangalore,19,25
301,DR Smith,Mumbai Indians,2,3
301,JEC Franklin,Mumbai Indians,1,6
301,RG Sharma,Mumbai Indians,0,3
302,BJ Hodge,Rajasthan Royals,33,28
302,STR Binny,Rajasthan Royals,27,18
302,SK Raina,Chennai Super Kings,23,17
302,MEK Hussey,Chennai Super Kings,19,32
302,S Anirudha,Chennai Super Kings,18,6
302,JA Morkel,Chennai Super Kings,18,6
302,AM Rahane,Rajasthan Royals,17,22
302,RA Jadeja,Chennai Super Kings,16,13
302,J Botha,Rajasthan Royals,12,20
302,DH Yagnik,Rajasthan Royals,10,7
302,DJ Bravo,Chennai Super Kings,10,15
302,MS Dhoni,Chennai Super Kings,10,16
302,AL Menaria,Rajasthan Royals,6,5
302,SR Watson,Rajasthan Royals,5,11
302,R Dravid,Rajasthan Royals,4,9
302,M Vijay,Chennai Super Kings,0,5
303,CH Gayle,Royal Challengers Bangalore,57,31
303,TM Dilshan,Royal Challengers Bangalore,53,44
303,RV Uthappa,Pune Warriors,38,23
303,SS Tiwary,Royal Challengers Bangalore,36,30
303,AP Majumdar,Pune Warriors,31,26
303,SPD Smith,Pune Warriors,24,25
303,MJ Clarke,Pune Warriors,13,10
303,K Upadhyay,Pune Warriors,11,8
303,V Kohli,Royal Challengers Bangalore,9,12
303,AB de Villiers,Royal Challengers Bangalore,9,4
303,AC Thomas,Pune Warriors,7,6
303,MD Mishra,Pune Warriors,4,4
303,AD Mathews,Pune Warriors,4,10
303,B Kumar,Pune Warriors,2,4
303,MK Pandey,Pune Warriors,0,2
303,R Sharma,Pune Warriors,0,2
304,RG Sharma,Mumbai Indians,109,60
304,JH Kallis,Kolkata Knight Riders,79,60
304,HH Gibbs,Mumbai Indians,66,58
304,YK Pathan,Kolkata Knight Riders,40,31
304,MK Tiwary,Kolkata Knight Riders,27,25
304,DB Das,Kolkata Knight Riders,4,1
304,SR Tendulkar,Mumbai Indians,2,2
304,MS Bisla,Kolkata Knight Riders,1,2
304,G Gambhir,Kolkata Knight Riders,0,2
305,M Vijay,Chennai Super Kings,48,40
305,Y Nagar,Delhi Daredevils,44,47
305,MEK Hussey,Chennai Super Kings,38,32
305,SK Raina,Chennai Super Kings,28,20
305,Y Venugopal Rao,Delhi Daredevils,27,24
305,IK Pathan,Delhi Daredevils,13,17
305,DA Warner,Delhi Daredevils,8,9
305,DPMD Jayawardene,Delhi Daredevils,8,10
305,V Sehwag,Delhi Daredevils,4,2
305,NV Ojha,Delhi Daredevils,3,11
306,AM Rahane,Rajasthan Royals,61,47
306,SR Watson,Rajasthan Royals,58,31
306,SPD Smith,Pune Warriors,37,31
306,CJ Ferguson,Pune Warriors,23,26
306,AD Mathews,Pune Warriors,23,19
306,R Dravid,Rajasthan Royals,21,20
306,BJ Hodge,Rajasthan Royals,14,14
306,AP Majumdar,Pune Warriors,9,8
306,A Nehra,Pune Warriors,9,8
306,M Kartik,Pune Warriors,8,9
306,J Botha,Rajasthan Royals,7,3
306,STR Binny,Rajasthan Royals,6,5
306,RV Uthappa,Pune Warriors,6,6
306,B Kumar,Pune Warriors,3,5
306,SC Ganguly,Pune Warriors,2,4
306,JD Ryder,Pune Warriors,1,2
306,R Sharma,Pune Warriors,0,3
307,S Dhawan,Deccan Chargers,71,50
307,CL White,Deccan Chargers,67,41
307,DJ Hussey,Kings XI Punjab,65,35
307,Azhar Mahmood,Kings XI Punjab,31,20
307,Gurkeerat Singh,Kings XI Punjab,29,12
307,Mandeep Singh,Kings XI Punjab,28,20
307,DT Christian,Deccan Chargers,24,10
307,PA Patel,Deccan Chargers,18,16
307,SE Marsh,Kings XI Punjab,11,7
307,SD Chitnis,Kings XI Punjab,11,13
307,PP Chawla,Kings XI Punjab,8,3
307,N Saini,Kings XI Punjab,3,10
307,KC Sangakkara,Deccan Chargers,1,4
308,AT Rayudu,Mumbai Indians,81,54
308,MA Agarwal,Royal Challengers Bangalore,64,30
308,KA Pollard,Mumbai Indians,52,31
308,TM Dilshan,Royal Challengers Bangalore,47,50
308,SS Tiwary,Royal Challengers Bangalore,21,16
308,KD Karthik,Mumbai Indians,16,14
308,AB de Villiers,Royal Challengers Bangalore,14,13
308,CH Gayle,Royal Challengers Bangalore,6,8
308,DR Smith,Mumbai Indians,6,5
308,RG Sharma,Mumbai Indians,5,7
308,V Kohli,Royal Challengers Bangalore,3,1
308,HH Gibbs,Mumbai Indians,2,6
308,R Vinay Kumar,Royal Challengers Bangalore,1,2
308,Z Khan,Royal Challengers Bangalore,1,3
308,SR Tendulkar,Mumbai Indians,0,1
309,G Gambhir,Kolkata Knight Riders,62,43
309,MEK Hussey,Chennai Super Kings,56,39
309,BB McCullum,Kolkata Knight Riders,37,29
309,M Vijay,Chennai Super Kings,36,25
309,MS Dhoni,Chennai Super Kings,28,21
309,DB Das,Kolkata Knight Riders,19,10
309,F du Plessis,Chennai Super Kings,13,16
309,MK Tiwary,Kolkata Knight Riders,12,14
309,YK Pathan,Kolkata Knight Riders,11,8
309,DJ Bravo,Chennai Super Kings,11,7
309,LR Shukla,Kolkata Knight Riders,9,6
309,SK Raina,Chennai Super Kings,8,10
309,JH Kallis,Kolkata Knight Riders,4,9
309,RA Jadeja,Chennai Super Kings,3,2
309,R Bhatia,Kolkata Knight Riders,1,1
310,DPMD Jayawardene,Delhi Daredevils,56,49
310,DJ Hussey,Kings XI Punjab,40,35
310,NV Ojha,Delhi Daredevils,34,29
310,Mandeep Singh,Kings XI Punjab,21,12
310,IK Pathan,Delhi Daredevils,19,10
310,N Saini,Kings XI Punjab,15,15
310,DA Warner,Delhi Daredevils,14,8
310,SE Marsh,Kings XI Punjab,13,15
310,PP Chawla,Kings XI Punjab,10,14
310,Azhar Mahmood,Kings XI Punjab,9,7
310,Gurkeerat Singh,Kings XI Punjab,8,5
310,P Kumar,Kings XI Punjab,8,5
310,V Sehwag,Delhi Daredevils,8,9
310,Y Venugopal Rao,Delhi Daredevils,7,7
310,DA Miller,Kings XI Punjab,4,7
310,P Awana,Kings XI Punjab,4,5
310,LRPL Taylor,Delhi Daredevils,0,2
311,MK Tiwary,Kolkata Knight Riders,41,43
311,G Gambhir,Kolkata Knight Riders,27,23
311,SR Tendulkar,Mumbai Indians,27,24
311,YK Pathan,Kolkata Knight Riders,21,21
311,KD Karthik,Mumbai Indians,21,26
311,Shakib Al Hasan,Kolkata Knight Riders,13,12
311,HH Gibbs,Mumbai Indians,13,24
311,R Bhatia,Kolkata Knight Riders,12,7
311,RG Sharma,Mumbai Indians,12,14
311,AT Rayudu,Mumbai Indians,11,8
311,SP Narine,Kolkata Knight Riders,9,6
311,KA Pollard,Mumbai Indians,8,5
311,SL Malinga,Mumbai Indians,8,6
311,RP Singh,Mumbai Indians,3,5
311,DB Das,Kolkata Knight Riders,2,3
311,BB McCullum,Kolkata Knight Riders,1,5
311,Harbhajan Singh,Mumbai Indians,1,2
311,JH Kallis,Kolkata Knight Riders,0,1
311,DR Smith,Mumbai Indians,0,1
312,AC Gilchrist,Kings XI Punjab,64,46
312,DJ Bravo,Chennai Super Kings,48,43
312,Mandeep Singh,Kings XI Punjab,24,21
312,SK Raina,Chennai Super Kings,17,13
312,JA Morkel,Chennai Super Kings,14,8
312,RA Jadeja,Chennai Super Kings,13,14
312,SD Chitnis,Kings XI Punjab,11,12
312,M Vijay,Chennai Super Kings,10,14
312,DJ Hussey,Kings XI Punjab,9,9
312,Azhar Mahmood,Kings XI Punjab,9,7
312,MEK Hussey,Chennai Super Kings,7,10
312,MS Dhoni,Chennai Super Kings,6,16
312,S Anirudha,Chennai Super Kings,1,1
312,N Saini,Kings XI Punjab,1,4
312,R Ashwin,Chennai Super Kings,0,1
313,CH Gayle,Royal Challengers Bangalore,128,62
313,V Kohli,Royal Challengers Bangalore,73,53
313,LRPL Taylor,Delhi Daredevils,55,26
313,Y Venugopal Rao,Delhi Daredevils,36,24
313,AD Russell,Delhi Daredevils,31,15
313,UBT Chand,Delhi Daredevils,18,10
313,DA Warner,Delhi Daredevils,15,9
313,NV Ojha,Delhi Daredevils,13,12
313,TM Dilshan,Royal Challengers Bangalore,10,7
313,DPMD Jayawardene,Delhi Daredevils,9,14
313,P Negi,Delhi Daredevils,6,4
313,IK Pathan,Delhi Daredevils,4,4
313,UT Yadav,Delhi Daredevils,0,2
314,PA Reddy,Deccan Chargers,42,35
314,R Dravid,Rajasthan Royals,39,36
314,OA Shah,Rajasthan Royals,28,32
314,S Dhawan,Deccan Chargers,26,24
314,JP Duminy,Deccan Chargers,24,31
314,AL Menaria,Rajasthan Royals,20,17
314,SR Watson,Rajasthan Royals,13,13
314,PA Patel,Deccan Chargers,10,5
314,A Ashish Reddy,Deccan Chargers,10,4
314,STR Binny,Rajasthan Royals,7,8
314,AM Rahane,Rajasthan Royals,6,7
314,CA Lynn,Deccan Chargers,6,9
314,J Botha,Rajasthan Royals,3,4
314,SP Goswami,Rajasthan Royals,3,3
314,CL White,Deccan Chargers,1,4
314,A Chandila,Rajasthan Royals,0,1
315,DA Warner,Delhi Daredevils,79,44
315,SD Chitnis,Kings XI Punjab,38,32
315,Azhar Mahmood,Kings XI Punjab,36,38
315,Gurkeerat Singh,Kings XI Punjab,26,11
315,Y Venugopal Rao,Delhi Daredevils,21,19
315,UBT Chand,Delhi Daredevils,18,24
315,RJ Harris,Kings XI Punjab,15,6
315,AC Gilchrist,Kings XI Punjab,9,12
315,DPMD Jayawardene,Delhi Daredevils,8,10
315,IK Pathan,Delhi Daredevils,5,7
315,NV Ojha,Delhi Daredevils,5,6
315,DJ Hussey,Kings XI Punjab,3,6
315,P Kumar,Kings XI Punjab,3,2
315,PC Valthaty,Kings XI Punjab,2,10
315,PP Chawla,Kings XI Punjab,1,2
315,Mandeep Singh,Kings XI Punjab,0,1
316,Shakib Al Hasan,Kolkata Knight Riders,42,30
316,BB McCullum,Kolkata Knight Riders,41,43
316,JD Ryder,Pune Warriors,22,24
316,AP Majumdar,Pune Warriors,17,22
316,YK Pathan,Kolkata Knight Riders,15,10
316,JH Kallis,Kolkata Knight Riders,13,18
316,MJ Clarke,Pune Warriors,13,18
316,CJ Ferguson,Pune Warriors,12,18
316,G Gambhir,Kolkata Knight Riders,10,12
316,MK Tiwary,Kolkata Knight Riders,8,9
316,RV Uthappa,Pune Warriors,8,8
316,Harpreet Singh,Pune Warriors,6,6
316,SC Ganguly,Pune Warriors,5,8
316,WD Parnell,Pune Warriors,3,5
316,B Kumar,Pune Warriors,3,6
316,AG Murtaza,Pune Warriors,3,5
317,JP Duminy,Deccan Chargers,74,53
317,V Kohli,Royal Challengers Bangalore,42,40
317,SS Tiwary,Royal Challengers Bangalore,30,27
317,CH Gayle,Royal Challengers Bangalore,27,10
317,PA Patel,Deccan Chargers,16,21
317,KC Sangakkara,Deccan Chargers,15,22
317,PA Reddy,Deccan Chargers,7,11
317,R Vinay Kumar,Royal Challengers Bangalore,7,7
317,S Dhawan,Deccan Chargers,5,4
317,HV Patel,Royal Challengers Bangalore,5,5
317,A Ashish Reddy,Deccan Chargers,4,4
317,TM Dilshan,Royal Challengers Bangalore,4,12
317,AB de Villiers,Royal Challengers Bangalore,4,11
317,CL White,Deccan Chargers,1,5
317,MA Agarwal,Royal Challengers Bangalore,1,2
317,Z Khan,Royal Challengers Bangalore,0,4
317,M Muralitharan,Royal Challengers Bangalore,0,1
317,P Parameswaran,Royal Challengers Bangalore,0,1
318,DR Smith,Mumbai Indians,87,58
318,SR Tendulkar,Mumbai Indians,58,51
318,SR Watson,Rajasthan Royals,45,36
318,STR Binny,Rajasthan Royals,30,17
318,OA Shah,Rajasthan Royals,28,24
318,AL Menaria,Rajasthan Royals,21,20
318,AM Rahane,Rajasthan Royals,13,17
318,DH Yagnik,Rajasthan Royals,6,3
318,R Dravid,Rajasthan Royals,5,5
319,YK Pathan,Kolkata Knight Riders,40,21
319,DPMD Jayawardene,Delhi Daredevils,40,33
319,G Gambhir,Kolkata Knight Riders,32,16
319,BB McCullum,Kolkata Knight Riders,31,36
319,JH Kallis,Kolkata Knight Riders,30,33
319,NV Ojha,Delhi Daredevils,28,28
319,LR Shukla,Kolkata Knight Riders,24,11
319,P Negi,Delhi Daredevils,14,11
319,Y Venugopal Rao,Delhi Daredevils,13,22
319,LRPL Taylor,Delhi Daredevils,11,8
319,V Sehwag,Delhi Daredevils,10,7
319,DA Warner,Delhi Daredevils,7,6
319,IK Pathan,Delhi Daredevils,6,3
319,Shakib Al Hasan,Kolkata Knight Riders,1,3
319,UT Yadav,Delhi Daredevils,1,1
319,M Morkel,Delhi Daredevils,0,1
320,MS Dhoni,Chennai Super Kings,51,20
320,MEK Hussey,Chennai Super Kings,49,39
320,S Badrinath,Chennai Super Kings,47,39
320,DR Smith,Mumbai Indians,38,22
320,DJ Bravo,Chennai Super Kings,33,14
320,SL Malinga,Mumbai Indians,17,16
320,KA Pollard,Mumbai Indians,16,19
320,RG Sharma,Mumbai Indians,14,19
320,JEC Franklin,Mumbai Indians,13,13
320,SR Tendulkar,Mumbai Indians,11,11
320,AT Rayudu,Mumbai Indians,11,7
320,DS Kulkarni,Mumbai Indians,10,5
320,KD Karthik,Mumbai Indians,6,4
320,M Vijay,Chennai Super Kings,1,5
320,RA Jadeja,Chennai Super Kings,1,2
320,Harbhajan Singh,Mumbai Indians,1,4
320,RP Singh,Mumbai Indians,1,1
320,SK Raina,Chennai Super Kings,0,1
321,M Vijay,Chennai Super Kings,113,58
321,DPMD Jayawardene,Delhi Daredevils,55,38
321,DJ Bravo,Chennai Super Kings,33,12
321,SK Raina,Chennai Super Kings,27,17
321,LRPL Taylor,Delhi Daredevils,24,14
321,MS Dhoni,Chennai Super Kings,23,10
321,MEK Hussey,Chennai Super Kings,20,22
321,AD Russell,Delhi Daredevils,16,11
321,Y Venugopal Rao,Delhi Daredevils,10,7
321,P Negi,Delhi Daredevils,8,6
321,NV Ojha,Delhi Daredevils,7,5
321,DA Warner,Delhi Daredevils,3,7
321,V Sehwag,Delhi Daredevils,1,6
321,UT Yadav,Delhi Daredevils,1,4
321,JA Morkel,Chennai Super Kings,0,1
321,Sunny Gupta,Delhi Daredevils,0,1
321,VR Aaron,Delhi Daredevils,0,2
322,MS Bisla,Kolkata Knight Riders,89,48
322,SK Raina,Chennai Super Kings,73,38
322,JH Kallis,Kolkata Knight Riders,69,49
322,MEK Hussey,Chennai Super Kings,54,43
322,M Vijay,Chennai Super Kings,42,32
322,MS Dhoni,Chennai Super Kings,14,9
322,Shakib Al Hasan,Kolkata Knight Riders,11,7
322,MK Tiwary,Kolkata Knight Riders,9,3
322,LR Shukla,Kolkata Knight Riders,3,6
322,G Gambhir,Kolkata Knight Riders,2,4
322,YK Pathan,Kolkata Knight Riders,1,2
323,DPMD Jayawardene,Delhi Daredevils,66,52
323,G Gambhir,Kolkata Knight Riders,41,29
323,JH Kallis,Kolkata Knight Riders,23,20
323,MK Tiwary,Kolkata Knight Riders,23,23
323,DA Warner,Delhi Daredevils,21,19
323,YK Pathan,Kolkata Knight Riders,18,16
323,EJG Morgan,Kolkata Knight Riders,14,15
323,NV Ojha,Delhi Daredevils,9,9
323,MC Juneja,Delhi Daredevils,8,9
323,J Botha,Delhi Daredevils,7,6
323,IK Pathan,Delhi Daredevils,4,7
323,AD Russell,Delhi Daredevils,4,8
323,S Nadeem,Delhi Daredevils,4,8
323,MS Bisla,Kolkata Knight Riders,4,9
323,UBT Chand,Delhi Daredevils,0,1
323,A Nehra,Delhi Daredevils,0,1
324,CH Gayle,Royal Challengers Bangalore,92,58
324,KD Karthik,Mumbai Indians,60,37
324,RT Ponting,Mumbai Indians,28,33
324,V Kohli,Royal Challengers Bangalore,24,14
324,SR Tendulkar,Mumbai Indians,23,19
324,KB Arun Karthik,Royal Challengers Bangalore,19,19
324,AT Rayudu,Mumbai Indians,18,18
324,RG Sharma,Mumbai Indians,11,11
324,KA Pollard,Mumbai Indians,5,2
324,DT Christian,Royal Challengers Bangalore,4,13
324,MA Agarwal,Royal Challengers Bangalore,1,5
324,Harbhajan Singh,Mumbai Indians,1,1
324,TM Dilshan,Royal Challengers Bangalore,0,8
324,KK Nair,Royal Challengers Bangalore,0,3
325,NLTC Perera,Sunrisers Hyderabad,30,18
325,PA Reddy,Sunrisers Hyderabad,27,30
325,RV Uthappa,Pune Warriors,24,22
325,PA Patel,Sunrisers Hyderabad,19,18
325,LRPL Taylor,Pune Warriors,19,19
325,AM Nayar,Pune Warriors,19,14
325,KC Sangakkara,Sunrisers Hyderabad,15,16
325,MK Pandey,Pune Warriors,15,29
325,GH Vihari,Sunrisers Hyderabad,11,12
325,CL White,Sunrisers Hyderabad,10,18
325,AD Mathews,Pune Warriors,8,6
325,A Ashish Reddy,Sunrisers Hyderabad,7,4
325,MR Marsh,Pune Warriors,7,3
325,MN Samuels,Pune Warriors,5,9
325,DB Ravi Teja,Sunrisers Hyderabad,4,4
325,B Kumar,Pune Warriors,3,3
325,Yuvraj Singh,Pune Warriors,2,5
325,R Sharma,Pune Warriors,0,1
325,AB Dinda,Pune Warriors,0,2
326,DA Warner,Delhi Daredevils,77,56
326,R Dravid,Rajasthan Royals,65,51
326,STR Binny,Rajasthan Royals,40,20
326,AM Rahane,Rajasthan Royals,28,24
326,UBT Chand,Delhi Daredevils,23,19
326,MC Juneja,Delhi Daredevils,20,18
326,DPMD Jayawardene,Delhi Daredevils,19,16
326,MDKJ Perera,Rajasthan Royals,14,12
326,AD Russell,Delhi Daredevils,7,6
326,BJ Hodge,Rajasthan Royals,5,7
326,KK Cooper,Rajasthan Royals,2,2
326,J Botha,Delhi Daredevils,2,3
326,AL Menaria,Rajasthan Royals,1,2
326,R Shukla,Rajasthan Royals,1,2
326,IK Pathan,Delhi Daredevils,1,1
326,NV Ojha,Delhi Daredevils,0,1
327,KA Pollard,Mumbai Indians,57,38
327,MS Dhoni,Chennai Super Kings,51,26
327,KD Karthik,Mumbai Indians,37,25
327,Harbhajan Singh,Mumbai Indians,21,21
327,MEK Hussey,Chennai Super Kings,20,23
327,S Badrinath,Chennai Super Kings,16,16
327,RA Jadeja,Chennai Super Kings,16,11
327,SK Raina,Chennai Super Kings,10,7
327,DJ Bravo,Chennai Super Kings,10,17
327,RG Sharma,Mumbai Indians,8,10
327,AT Rayudu,Mumbai Indians,7,10
327,RT Ponting,Mumbai Indians,6,10
327,M Vijay,Chennai Super Kings,5,8
327,DR Smith,Mumbai Indians,3,5
327,R Ashwin,Chennai Super Kings,2,5
327,AS Rajpoot,Chennai Super Kings,2,6
327,SR Tendulkar,Mumbai Indians,0,1
327,B Laughlin,Chennai Super Kings,0,1
328,M Vohra,Kings XI Punjab,43,28
328,Mandeep Singh,Kings XI Punjab,31,26
328,AM Nayar,Pune Warriors,25,26
328,RV Uthappa,Pune Warriors,19,23
328,LRPL Taylor,Pune Warriors,15,19
328,MR Marsh,Pune Warriors,15,8
328,AC Gilchrist,Kings XI Punjab,15,10
328,B Kumar,Pune Warriors,8,12
328,DJ Hussey,Kings XI Punjab,8,11
328,TL Suman,Pune Warriors,6,14
328,AD Mathews,Pune Warriors,4,4
328,MN Samuels,Pune Warriors,3,9
328,R Sharma,Pune Warriors,1,1
328,MK Pandey,Pune Warriors,0,4
329,V Kohli,Royal Challengers Bangalore,51,46
329,MC Henriques,Royal Challengers Bangalore,44,40
329,GH Vihari,Sunrisers Hyderabad,44,46
329,PA Reddy,Sunrisers Hyderabad,23,21
329,CL White,Sunrisers Hyderabad,22,14
329,KC Sangakkara,Sunrisers Hyderabad,16,17
329,A Ashish Reddy,Sunrisers Hyderabad,14,12
329,CH Gayle,Royal Challengers Bangalore,11,6
329,KK Nair,Royal Challengers Bangalore,9,9
329,NLTC Perera,Sunrisers Hyderabad,9,10
329,MA Agarwal,Royal Challengers Bangalore,7,8
329,R Vinay Kumar,Royal Challengers Bangalore,7,4
329,TM Dilshan,Royal Challengers Bangalore,5,9
329,DW Steyn,Sunrisers Hyderabad,3,3
329,M Kartik,Royal Challengers Bangalore,2,2
329,PA Patel,Sunrisers Hyderabad,2,4
329,JD Unadkat,Royal Challengers Bangalore,1,1
329,KB Arun Karthik,Royal Challengers Bangalore,0,1
330,EJG Morgan,Kolkata Knight Riders,51,38
330,BJ Hodge,Rajasthan Royals,46,31
330,AM Rahane,Rajasthan Royals,36,34
330,G Gambhir,Kolkata Knight Riders,22,22
330,R Dravid,Rajasthan Royals,17,20
330,DH Yagnik,Rajasthan Royals,16,11
330,STR Binny,Rajasthan Royals,14,11
330,MK Tiwary,Kolkata Knight Riders,14,13
330,R Bhatia,Kolkata Knight Riders,12,7
330,SR Watson,Rajasthan Royals,5,10
330,B Lee,Kolkata Knight Riders,5,6
330,Mohammed Shami,Kolkata Knight Riders,5,10
330,LR Shukla,Kolkata Knight Riders,2,9
330,SP Narine,Kolkata Knight Riders,2,2
330,S Sreesanth,Rajasthan Royals,1,2
330,MS Bisla,Kolkata Knight Riders,1,4
330,KK Cooper,Rajasthan Royals,0,2
330,JH Kallis,Kolkata Knight Riders,0,1
330,YK Pathan,Kolkata Knight Riders,0,2
331,KD Karthik,Mumbai Indians,86,48
331,RG Sharma,Mumbai Indians,74,50
331,DA Warner,Delhi Daredevils,61,37
331,MC Juneja,Delhi Daredevils,49,40
331,AT Rayudu,Mumbai Indians,24,8
331,M Morkel,Delhi Daredevils,23,9
331,KA Pollard,Mumbai Indians,13,7
331,IK Pathan,Delhi Daredevils,10,12
331,UT Yadav,Delhi Daredevils,5,4
331,DPMD Jayawardene,Delhi Daredevils,3,6
331,S Nadeem,Delhi Daredevils,2,3
331,SR Tendulkar,Mumbai Indians,1,1
331,Harbhajan Singh,Mumbai Indians,1,1
331,KM Jadhav,Delhi Daredevils,1,2
331,A Nehra,Delhi Daredevils,1,5
331,RT Ponting,Mumbai Indians,0,6
331,UBT Chand,Delhi Daredevils,0,1
331,BMAJ Mendis,Delhi Daredevils,0,1
332,MEK Hussey,Chennai Super Kings,86,54
332,M Vijay,Chennai Super Kings,50,50
332,DJ Hussey,Kings XI Punjab,41,36
332,Gurkeerat Singh,Kings XI Punjab,31,26
332,M Vohra,Kings XI Punjab,16,11
332,Mandeep Singh,Kings XI Punjab,9,10
332,AC Gilchrist,Kings XI Punjab,9,6
332,Azhar Mahmood,Kings XI Punjab,8,7
332,R Sathish,Kings XI Punjab,8,6
332,PP Chawla,Kings XI Punjab,4,5
332,P Kumar,Kings XI Punjab,3,5
332,P Awana,Kings XI Punjab,1,5
332,RJ Harris,Kings XI Punjab,0,2
333,CH Gayle,Royal Challengers Bangalore,85,50
333,G Gambhir,Kolkata Knight Riders,59,46
333,V Kohli,Royal Challengers Bangalore,35,27
333,YK Pathan,Kolkata Knight Riders,27,17
333,MK Tiwary,Kolkata Knight Riders,23,16
333,AB de Villiers,Royal Challengers Bangalore,22,22
333,JH Kallis,Kolkata Knight Riders,16,19
333,R Bhatia,Kolkata Knight Riders,13,7
333,MA Agarwal,Royal Challengers Bangalore,6,8
333,PJ Sangwan,Kolkata Knight Riders,4,2
333,EJG Morgan,Kolkata Knight Riders,2,5
333,R McLaren,Kolkata Knight Riders,2,3
333,MS Bisla,Kolkata Knight Riders,1,5
333,SP Narine,Kolkata Knight Riders,1,1
334,AJ Finch,Pune Warriors,64,53
334,R Dravid,Rajasthan Royals,54,48
334,RV Uthappa,Pune Warriors,32,16
334,AM Rahane,Rajasthan Royals,30,27
334,Yuvraj Singh,Pune Warriors,28,23
334,BJ Hodge,Rajasthan Royals,22,19
334,JP Faulkner,Rajasthan Royals,19,14
334,LRPL Taylor,Pune Warriors,17,20
334,DH Yagnik,Rajasthan Royals,12,8
334,STR Binny,Rajasthan Royals,1,4
334,AD Mathews,Pune Warriors,1,1
334,MDKJ Perera,Rajasthan Royals,0,1
335,KM Jadhav,Delhi Daredevils,30,20
335,KC Sangakkara,Sunrisers Hyderabad,28,28
335,IK Pathan,Delhi Daredevils,23,30
335,PA Patel,Sunrisers Hyderabad,19,19
335,GH Vihari,Sunrisers Hyderabad,17,23
335,A Ashish Reddy,Sunrisers Hyderabad,16,9
335,A Mishra,Sunrisers Hyderabad,16,14
335,MC Juneja,Delhi Daredevils,15,22
335,DPMD Jayawardene,Delhi Daredevils,12,14
335,V Sehwag,Delhi Daredevils,12,10
335,J Botha,Delhi Daredevils,9,14
335,DW Steyn,Sunrisers Hyderabad,9,5
335,UT Yadav,Delhi Daredevils,6,5
335,CL White,Sunrisers Hyderabad,4,8
335,NLTC Perera,Sunrisers Hyderabad,2,3
335,PA Reddy,Sunrisers Hyderabad,1,8
335,DA Warner,Delhi Daredevils,0,4
335,M Morkel,Delhi Daredevils,0,1
335,S Nadeem,Delhi Daredevils,0,1
336,RG Sharma,Mumbai Indians,62,32
336,SR Tendulkar,Mumbai Indians,44,29
336,KD Karthik,Mumbai Indians,41,29
336,MR Marsh,Pune Warriors,38,26
336,Yuvraj Singh,Pune Warriors,24,16
336,TL Suman,Pune Warriors,23,15
336,KA Pollard,Mumbai Indians,19,14
336,AD Mathews,Pune Warriors,19,18
336,RT Ponting,Mumbai Indians,14,17
336,R Sharma,Pune Warriors,10,12
336,RV Uthappa,Pune Warriors,7,9
336,AM Nayar,Pune Warriors,6,7
336,B Kumar,Pune Warriors,6,11
336,LRPL Taylor,Pune Warriors,4,5
336,AJ Finch,Pune Warriors,0,1
337,AB de Villiers,Royal Challengers Bangalore,64,32
337,V Kohli,Royal Challengers Bangalore,58,47
337,RA Jadeja,Chennai Super Kings,38,20
337,S Badrinath,Chennai Super Kings,34,29
337,MS Dhoni,Chennai Super Kings,33,23
337,SK Raina,Chennai Super Kings,30,22
337,MA Agarwal,Royal Challengers Bangalore,24,21
337,DJ Bravo,Chennai Super Kings,8,3
337,CH Morris,Chennai Super Kings,7,4
337,MEK Hussey,Chennai Super Kings,6,16
337,KB Arun Karthik,Royal Challengers Bangalore,5,5
337,CH Gayle,Royal Challengers Bangalore,4,10
337,DT Christian,Royal Challengers Bangalore,2,2
337,M Vijay,Chennai Super Kings,2,5
337,R Rampaul,Royal Challengers Bangalore,0,4
338,G Gambhir,Kolkata Knight Riders,53,45
338,EJG Morgan,Kolkata Knight Riders,47,21
338,JH Kallis,Kolkata Knight Riders,41,27
338,NLTC Perera,Sunrisers Hyderabad,36,25
338,CL White,Sunrisers Hyderabad,34,31
338,MS Bisla,Kolkata Knight Riders,28,24
338,PA Patel,Sunrisers Hyderabad,27,31
338,DB Ravi Teja,Sunrisers Hyderabad,10,13
338,KV Sharma,Sunrisers Hyderabad,5,9
338,A Ashish Reddy,Sunrisers Hyderabad,4,5
338,YK Pathan,Kolkata Knight Riders,3,3
338,KC Sangakkara,Sunrisers Hyderabad,2,3
338,GH Vihari,Sunrisers Hyderabad,1,2
338,A Mishra,Sunrisers Hyderabad,1,1
339,DJ Hussey,Kings XI Punjab,41,31
339,AM Rahane,Rajasthan Royals,34,42
339,SR Watson,Rajasthan Royals,32,19
339,SV Samson,Rajasthan Royals,27,23
339,Azhar Mahmood,Kings XI Punjab,23,20
339,P Kumar,Kings XI Punjab,15,7
339,BJ Hodge,Rajasthan Royals,15,16
339,R Sathish,Kings XI Punjab,11,12
339,Gurkeerat Singh,Kings XI Punjab,10,15
339,R Dravid,Rajasthan Royals,9,12
339,PP Chawla,Kings XI Punjab,7,9
339,M Vohra,Kings XI Punjab,3,6
339,Mandeep Singh,Kings XI Punjab,2,8
339,RJ Harris,Kings XI Punjab,2,3
339,AC Gilchrist,Kings XI Punjab,0,2
339,P Awana,Kings XI Punjab,0,1
339,STR Binny,Rajasthan Royals,0,4
340,AJ Finch,Pune Warriors,67,45
340,SPD Smith,Pune Warriors,39,16
340,S Badrinath,Chennai Super Kings,34,26
340,RA Jadeja,Chennai Super Kings,27,22
340,RV Uthappa,Pune Warriors,26,33
340,M Vijay,Chennai Super Kings,24,22
340,JA Morkel,Chennai Super Kings,13,11
340,R Ashwin,Chennai Super Kings,11,5
340,MS Dhoni,Chennai Super Kings,10,13
340,MK Pandey,Pune Warriors,9,8
340,LRPL Taylor,Pune Warriors,8,13
340,SK Raina,Chennai Super Kings,8,10
340,CH Morris,Chennai Super Kings,5,5
340,MR Marsh,Pune Warriors,2,4
340,DJ Bravo,Chennai Super Kings,1,4
340,AM Nayar,Pune Warriors,0,1
340,S Anirudha,Chennai Super Kings,0,2
341,G Gambhir,Kolkata Knight Riders,60,39
341,EJG Morgan,Kolkata Knight Riders,47,38
341,MS Gony,Kings XI Punjab,42,18
341,Mandeep Singh,Kings XI Punjab,41,30
341,DA Miller,Kings XI Punjab,20,17
341,M Vohra,Kings XI Punjab,17,16
341,R Bhatia,Kolkata Knight Riders,16,6
341,YK Pathan,Kolkata Knight Riders,13,16
341,DJ Hussey,Kings XI Punjab,12,15
341,PP Chawla,Kings XI Punjab,11,8
341,AC Gilchrist,Kings XI Punjab,7,12
341,P Kumar,Kings XI Punjab,1,2
341,JH Kallis,Kolkata Knight Riders,1,6
341,MK Tiwary,Kolkata Knight Riders,1,7
341,DB Das,Kolkata Knight Riders,1,3
341,SMSM Senanayake,Kolkata Knight Riders,1,2
341,SP Narine,Kolkata Knight Riders,1,2
341,Azhar Mahmood,Kings XI Punjab,0,1
341,Gurkeerat Singh,Kings XI Punjab,0,1
341,MS Bisla,Kolkata Knight Riders,0,1
342,V Kohli,Royal Challengers Bangalore,65,50
342,AB de Villiers,Royal Challengers Bangalore,52,36
342,IK Pathan,Delhi Daredevils,30,12
342,KM Jadhav,Delhi Daredevils,29,16
342,DPMD Jayawardene,Delhi Daredevils,28,31
342,V Sehwag,Delhi Daredevils,25,23
342,MC Juneja,Delhi Daredevils,17,16
342,DA Warner,Delhi Daredevils,15,14
342,CH Gayle,Royal Challengers Bangalore,15,11
342,BJ Rohrer,Delhi Daredevils,14,15
342,KL Rahul,Royal Challengers Bangalore,12,12
342,R Rampaul,Royal Challengers Bangalore,12,7
342,KB Arun Karthik,Royal Challengers Bangalore,5,5
342,J Syed Mohammad,Royal Challengers Bangalore,1,2
342,R Vinay Kumar,Royal Challengers Bangalore,1,1
342,AB McDonald,Royal Challengers Bangalore,0,2
343,BB Samantray,Sunrisers Hyderabad,37,37
343,A Mishra,Sunrisers Hyderabad,30,24
343,RV Uthappa,Pune Warriors,22,14
343,AD Mathews,Pune Warriors,20,24
343,A Ashish Reddy,Sunrisers Hyderabad,19,15
343,SPD Smith,Pune Warriors,17,25
343,AJ Finch,Pune Warriors,16,13
343,MR Marsh,Pune Warriors,14,13
343,PA Patel,Sunrisers Hyderabad,12,9
343,TL Suman,Pune Warriors,12,14
343,KV Sharma,Sunrisers Hyderabad,7,13
343,MK Pandey,Pune Warriors,7,6
343,DW Steyn,Sunrisers Hyderabad,4,1
343,Q de Kock,Sunrisers Hyderabad,2,8
343,NLTC Perera,Sunrisers Hyderabad,2,4
343,GH Vihari,Sunrisers Hyderabad,1,8
343,CL White,Sunrisers Hyderabad,0,1
343,AM Nayar,Pune Warriors,0,2
343,B Kumar,Pune Warriors,0,1
343,R Sharma,Pune Warriors,0,1
343,AB Dinda,Pune Warriors,0,1
344,AM Rahane,Rajasthan Royals,68,54
344,DH Yagnik,Rajasthan Royals,34,24
344,SR Watson,Rajasthan Royals,31,25
344,KD Karthik,Mumbai Indians,30,32
344,BJ Hodge,Rajasthan Royals,27,15
344,AT Rayudu,Mumbai Indians,27,29
344,MG Johnson,Mumbai Indians,11,9
344,SL Malinga,Mumbai Indians,7,11
344,STR Binny,Rajasthan Royals,4,4
344,RT Ponting,Mumbai Indians,4,9
344,RG Sharma,Mumbai Indians,2,7
344,SR Tendulkar,Mumbai Indians,1,3
344,KA Pollard,Mumbai Indians,1,7
344,Harbhajan Singh,Mumbai Indians,1,1
344,PP Ojha,Mumbai Indians,1,1
344,R Dhawan,Mumbai Indians,0,1
345,MEK Hussey,Chennai Super Kings,65,50
345,MS Dhoni,Chennai Super Kings,44,23
345,KM Jadhav,Delhi Daredevils,31,28
345,SK Raina,Chennai Super Kings,30,32
345,M Vijay,Chennai Super Kings,18,13
345,V Sehwag,Delhi Daredevils,17,13
345,BMAJ Mendis,Delhi Daredevils,12,17
345,DPMD Jayawardene,Delhi Daredevils,6,11
345,DJ Bravo,Chennai Super Kings,3,2
345,AB Agarkar,Delhi Daredevils,3,7
345,MC Juneja,Delhi Daredevils,2,3
345,IK Pathan,Delhi Daredevils,2,6
345,M Morkel,Delhi Daredevils,2,4
345,S Nadeem,Delhi Daredevils,2,7
345,DA Warner,Delhi Daredevils,1,4
345,UT Yadav,Delhi Daredevils,1,5
346,GH Vihari,Sunrisers Hyderabad,46,39
346,AC Gilchrist,Kings XI Punjab,26,25
346,PP Chawla,Kings XI Punjab,23,15
346,NLTC Perera,Sunrisers Hyderabad,23,11
346,DJ Hussey,Kings XI Punjab,22,24
346,PA Reddy,Sunrisers Hyderabad,19,17
346,Gurkeerat Singh,Kings XI Punjab,17,12
346,CL White,Sunrisers Hyderabad,16,23
346,Mandeep Singh,Kings XI Punjab,10,11
346,BB Samantray,Sunrisers Hyderabad,10,12
346,A Ashish Reddy,Sunrisers Hyderabad,7,7
346,PC Valthaty,Kings XI Punjab,6,17
346,AD Mascarenhas,Kings XI Punjab,5,5
346,Azhar Mahmood,Kings XI Punjab,4,4
346,P Kumar,Kings XI Punjab,3,6
346,M Vohra,Kings XI Punjab,0,1
346,Q de Kock,Sunrisers Hyderabad,0,4
347,MEK Hussey,Chennai Super Kings,40,51
347,RA Jadeja,Chennai Super Kings,36,14
347,G Gambhir,Kolkata Knight Riders,25,19
347,YK Pathan,Kolkata Knight Riders,25,22
347,DB Das,Kolkata Knight Riders,19,15
347,MK Tiwary,Kolkata Knight Riders,13,18
347,SP Narine,Kolkata Knight Riders,13,6
347,R Ashwin,Chennai Super Kings,11,13
347,L Balaji,Kolkata Knight Riders,9,7
347,MS Dhoni,Chennai Super Kings,9,7
347,SMSM Senanayake,Kolkata Knight Riders,7,13
347,SK Raina,Chennai Super Kings,7,8
347,DJ Bravo,Chennai Super Kings,7,4
347,S Badrinath,Chennai Super Kings,6,13
347,EJG Morgan,Kolkata Knight Riders,2,7
347,M Vijay,Chennai Super Kings,2,5
347,R Bhatia,Kolkata Knight Riders,1,10
347,LR Shukla,Kolkata Knight Riders,1,3
348,CH Gayle,Royal Challengers Bangalore,49,44
348,R Dravid,Rajasthan Royals,35,31
348,STR Binny,Rajasthan Royals,33,20
348,TM Dilshan,Royal Challengers Bangalore,25,22
348,SS Tiwary,Royal Challengers Bangalore,25,29
348,AM Rahane,Rajasthan Royals,14,13
348,BJ Hodge,Rajasthan Royals,13,17
348,AB de Villiers,Royal Challengers Bangalore,7,8
348,SR Watson,Rajasthan Royals,6,9
348,DH Yagnik,Rajasthan Royals,5,4
348,A Chandila,Rajasthan Royals,4,6
348,JP Faulkner,Rajasthan Royals,3,7
348,SK Trivedi,Rajasthan Royals,3,6
348,SW Tait,Rajasthan Royals,1,3
348,V Kohli,Royal Challengers Bangalore,1,4
348,S Sreesanth,Rajasthan Royals,0,2
349,V Sehwag,Delhi Daredevils,95,57
349,RG Sharma,Mumbai Indians,73,43
349,DPMD Jayawardene,Delhi Daredevils,59,43
349,SR Tendulkar,Mumbai Indians,54,47
349,KA Pollard,Mumbai Indians,19,10
349,DR Smith,Mumbai Indians,8,12
349,DA Warner,Delhi Daredevils,7,5
349,KD Karthik,Mumbai Indians,2,6
349,AT Rayudu,Mumbai Indians,2,2
350,DA Miller,Kings XI Punjab,80,41
350,Mandeep Singh,Kings XI Punjab,77,58
350,AJ Finch,Pune Warriors,64,42
350,RV Uthappa,Pune Warriors,37,33
350,Yuvraj Singh,Pune Warriors,34,24
350,LJ Wright,Pune Warriors,34,10
350,M Vohra,Kings XI Punjab,22,13
350,SPD Smith,Pune Warriors,6,9
350,AC Gilchrist,Kings XI Punjab,4,3
350,AM Nayar,Pune Warriors,2,2
350,Azhar Mahmood,Kings XI Punjab,0,4
351,SR Watson,Rajasthan Royals,101,61
351,MEK Hussey,Chennai Super Kings,88,51
351,SK Raina,Chennai Super Kings,51,35
351,STR Binny,Rajasthan Royals,36,22
351,MS Dhoni,Chennai Super Kings,21,16
351,AM Rahane,Rajasthan Royals,16,15
351,DJ Bravo,Chennai Super Kings,15,9
351,BJ Hodge,Rajasthan Royals,9,6
351,DH Yagnik,Rajasthan Royals,7,8
351,R Dravid,Rajasthan Royals,6,9
351,M Vijay,Chennai Super Kings,3,5
351,CH Morris,Chennai Super Kings,1,1
351,RA Jadeja,Chennai Super Kings,0,2
352,CH Gayle,Royal Challengers Bangalore,175,66
352,SPD Smith,Pune Warriors,41,31
352,TM Dilshan,Royal Challengers Bangalore,33,36
352,AB de Villiers,Royal Challengers Bangalore,31,8
352,MR Marsh,Pune Warriors,24,23
352,AJ Finch,Pune Warriors,18,15
352,Yuvraj Singh,Pune Warriors,16,14
352,V Kohli,Royal Challengers Bangalore,11,9
352,M Manhas,Pune Warriors,11,13
352,LJ Wright,Pune Warriors,7,3
352,B Kumar,Pune Warriors,6,12
352,AG Murtaza,Pune Warriors,5,4
352,SS Tiwary,Royal Challengers Bangalore,2,2
352,AB Dinda,Pune Warriors,1,1
352,R Rampaul,Royal Challengers Bangalore,0,1
352,RV Uthappa,Pune Warriors,0,2
352,IC Pandey,Pune Warriors,0,2
353,BJ Rohrer,Delhi Daredevils,49,29
353,SE Marsh,Kings XI Punjab,45,44
353,DA Miller,Kings XI Punjab,44,24
353,AC Gilchrist,Kings XI Punjab,42,26
353,DPMD Jayawardene,Delhi Daredevils,39,42
353,V Sehwag,Delhi Daredevils,30,22
353,R Sathish,Kings XI Punjab,22,13
353,M Morkel,Delhi Daredevils,13,4
353,CM Gautam,Delhi Daredevils,12,8
353,Azhar Mahmood,Kings XI Punjab,9,13
353,UBT Chand,Delhi Daredevils,7,8
353,IK Pathan,Delhi Daredevils,1,7
353,DA Warner,Delhi Daredevils,0,1
354,DR Smith,Mumbai Indians,62,45
354,JH Kallis,Kolkata Knight Riders,37,38
354,RG Sharma,Mumbai Indians,34,28
354,MK Tiwary,Kolkata Knight Riders,33,24
354,KA Pollard,Mumbai Indians,33,24
354,EJG Morgan,Kolkata Knight Riders,31,25
354,G Gambhir,Kolkata Knight Riders,26,20
354,YK Pathan,Kolkata Knight Riders,19,6
354,AT Rayudu,Mumbai Indians,13,8
354,KD Karthik,Mumbai Indians,7,6
354,Harbhajan Singh,Mumbai Indians,7,2
354,DB Das,Kolkata Knight Riders,6,7
354,SR Tendulkar,Mumbai Indians,2,6
354,R Bhatia,Kolkata Knight Riders,1,1
355,MS Dhoni,Chennai Super Kings,67,37
355,S Dhawan,Sunrisers Hyderabad,63,45
355,MEK Hussey,Chennai Super Kings,45,26
355,A Ashish Reddy,Sunrisers Hyderabad,36,16
355,DJG Sammy,Sunrisers Hyderabad,19,12
355,M Vijay,Chennai Super Kings,18,22
355,SK Raina,Chennai Super Kings,16,13
355,A Mishra,Sunrisers Hyderabad,15,21
355,X Thalaivan Sargunam,Sunrisers Hyderabad,10,17
355,DJ Bravo,Chennai Super Kings,7,16
355,Q de Kock,Sunrisers Hyderabad,4,3
355,GH Vihari,Sunrisers Hyderabad,2,3
355,CL White,Sunrisers Hyderabad,2,3
355,RA Jadeja,Chennai Super Kings,1,4
355,CH Morris,Chennai Super Kings,0,1
356,MS Bisla,Kolkata Knight Riders,51,44
356,EJG Morgan,Kolkata Knight Riders,42,26
356,JH Kallis,Kolkata Knight Riders,37,33
356,M Vohra,Kings XI Punjab,31,21
356,Gurkeerat Singh,Kings XI Punjab,28,15
356,AC Gilchrist,Kings XI Punjab,27,27
356,Mandeep Singh,Kings XI Punjab,25,20
356,DJ Hussey,Kings XI Punjab,21,20
356,DA Miller,Kings XI Punjab,10,8
356,G Gambhir,Kolkata Knight Riders,8,6
356,Azhar Mahmood,Kings XI Punjab,2,7
356,PP Chawla,Kings XI Punjab,0,2
356,YK Pathan,Kolkata Knight Riders,0,1
356,SMSM Senanayake,Kolkata Knight Riders,0,1
357,SR Watson,Rajasthan Royals,98,53
357,DJG Sammy,Sunrisers Hyderabad,60,41
357,R Dravid,Rajasthan Royals,36,35
357,A Mishra,Sunrisers Hyderabad,21,28
357,DW Steyn,Sunrisers Hyderabad,18,8
357,A Ashish Reddy,Sunrisers Hyderabad,14,11
357,STR Binny,Rajasthan Royals,9,10
357,KV Sharma,Sunrisers Hyderabad,6,8
357,KC Sangakkara,Sunrisers Hyderabad,4,4
357,GH Vihari,Sunrisers Hyderabad,4,9
357,NLTC Perera,Sunrisers Hyderabad,4,4
357,PA Reddy,Sunrisers Hyderabad,2,5
357,AM Rahane,Rajasthan Royals,1,9
357,S Dhawan,Sunrisers Hyderabad,0,2
358,DR Smith,Mumbai Indians,50,36
358,KD Karthik,Mumbai Indians,43,33
358,KA Pollard,Mumbai Indians,34,16
358,R Vinay Kumar,Royal Challengers Bangalore,26,20
358,SR Tendulkar,Mumbai Indians,23,13
358,R Rampaul,Royal Challengers Bangalore,23,18
358,SS Tiwary,Royal Challengers Bangalore,21,19
358,CH Gayle,Royal Challengers Bangalore,18,20
358,Harbhajan Singh,Mumbai Indians,16,8
358,TM Dilshan,Royal Challengers Bangalore,13,18
358,KB Arun Karthik,Royal Challengers Bangalore,12,8
358,RG Sharma,Mumbai Indians,10,8
358,MG Johnson,Mumbai Indians,9,5
358,J Syed Mohammad,Royal Challengers Bangalore,9,11
358,AB de Villiers,Royal Challengers Bangalore,2,3
358,V Kohli,Royal Challengers Bangalore,1,4
358,SL Malinga,Mumbai Indians,0,1
359,MEK Hussey,Chennai Super Kings,95,59
359,MS Bisla,Kolkata Knight Riders,92,61
359,SK Raina,Chennai Super Kings,44,25
359,WP Saha,Chennai Super Kings,39,23
359,EJG Morgan,Kolkata Knight Riders,32,22
359,JH Kallis,Kolkata Knight Riders,19,20
359,MS Dhoni,Chennai Super Kings,18,12
359,G Gambhir,Kolkata Knight Riders,14,8
359,BB McCullum,Kolkata Knight Riders,6,7
359,YK Pathan,Kolkata Knight Riders,3,3
359,RA Jadeja,Chennai Super Kings,1,1
360,DA Warner,Delhi Daredevils,51,25
360,RV Uthappa,Pune Warriors,37,33
360,AJ Finch,Pune Warriors,37,33
360,Yuvraj Singh,Pune Warriors,31,24
360,V Sehwag,Delhi Daredevils,28,26
360,KM Jadhav,Delhi Daredevils,25,19
360,LJ Wright,Pune Warriors,19,18
360,UBT Chand,Delhi Daredevils,17,19
360,SPD Smith,Pune Warriors,17,8
360,BJ Rohrer,Delhi Daredevils,13,13
360,DPMD Jayawardene,Delhi Daredevils,12,17
360,IK Pathan,Delhi Daredevils,4,1
360,M Manhas,Pune Warriors,2,4
361,SV Samson,Rajasthan Royals,63,41
361,SR Watson,Rajasthan Royals,41,31
361,CH Gayle,Royal Challengers Bangalore,34,16
361,V Kohli,Royal Challengers Bangalore,32,35
361,BJ Hodge,Rajasthan Royals,32,18
361,MC Henriques,Royal Challengers Bangalore,22,19
361,R Vinay Kumar,Royal Challengers Bangalore,22,6
361,R Dravid,Rajasthan Royals,22,17
361,AB de Villiers,Royal Challengers Bangalore,21,13
361,A Mukund,Royal Challengers Bangalore,19,21
361,SS Tiwary,Royal Challengers Bangalore,8,8
361,STR Binny,Rajasthan Royals,6,3
361,R Rampaul,Royal Challengers Bangalore,3,4
361,AM Rahane,Rajasthan Royals,2,7
361,OA Shah,Rajasthan Royals,1,1
361,JP Faulkner,Rajasthan Royals,1,1
362,RG Sharma,Mumbai Indians,79,39
362,DA Miller,Kings XI Punjab,56,34
362,DJ Hussey,Kings XI Punjab,34,18
362,DR Smith,Mumbai Indians,33,32
362,KD Karthik,Mumbai Indians,25,19
362,P Kumar,Kings XI Punjab,24,15
362,KA Pollard,Mumbai Indians,20,21
362,PP Chawla,Kings XI Punjab,12,10
362,SE Marsh,Kings XI Punjab,10,12
362,SR Tendulkar,Mumbai Indians,9,10
362,Mandeep Singh,Kings XI Punjab,9,8
362,Azhar Mahmood,Kings XI Punjab,9,13
362,Gurkeerat Singh,Kings XI Punjab,2,4
362,M Vohra,Kings XI Punjab,1,2
362,MS Gony,Kings XI Punjab,0,3
362,P Awana,Kings XI Punjab,0,2
363,SK Raina,Chennai Super Kings,63,50
363,MS Dhoni,Chennai Super Kings,45,16
363,SPD Smith,Pune Warriors,35,39
363,S Badrinath,Chennai Super Kings,34,31
363,KW Richardson,Pune Warriors,26,20
363,B Kumar,Pune Warriors,24,24
363,AJ Finch,Pune Warriors,15,9
363,WP Saha,Chennai Super Kings,13,15
363,RV Uthappa,Pune Warriors,10,11
363,MEK Hussey,Chennai Super Kings,5,8
363,Yuvraj Singh,Pune Warriors,5,4
363,LJ Wright,Pune Warriors,2,6
363,AM Nayar,Pune Warriors,2,4
363,AB Dinda,Pune Warriors,2,2
363,TL Suman,Pune Warriors,0,1
363,R Sharma,Pune Warriors,0,1
364,S Dhawan,Sunrisers Hyderabad,73,55
364,DR Smith,Mumbai Indians,38,40
364,AT Rayudu,Mumbai Indians,34,27
364,GH Vihari,Sunrisers Hyderabad,25,23
364,RG Sharma,Mumbai Indians,22,22
364,KC Sangakkara,Sunrisers Hyderabad,21,21
364,SR Tendulkar,Mumbai Indians,14,12
364,KA Pollard,Mumbai Indians,14,19
364,PA Reddy,Sunrisers Hyderabad,7,9
364,DJG Sammy,Sunrisers Hyderabad,1,1
364,KD Karthik,Mumbai Indians,0,2
365,DA Warner,Delhi Daredevils,66,42
365,UBT Chand,Delhi Daredevils,37,39
365,R Bhatia,Kolkata Knight Riders,26,26
365,S Narwal,Kolkata Knight Riders,23,15
365,YK Pathan,Kolkata Knight Riders,20,16
365,DB Das,Kolkata Knight Riders,18,26
365,V Sehwag,Delhi Daredevils,17,15
365,B Lee,Kolkata Knight Riders,16,6
365,JH Kallis,Kolkata Knight Riders,12,15
365,EJG Morgan,Kolkata Knight Riders,10,9
365,BJ Rohrer,Delhi Daredevils,10,3
365,DPMD Jayawardene,Delhi Daredevils,5,8
365,MS Bisla,Kolkata Knight Riders,4,7
366,SK Raina,Chennai Super Kings,100,53
366,SE Marsh,Kings XI Punjab,73,51
366,DA Miller,Kings XI Punjab,51,26
366,MEK Hussey,Chennai Super Kings,35,29
366,JA Morkel,Chennai Super Kings,23,16
366,DJ Hussey,Kings XI Punjab,22,16
366,WP Saha,Chennai Super Kings,18,18
366,Mandeep Singh,Kings XI Punjab,15,15
366,LA Pomersbach,Kings XI Punjab,7,9
366,RA Jadeja,Chennai Super Kings,5,2
366,MS Dhoni,Chennai Super Kings,2,2
366,Gurkeerat Singh,Kings XI Punjab,0,1
366,R Sathish,Kings XI Punjab,0,1
366,MS Gony,Kings XI Punjab,0,1
367,RV Uthappa,Pune Warriors,75,45
367,SS Tiwary,Royal Challengers Bangalore,52,45
367,AB de Villiers,Royal Challengers Bangalore,50,23
367,AD Mathews,Pune Warriors,32,19
367,MC Henriques,Royal Challengers Bangalore,27,13
367,V Kohli,Royal Challengers Bangalore,25,18
367,CH Gayle,Royal Challengers Bangalore,21,21
367,Yuvraj Singh,Pune Warriors,16,11
367,AJ Finch,Pune Warriors,15,11
367,TL Suman,Pune Warriors,11,14
367,AB Dinda,Pune Warriors,6,5
367,SPD Smith,Pune Warriors,4,4
367,B Kumar,Pune Warriors,2,3
367,BAW Mendis,Pune Warriors,2,4
367,AM Nayar,Pune Warriors,1,3
367,R Sharma,Pune Warriors,0,1
368,YK Pathan,Kolkata Knight Riders,49,35
368,SV Samson,Rajasthan Royals,40,36
368,SR Watson,Rajasthan Royals,35,35
368,JH Kallis,Kolkata Knight Riders,33,30
368,MS Bisla,Kolkata Knight Riders,29,25
368,OA Shah,Rajasthan Royals,24,22
368,G Gambhir,Kolkata Knight Riders,12,14
368,DH Yagnik,Rajasthan Royals,10,6
368,AM Rahane,Rajasthan Royals,6,10
368,R Dravid,Rajasthan Royals,6,3
368,STR Binny,Rajasthan Royals,3,5
368,JP Faulkner,Rajasthan Royals,1,4
369,S Dhawan,Sunrisers Hyderabad,22,16
369,DJG Sammy,Sunrisers Hyderabad,18,20
369,UBT Chand,Delhi Daredevils,17,24
369,PA Patel,Sunrisers Hyderabad,14,18
369,IK Pathan,Delhi Daredevils,13,19
369,DPMD Jayawardene,Delhi Daredevils,11,12
369,BMAJ Mendis,Delhi Daredevils,11,9
369,GH Vihari,Sunrisers Hyderabad,11,9
369,V Sehwag,Delhi Daredevils,8,17
369,DA Warner,Delhi Daredevils,8,15
369,KC Sangakkara,Sunrisers Hyderabad,8,14
369,A Ashish Reddy,Sunrisers Hyderabad,5,6
369,KM Jadhav,Delhi Daredevils,3,4
369,UT Yadav,Delhi Daredevils,2,5
369,J Botha,Delhi Daredevils,1,7
369,S Nadeem,Delhi Daredevils,0,3
369,A Nehra,Delhi Daredevils,0,1
370,AC Gilchrist,Kings XI Punjab,85,54
370,CH Gayle,Royal Challengers Bangalore,77,53
370,Azhar Mahmood,Kings XI Punjab,61,41
370,V Kohli,Royal Challengers Bangalore,57,43
370,CA Pujara,Royal Challengers Bangalore,19,20
370,R Sathish,Kings XI Punjab,12,6
370,KL Rahul,Royal Challengers Bangalore,8,4
370,SE Marsh,Kings XI Punjab,8,4
370,AB de Villiers,Royal Challengers Bangalore,6,2
370,DA Miller,Kings XI Punjab,2,4
370,MC Henriques,Royal Challengers Bangalore,0,1
371,RG Sharma,Mumbai Indians,39,30
371,Harbhajan Singh,Mumbai Indians,25,11
371,KD Karthik,Mumbai Indians,23,23
371,DR Smith,Mumbai Indians,22,24
371,MEK Hussey,Chennai Super Kings,22,26
371,RA Jadeja,Chennai Super Kings,20,16
371,SR Tendulkar,Mumbai Indians,15,18
371,AT Rayudu,Mumbai Indians,10,11
371,MS Dhoni,Chennai Super Kings,10,12
371,DJ Bravo,Chennai Super Kings,9,7
371,B Laughlin,Chennai Super Kings,4,8
371,M Vijay,Chennai Super Kings,2,4
371,R Ashwin,Chennai Super Kings,2,8
371,KA Pollard,Mumbai Indians,1,3
371,CH Morris,Chennai Super Kings,1,4
371,SK Raina,Chennai Super Kings,0,1
371,S Badrinath,Chennai Super Kings,0,3
371,MM Sharma,Chennai Super Kings,0,3
372,AM Rahane,Rajasthan Royals,67,48
372,R Dravid,Rajasthan Royals,58,40
372,RV Uthappa,Pune Warriors,54,41
372,AJ Finch,Pune Warriors,45,32
372,MR Marsh,Pune Warriors,35,21
372,STR Binny,Rajasthan Royals,32,13
372,AD Mathews,Pune Warriors,18,15
372,Yuvraj Singh,Pune Warriors,15,11
372,SV Samson,Rajasthan Royals,10,6
372,SR Watson,Rajasthan Royals,5,5
372,BJ Hodge,Rajasthan Royals,4,5
372,JP Faulkner,Rajasthan Royals,3,2
373,V Kohli,Royal Challengers Bangalore,93,47
373,CL White,Sunrisers Hyderabad,52,34
373,NLTC Perera,Sunrisers Hyderabad,40,24
373,MA Agarwal,Royal Challengers Bangalore,29,20
373,KC Sangakkara,Sunrisers Hyderabad,23,24
373,PA Patel,Sunrisers Hyderabad,20,19
373,AB de Villiers,Royal Challengers Bangalore,15,15
373,CH Gayle,Royal Challengers Bangalore,13,15
373,PA Reddy,Sunrisers Hyderabad,12,11
373,MC Henriques,Royal Challengers Bangalore,7,9
373,GH Vihari,Sunrisers Hyderabad,4,3
373,A Ashish Reddy,Sunrisers Hyderabad,3,4
373,BB Samantray,Sunrisers Hyderabad,2,2
374,BJ Rohrer,Delhi Daredevils,64,40
374,AM Rahane,Rajasthan Royals,63,45
374,R Dravid,Rajasthan Royals,53,48
374,DPMD Jayawardene,Delhi Daredevils,34,31
374,SR Watson,Rajasthan Royals,28,14
374,KM Jadhav,Delhi Daredevils,23,21
374,DA Warner,Delhi Daredevils,13,18
374,V Sehwag,Delhi Daredevils,11,7
374,CM Gautam,Delhi Daredevils,2,3
375,SR Tendulkar,Mumbai Indians,48,28
375,DR Smith,Mumbai Indians,47,53
375,KD Karthik,Mumbai Indians,34,18
375,JH Kallis,Kolkata Knight Riders,24,26
375,DB Das,Kolkata Knight Riders,23,17
375,MS Bisla,Kolkata Knight Riders,17,19
375,RG Sharma,Mumbai Indians,16,11
375,YK Pathan,Kolkata Knight Riders,13,8
375,MG Johnson,Mumbai Indians,10,6
375,Iqbal Abdulla,Kolkata Knight Riders,6,11
375,EJG Morgan,Kolkata Knight Riders,5,10
375,KA Pollard,Mumbai Indians,4,4
375,R Bhatia,Kolkata Knight Riders,4,5
375,SP Narine,Kolkata Knight Riders,3,6
375,R McLaren,Kolkata Knight Riders,1,3
375,G Gambhir,Kolkata Knight Riders,0,2
375,L Balaji,Kolkata Knight Riders,0,3
376,SK Raina,Chennai Super Kings,99,52
376,MEK Hussey,Chennai Super Kings,67,42
376,PA Patel,Sunrisers Hyderabad,44,30
376,KV Sharma,Sunrisers Hyderabad,39,33
376,M Vijay,Chennai Super Kings,29,20
376,NLTC Perera,Sunrisers Hyderabad,23,13
376,RA Jadeja,Chennai Super Kings,14,6
376,DW Steyn,Sunrisers Hyderabad,14,13
376,DJG Sammy,Sunrisers Hyderabad,7,3
376,A Mishra,Sunrisers Hyderabad,6,8
376,MS Dhoni,Chennai Super Kings,4,3
376,S Dhawan,Sunrisers Hyderabad,3,3
376,KC Sangakkara,Sunrisers Hyderabad,3,9
376,GH Vihari,Sunrisers Hyderabad,3,8
377,SE Marsh,Kings XI Punjab,77,64
377,AM Rahane,Rajasthan Royals,59,49
377,SV Samson,Rajasthan Royals,47,33
377,AC Gilchrist,Kings XI Punjab,42,32
377,SR Watson,Rajasthan Royals,31,25
377,DA Miller,Kings XI Punjab,8,11
377,R Sathish,Kings XI Punjab,4,3
377,R Dravid,Rajasthan Royals,4,7
377,MS Gony,Kings XI Punjab,3,3
377,DJ Hussey,Kings XI Punjab,1,3
377,PP Chawla,Kings XI Punjab,1,1
377,Mandeep Singh,Kings XI Punjab,0,3
378,G Gambhir,Kolkata Knight Riders,50,44
378,AD Mathews,Pune Warriors,40,28
378,RN ten Doeschate,Kolkata Knight Riders,31,21
378,RV Uthappa,Pune Warriors,31,35
378,EJG Morgan,Kolkata Knight Riders,15,15
378,MK Tiwary,Kolkata Knight Riders,15,10
378,R Bhatia,Kolkata Knight Riders,13,5
378,MS Bisla,Kolkata Knight Riders,12,13
378,UA Birla,Pune Warriors,7,14
378,AJ Finch,Pune Warriors,5,5
378,MR Marsh,Pune Warriors,5,8
378,M Rawat,Pune Warriors,5,11
378,WD Parnell,Pune Warriors,5,7
378,YK Pathan,Kolkata Knight Riders,3,6
378,JH Kallis,Kolkata Knight Riders,2,6
378,Yuvraj Singh,Pune Warriors,1,2
378,Parvez Rasool,Pune Warriors,1,4
378,B Kumar,Pune Warriors,1,3
378,K Upadhyay,Pune Warriors,1,1
379,V Kohli,Royal Challengers Bangalore,99,58
379,UBT Chand,Delhi Daredevils,41,35
379,AB de Villiers,Royal Challengers Bangalore,32,17
379,BJ Rohrer,Delhi Daredevils,32,27
379,MC Henriques,Royal Challengers Bangalore,26,22
379,IK Pathan,Delhi Daredevils,23,11
379,DPMD Jayawardene,Delhi Daredevils,19,13
379,M Morkel,Delhi Daredevils,19,10
379,V Sehwag,Delhi Daredevils,18,10
379,CA Pujara,Royal Challengers Bangalore,17,17
379,KM Jadhav,Delhi Daredevils,8,8
379,CH Gayle,Royal Challengers Bangalore,4,7
379,DA Warner,Delhi Daredevils,4,6
379,UT Yadav,Delhi Daredevils,4,1
380,RG Sharma,Mumbai Indians,37,41
380,Yuvraj Singh,Pune Warriors,33,29
380,MK Pandey,Pune Warriors,29,29
380,AT Rayudu,Mumbai Indians,26,23
380,KD Karthik,Mumbai Indians,17,25
380,SR Tendulkar,Mumbai Indians,15,13
380,GJ Maxwell,Mumbai Indians,13,7
380,RV Uthappa,Pune Warriors,11,13
380,AM Nayar,Pune Warriors,11,14
380,AJ Finch,Pune Warriors,10,11
380,KW Richardson,Pune Warriors,8,16
380,Parvez Rasool,Pune Warriors,4,5
380,Harbhajan Singh,Mumbai Indians,4,3
380,B Kumar,Pune Warriors,2,2
380,AD Mathews,Pune Warriors,0,2
380,DR Smith,Mumbai Indians,0,1
381,PA Patel,Sunrisers Hyderabad,61,47
381,LA Pomersbach,Kings XI Punjab,33,40
381,NLTC Perera,Sunrisers Hyderabad,32,19
381,AC Gilchrist,Kings XI Punjab,26,22
381,R Sathish,Kings XI Punjab,25,18
381,KV Sharma,Sunrisers Hyderabad,22,18
381,SE Marsh,Kings XI Punjab,18,20
381,S Dhawan,Sunrisers Hyderabad,15,14
381,CL White,Sunrisers Hyderabad,10,8
381,DA Miller,Kings XI Punjab,6,7
381,GH Vihari,Sunrisers Hyderabad,5,7
381,Harmeet Singh,Kings XI Punjab,3,4
381,DW Steyn,Sunrisers Hyderabad,1,3
381,P Kumar,Kings XI Punjab,1,3
381,BB Samantray,Sunrisers Hyderabad,0,1
381,DJG Sammy,Sunrisers Hyderabad,0,3
381,Mandeep Singh,Kings XI Punjab,0,2
381,PP Chawla,Kings XI Punjab,0,2
381,P Awana,Kings XI Punjab,0,1
381,Sandeep Sharma (1),Kings XI Punjab,0,1
382,JH Kallis,Kolkata Knight Riders,41,45
382,CH Gayle,Royal Challengers Bangalore,33,36
382,AB de Villiers,Royal Challengers Bangalore,28,22
382,MK Tiwary,Kolkata Knight Riders,24,27
382,YK Pathan,Kolkata Knight Riders,18,16
382,V Kohli,Royal Challengers Bangalore,17,14
382,R Vinay Kumar,Royal Challengers Bangalore,14,13
382,G Gambhir,Kolkata Knight Riders,14,15
382,MC Henriques,Royal Challengers Bangalore,11,11
382,RN ten Doeschate,Kolkata Knight Riders,11,7
382,CA Pujara,Royal Challengers Bangalore,5,14
382,R Bhatia,Kolkata Knight Riders,3,4
382,A Mithun,Royal Challengers Bangalore,2,2
382,SS Tiwary,Royal Challengers Bangalore,1,3
382,JD Unadkat,Royal Challengers Bangalore,1,1
382,R Rampaul,Royal Challengers Bangalore,0,3
382,M Kartik,Royal Challengers Bangalore,0,1
382,MS Bisla,Kolkata Knight Riders,0,2
383,SR Watson,Rajasthan Royals,70,34
383,M Vijay,Chennai Super Kings,55,50
383,STR Binny,Rajasthan Royals,41,23
383,MEK Hussey,Chennai Super Kings,40,40
383,DJ Bravo,Chennai Super Kings,23,11
383,R Dravid,Rajasthan Royals,22,28
383,RA Jadeja,Chennai Super Kings,12,14
383,AM Rahane,Rajasthan Royals,9,10
383,MS Dhoni,Chennai Super Kings,2,3
383,SK Raina,Chennai Super Kings,1,2
383,JP Faulkner,Rajasthan Royals,1,2
383,SV Samson,Rajasthan Royals,0,5
383,BJ Hodge,Rajasthan Royals,0,1
384,DA Warner,Delhi Daredevils,40,36
384,DA Miller,Kings XI Punjab,34,39
384,Mandeep Singh,Kings XI Punjab,24,15
384,V Sehwag,Delhi Daredevils,23,21
384,DJ Hussey,Kings XI Punjab,20,21
384,LA Pomersbach,Kings XI Punjab,18,10
384,MC Juneja,Delhi Daredevils,14,20
384,IK Pathan,Delhi Daredevils,14,17
384,AB Agarkar,Delhi Daredevils,9,9
384,RE van der Merwe,Delhi Daredevils,8,9
384,M Vohra,Kings XI Punjab,8,11
384,AC Gilchrist,Kings XI Punjab,6,3
384,PP Chawla,Kings XI Punjab,5,3
384,DPMD Jayawardene,Delhi Daredevils,4,4
384,J Botha,Delhi Daredevils,1,2
384,KM Jadhav,Delhi Daredevils,0,2
385,KA Pollard,Mumbai Indians,66,27
385,S Dhawan,Sunrisers Hyderabad,59,41
385,CL White,Sunrisers Hyderabad,43,23
385,GH Vihari,Sunrisers Hyderabad,41,37
385,SR Tendulkar,Mumbai Indians,38,31
385,KD Karthik,Mumbai Indians,30,23
385,PA Patel,Sunrisers Hyderabad,26,14
385,DR Smith,Mumbai Indians,21,17
385,RG Sharma,Mumbai Indians,20,15
385,NLTC Perera,Sunrisers Hyderabad,2,5
385,AT Rayudu,Mumbai Indians,2,5
386,YK Pathan,Kolkata Knight Riders,72,44
386,MK Pandey,Pune Warriors,66,47
386,AJ Finch,Pune Warriors,48,32
386,RN ten Doeschate,Kolkata Knight Riders,42,30
386,Yuvraj Singh,Pune Warriors,30,20
386,RV Uthappa,Pune Warriors,25,21
386,G Gambhir,Kolkata Knight Riders,12,17
386,R Bhatia,Kolkata Knight Riders,10,9
386,DB Das,Kolkata Knight Riders,8,6
386,SMSM Senanayake,Kolkata Knight Riders,2,1
386,MS Bisla,Kolkata Knight Riders,1,4
386,JH Kallis,Kolkata Knight Riders,1,7
386,MK Tiwary,Kolkata Knight Riders,0,2
387,MS Dhoni,Chennai Super Kings,58,35
387,DA Warner,Delhi Daredevils,44,37
387,M Vijay,Chennai Super Kings,31,23
387,MEK Hussey,Chennai Super Kings,26,26
387,RA Jadeja,Chennai Super Kings,24,17
387,J Botha,Delhi Daredevils,23,20
387,UBT Chand,Delhi Daredevils,16,12
387,RE van der Merwe,Delhi Daredevils,14,16
387,DJ Bravo,Chennai Super Kings,12,8
387,UT Yadav,Delhi Daredevils,12,9
387,SK Raina,Chennai Super Kings,7,11
387,S Kaul,Delhi Daredevils,7,9
387,BJ Rohrer,Delhi Daredevils,4,5
387,IK Pathan,Delhi Daredevils,4,5
387,KM Jadhav,Delhi Daredevils,2,4
387,V Sehwag,Delhi Daredevils,0,2
387,A Nehra,Delhi Daredevils,0,1
388,AP Tare,Mumbai Indians,59,37
388,BJ Hodge,Rajasthan Royals,39,27
388,STR Binny,Rajasthan Royals,37,29
388,GJ Maxwell,Mumbai Indians,23,17
388,KD Karthik,Mumbai Indians,21,21
388,SR Watson,Rajasthan Royals,19,16
388,KA Pollard,Mumbai Indians,17,14
388,Harbhajan Singh,Mumbai Indians,15,7
388,RG Sharma,Mumbai Indians,14,9
388,JP Faulkner,Rajasthan Royals,12,13
388,DH Yagnik,Rajasthan Royals,10,14
388,AT Rayudu,Mumbai Indians,7,7
388,KK Cooper,Rajasthan Royals,7,4
388,R Dravid,Rajasthan Royals,4,5
388,AM Rahane,Rajasthan Royals,4,8
388,SV Samson,Rajasthan Royals,4,4
388,MG Johnson,Mumbai Indians,2,7
388,SL Malinga,Mumbai Indians,1,1
389,DA Miller,Kings XI Punjab,101,38
389,CH Gayle,Royal Challengers Bangalore,61,33
389,CA Pujara,Royal Challengers Bangalore,51,48
389,AB de Villiers,Royal Challengers Bangalore,38,19
389,R Sathish,Kings XI Punjab,27,18
389,Gurkeerat Singh,Kings XI Punjab,20,20
389,MC Henriques,Royal Challengers Bangalore,16,7
389,Mandeep Singh,Kings XI Punjab,16,12
389,V Kohli,Royal Challengers Bangalore,14,14
389,DJ Hussey,Kings XI Punjab,13,14
389,SE Marsh,Kings XI Punjab,6,7
390,BB Samantray,Sunrisers Hyderabad,55,46
390,KK Cooper,Rajasthan Royals,26,12
390,R Dravid,Rajasthan Royals,25,24
390,DJG Sammy,Sunrisers Hyderabad,23,19
390,GH Vihari,Sunrisers Hyderabad,19,28
390,NLTC Perera,Sunrisers Hyderabad,17,13
390,AM Rahane,Rajasthan Royals,12,25
390,SR Watson,Rajasthan Royals,11,20
390,STR Binny,Rajasthan Royals,8,8
390,BJ Hodge,Rajasthan Royals,8,7
390,JP Faulkner,Rajasthan Royals,6,3
390,SV Samson,Rajasthan Royals,5,7
390,KV Sharma,Sunrisers Hyderabad,4,3
390,Sachin Baby,Rajasthan Royals,3,7
390,PV Tambe,Rajasthan Royals,3,6
390,PA Patel,Sunrisers Hyderabad,2,6
390,S Dhawan,Sunrisers Hyderabad,1,3
390,CL White,Sunrisers Hyderabad,0,1
390,DW Steyn,Sunrisers Hyderabad,0,1
390,SK Trivedi,Rajasthan Royals,0,1
391,Azhar Mahmood,Kings XI Punjab,80,44
391,SE Marsh,Kings XI Punjab,63,47
391,AT Rayudu,Mumbai Indians,26,22
391,RG Sharma,Mumbai Indians,25,25
391,AP Tare,Mumbai Indians,22,12
391,KA Pollard,Mumbai Indians,22,21
391,M Vohra,Kings XI Punjab,20,8
391,R Dhawan,Mumbai Indians,14,15
391,NM Coulter-Nile,Mumbai Indians,9,6
391,DA Miller,Kings XI Punjab,6,5
391,AC Gilchrist,Kings XI Punjab,5,7
391,Harbhajan Singh,Mumbai Indians,5,8
391,Mandeep Singh,Kings XI Punjab,1,5
391,PP Chawla,Kings XI Punjab,1,2
391,SL Malinga,Mumbai Indians,1,1
391,Gurkeerat Singh,Kings XI Punjab,0,1
391,P Kumar,Kings XI Punjab,0,1
391,GJ Maxwell,Mumbai Indians,0,3
391,KD Karthik,Mumbai Indians,0,3
392,AJ Finch,Pune Warriors,52,34
392,LJ Wright,Pune Warriors,44,23
392,AD Mathews,Pune Warriors,30,22
392,CM Gautam,Delhi Daredevils,30,23
392,RV Uthappa,Pune Warriors,24,20
392,IK Pathan,Delhi Daredevils,24,28
392,B Chipli,Delhi Daredevils,16,18
392,DPMD Jayawardene,Delhi Daredevils,14,13
392,V Sehwag,Delhi Daredevils,11,10
392,MK Pandey,Pune Warriors,10,14
392,UT Yadav,Delhi Daredevils,8,9
392,BJ Rohrer,Delhi Daredevils,7,9
392,S Nadeem,Delhi Daredevils,6,5
392,RV Gomez,Pune Warriors,4,1
392,Yuvraj Singh,Pune Warriors,3,7
392,DA Warner,Delhi Daredevils,2,5
392,M Morkel,Delhi Daredevils,0,1
393,V Kohli,Royal Challengers Bangalore,56,29
393,M Vijay,Chennai Super Kings,32,19
393,CH Gayle,Royal Challengers Bangalore,28,13
393,MS Dhoni,Chennai Super Kings,24,10
393,MC Henriques,Royal Challengers Bangalore,12,3
393,DJ Bravo,Chennai Super Kings,11,9
393,RA Jadeja,Chennai Super Kings,7,4
393,MEK Hussey,Chennai Super Kings,6,5
393,AB de Villiers,Royal Challengers Bangalore,5,3
393,SK Raina,Chennai Super Kings,0,1
394,YK Pathan,Kolkata Knight Riders,49,29
394,PA Patel,Sunrisers Hyderabad,47,37
394,S Dhawan,Sunrisers Hyderabad,42,35
394,JH Kallis,Kolkata Knight Riders,24,29
394,DJG Sammy,Sunrisers Hyderabad,17,12
394,MS Bisla,Kolkata Knight Riders,15,18
394,G Gambhir,Kolkata Knight Riders,10,17
394,EJG Morgan,Kolkata Knight Riders,9,9
394,GH Vihari,Sunrisers Hyderabad,6,13
394,P Dogra,Kolkata Knight Riders,5,8
394,BB Samantray,Sunrisers Hyderabad,5,2
394,NLTC Perera,Sunrisers Hyderabad,4,10
394,Iqbal Abdulla,Kolkata Knight Riders,2,3
394,CL White,Sunrisers Hyderabad,2,4
394,RN ten Doeschate,Kolkata Knight Riders,1,5
394,SP Narine,Kolkata Knight Riders,1,2
395,MEK Hussey,Chennai Super Kings,86,58
395,SK Raina,Chennai Super Kings,82,42
395,DR Smith,Mumbai Indians,68,28
395,KA Pollard,Mumbai Indians,24,16
395,M Vijay,Chennai Super Kings,23,20
395,AT Rayudu,Mumbai Indians,15,14
395,KD Karthik,Mumbai Indians,11,18
395,RG Sharma,Mumbai Indians,8,15
395,AP Tare,Mumbai Indians,7,7
395,MG Johnson,Mumbai Indians,6,7
395,Harbhajan Singh,Mumbai Indians,0,4
395,SL Malinga,Mumbai Indians,0,2
395,PP Ojha,Mumbai Indians,0,2
396,BJ Hodge,Rajasthan Royals,54,29
396,S Dhawan,Sunrisers Hyderabad,33,39
396,CL White,Sunrisers Hyderabad,31,28
396,DJG Sammy,Sunrisers Hyderabad,29,21
396,SR Watson,Rajasthan Royals,24,15
396,AM Rahane,Rajasthan Royals,18,20
396,BB Samantray,Sunrisers Hyderabad,14,11
396,R Dravid,Rajasthan Royals,12,10
396,NLTC Perera,Sunrisers Hyderabad,11,6
396,JP Faulkner,Rajasthan Royals,11,11
396,SV Samson,Rajasthan Royals,10,21
396,DW Steyn,Sunrisers Hyderabad,4,2
396,KV Sharma,Sunrisers Hyderabad,2,2
396,STR Binny,Rajasthan Royals,2,6
396,PA Patel,Sunrisers Hyderabad,1,3
396,GH Vihari,Sunrisers Hyderabad,1,8
396,DH Yagnik,Rajasthan Royals,0,4
397,DR Smith,Mumbai Indians,62,44
397,R Dravid,Rajasthan Royals,43,37
397,AP Tare,Mumbai Indians,35,27
397,DH Yagnik,Rajasthan Royals,31,17
397,STR Binny,Rajasthan Royals,27,17
397,KD Karthik,Mumbai Indians,22,17
397,AM Rahane,Rajasthan Royals,21,18
397,BJ Hodge,Rajasthan Royals,19,20
397,AT Rayudu,Mumbai Indians,17,11
397,KA Pollard,Mumbai Indians,11,6
397,SR Watson,Rajasthan Royals,6,8
397,Harbhajan Singh,Mumbai Indians,6,4
397,KK Cooper,Rajasthan Royals,4,2
397,R Dhawan,Mumbai Indians,4,2
397,RG Sharma,Mumbai Indians,2,8
397,SV Samson,Rajasthan Royals,0,2
398,MS Dhoni,Chennai Super Kings,63,45
398,KA Pollard,Mumbai Indians,60,32
398,AT Rayudu,Mumbai Indians,37,36
398,KD Karthik,Mumbai Indians,21,26
398,M Vijay,Chennai Super Kings,18,20
398,DJ Bravo,Chennai Super Kings,15,16
398,Harbhajan Singh,Mumbai Indians,14,8
398,JA Morkel,Chennai Super Kings,10,10
398,R Ashwin,Chennai Super Kings,9,18
398,DR Smith,Mumbai Indians,4,4
398,R Dhawan,Mumbai Indians,3,3
398,RG Sharma,Mumbai Indians,2,5
398,MG Johnson,Mumbai Indians,1,2
398,PP Ojha,Mumbai Indians,1,1
398,MEK Hussey,Chennai Super Kings,1,2
398,AP Tare,Mumbai Indians,0,1
398,SL Malinga,Mumbai Indians,0,2
398,SK Raina,Chennai Super Kings,0,1
398,S Badrinath,Chennai Super Kings,0,3
398,RA Jadeja,Chennai Super Kings,0,2
398,CH Morris,Chennai Super Kings,0,1
398,MM Sharma,Chennai Super Kings,0,2
399,JH Kallis,Kolkata Knight Riders,72,46
399,MK Pandey,Kolkata Knight Riders,64,53
399,AT Rayudu,Mumbai Indians,48,40
399,RG Sharma,Mumbai Indians,27,20
399,AP Tare,Mumbai Indians,24,22
399,SA Yadav,Kolkata Knight Riders,13,5
399,CM Gautam,Mumbai Indians,7,7
399,KA Pollard,Mumbai Indians,6,8
399,YK Pathan,Kolkata Knight Riders,4,4
399,MEK Hussey,Mumbai Indians,3,13
399,CJ Anderson,Mumbai Indians,2,8
399,RV Uthappa,Kolkata Knight Riders,1,2
399,Shakib Al Hasan,Kolkata Knight Riders,1,2
399,G Gambhir,Kolkata Knight Riders,0,8
399,Harbhajan Singh,Mumbai Indians,0,2
400,JP Duminy,Delhi Daredevils,67,48
400,Yuvraj Singh,Royal Challengers Bangalore,52,29
400,V Kohli,Royal Challengers Bangalore,49,38
400,LRPL Taylor,Delhi Daredevils,43,39
400,PA Patel,Royal Challengers Bangalore,37,28
400,M Vijay,Delhi Daredevils,18,20
400,MA Agarwal,Delhi Daredevils,6,10
400,NJ Maddinson,Royal Challengers Bangalore,4,6
400,MK Tiwary,Delhi Daredevils,1,3
400,KD Karthik,Delhi Daredevils,0,1
401,GJ Maxwell,Kings XI Punjab,95,43
401,BB McCullum,Chennai Super Kings,67,45
401,DR Smith,Chennai Super Kings,66,43
401,DA Miller,Kings XI Punjab,54,37
401,MS Dhoni,Chennai Super Kings,26,11
401,SK Raina,Chennai Super Kings,24,19
401,V Sehwag,Kings XI Punjab,19,10
401,GJ Bailey,Kings XI Punjab,17,10
401,CA Pujara,Kings XI Punjab,13,10
401,DJ Bravo,Chennai Super Kings,8,3
401,AR Patel,Kings XI Punjab,2,3
402,AM Rahane,Rajasthan Royals,59,53
402,STR Binny,Rajasthan Royals,48,32
402,S Dhawan,Sunrisers Hyderabad,38,34
402,DA Warner,Sunrisers Hyderabad,32,35
402,KL Rahul,Sunrisers Hyderabad,20,18
402,Y Venugopal Rao,Sunrisers Hyderabad,16,12
402,JP Faulkner,Rajasthan Royals,8,2
402,DJG Sammy,Sunrisers Hyderabad,6,11
402,KV Sharma,Sunrisers Hyderabad,4,5
402,AM Nayar,Rajasthan Royals,4,3
402,R Bhatia,Rajasthan Royals,4,3
402,SV Samson,Rajasthan Royals,3,9
402,SR Watson,Rajasthan Royals,3,7
402,AJ Finch,Sunrisers Hyderabad,2,5
402,BJ Hodge,Rajasthan Royals,1,8
403,PA Patel,Royal Challengers Bangalore,57,45
403,AB de Villiers,Royal Challengers Bangalore,45,48
403,AT Rayudu,Mumbai Indians,35,37
403,CJ Anderson,Mumbai Indians,18,19
403,AP Tare,Mumbai Indians,17,18
403,MEK Hussey,Mumbai Indians,16,15
403,NJ Maddinson,Royal Challengers Bangalore,12,8
403,Harbhajan Singh,Mumbai Indians,8,8
403,KA Pollard,Mumbai Indians,3,7
403,RG Sharma,Mumbai Indians,2,5
403,SL Malinga,Mumbai Indians,2,4
403,PP Ojha,Mumbai Indians,1,5
403,JJ Bumrah,Mumbai Indians,1,1
403,Z Khan,Mumbai Indians,0,2
403,V Kohli,Royal Challengers Bangalore,0,2
403,Yuvraj Singh,Royal Challengers Bangalore,0,2
404,KD Karthik,Delhi Daredevils,56,40
404,RV Uthappa,Kolkata Knight Riders,55,41
404,JP Duminy,Delhi Daredevils,52,35
404,MK Pandey,Kolkata Knight Riders,48,42
404,Shakib Al Hasan,Kolkata Knight Riders,30,22
404,MA Agarwal,Delhi Daredevils,26,14
404,YK Pathan,Kolkata Knight Riders,11,8
404,SA Yadav,Kolkata Knight Riders,8,3
404,MK Tiwary,Delhi Daredevils,8,6
404,JDS Neesham,Delhi Daredevils,8,11
404,LRPL Taylor,Delhi Daredevils,6,9
404,JH Kallis,Kolkata Knight Riders,0,1
404,G Gambhir,Kolkata Knight Riders,0,4
404,M Vijay,Delhi Daredevils,0,2
405,GJ Maxwell,Kings XI Punjab,89,45
405,SV Samson,Rajasthan Royals,52,34
405,DA Miller,Kings XI Punjab,51,19
405,SR Watson,Rajasthan Royals,50,29
405,CA Pujara,Kings XI Punjab,40,38
405,SPD Smith,Rajasthan Royals,27,15
405,AM Nayar,Rajasthan Royals,23,20
405,AM Rahane,Rajasthan Royals,13,8
405,STR Binny,Rajasthan Royals,12,8
405,JP Faulkner,Rajasthan Royals,8,7
405,V Sehwag,Kings XI Punjab,2,7
405,WP Saha,Kings XI Punjab,2,3
406,SK Raina,Chennai Super Kings,56,41
406,MS Dhoni,Chennai Super Kings,32,15
406,DR Smith,Chennai Super Kings,29,28
406,F du Plessis,Chennai Super Kings,24,17
406,JDS Neesham,Delhi Daredevils,22,15
406,KD Karthik,Delhi Daredevils,21,22
406,JP Duminy,Delhi Daredevils,15,14
406,M Manhas,Chennai Super Kings,13,5
406,M Vijay,Delhi Daredevils,11,12
406,BB McCullum,Chennai Super Kings,9,10
406,RA Jadeja,Chennai Super Kings,7,3
406,LRPL Taylor,Delhi Daredevils,6,6
406,S Nadeem,Delhi Daredevils,3,8
406,MA Agarwal,Delhi Daredevils,2,7
406,R Ashwin,Chennai Super Kings,1,1
406,Mohammed Shami,Delhi Daredevils,1,3
406,JD Unadkat,Delhi Daredevils,1,5
406,MK Tiwary,Delhi Daredevils,0,2
407,GJ Maxwell,Kings XI Punjab,95,43
407,CA Pujara,Kings XI Punjab,35,32
407,V Sehwag,Kings XI Punjab,30,22
407,KL Rahul,Sunrisers Hyderabad,27,27
407,AJ Finch,Sunrisers Hyderabad,19,15
407,DJG Sammy,Sunrisers Hyderabad,15,11
407,DW Steyn,Sunrisers Hyderabad,12,16
407,Y Venugopal Rao,Sunrisers Hyderabad,11,9
407,DA Miller,Kings XI Punjab,10,10
407,GJ Bailey,Kings XI Punjab,10,8
407,KV Sharma,Sunrisers Hyderabad,10,8
407,DA Warner,Sunrisers Hyderabad,8,12
407,IK Pathan,Sunrisers Hyderabad,5,9
407,MG Johnson,Kings XI Punjab,4,6
407,A Mishra,Sunrisers Hyderabad,4,5
407,S Dhawan,Sunrisers Hyderabad,1,3
407,B Kumar,Sunrisers Hyderabad,1,3
408,DR Smith,Chennai Super Kings,50,28
408,RA Jadeja,Chennai Super Kings,36,33
408,DS Kulkarni,Rajasthan Royals,28,19
408,R Bhatia,Rajasthan Royals,23,20
408,SPD Smith,Rajasthan Royals,19,20
408,SV Samson,Rajasthan Royals,16,16
408,AM Rahane,Rajasthan Royals,15,12
408,M Manhas,Chennai Super Kings,10,10
408,R Ashwin,Chennai Super Kings,9,13
408,STR Binny,Rajasthan Royals,8,11
408,F du Plessis,Chennai Super Kings,7,9
408,SR Watson,Rajasthan Royals,7,6
408,BB McCullum,Chennai Super Kings,6,10
408,MS Dhoni,Chennai Super Kings,5,8
408,AM Nayar,Rajasthan Royals,5,7
408,SK Raina,Chennai Super Kings,4,9
408,JP Faulkner,Rajasthan Royals,4,2
408,TG Southee,Rajasthan Royals,4,4
408,PV Tambe,Rajasthan Royals,2,2
409,CA Lynn,Kolkata Knight Riders,45,31
409,JH Kallis,Kolkata Knight Riders,43,42
409,YV Takawale,Royal Challengers Bangalore,40,28
409,V Kohli,Royal Challengers Bangalore,31,23
409,Yuvraj Singh,Royal Challengers Bangalore,31,34
409,SA Yadav,Kolkata Knight Riders,24,18
409,RV Uthappa,Kolkata Knight Riders,22,18
409,PA Patel,Royal Challengers Bangalore,21,19
409,AB de Villiers,Royal Challengers Bangalore,11,12
409,JA Morkel,Royal Challengers Bangalore,6,5
409,MK Pandey,Kolkata Knight Riders,5,3
409,R Vinay Kumar,Kolkata Knight Riders,4,5
409,G Gambhir,Kolkata Knight Riders,0,1
409,YK Pathan,Kolkata Knight Riders,0,2
410,AJ Finch,Sunrisers Hyderabad,88,53
410,DA Warner,Sunrisers Hyderabad,58,45
410,M Vijay,Delhi Daredevils,52,40
410,Q de Kock,Delhi Daredevils,48,30
410,S Dhawan,Sunrisers Hyderabad,33,22
410,MK Tiwary,Delhi Daredevils,23,13
410,JP Duminy,Delhi Daredevils,20,7
410,KP Pietersen,Delhi Daredevils,16,17
410,KD Karthik,Delhi Daredevils,15,14
411,BB McCullum,Chennai Super Kings,71,53
411,RG Sharma,Mumbai Indians,50,41
411,CJ Anderson,Mumbai Indians,39,31
411,DR Smith,Chennai Super Kings,29,22
411,AP Tare,Mumbai Indians,23,19
411,F du Plessis,Chennai Super Kings,20,25
411,MS Dhoni,Chennai Super Kings,14,11
411,KA Pollard,Mumbai Indians,12,11
411,CM Gautam,Mumbai Indians,7,4
411,Z Khan,Mumbai Indians,7,3
411,MEK Hussey,Mumbai Indians,1,7
411,AT Rayudu,Mumbai Indians,1,2
411,SK Raina,Chennai Super Kings,1,4
411,Harbhajan Singh,Mumbai Indians,0,2
412,SR Watson,Rajasthan Royals,24,24
412,AM Rahane,Rajasthan Royals,23,19
412,V Kohli,Royal Challengers Bangalore,21,25
412,MA Starc,Royal Challengers Bangalore,18,16
412,R Rampaul,Royal Challengers Bangalore,13,13
412,AM Nayar,Rajasthan Royals,11,17
412,KK Nair,Rajasthan Royals,8,12
412,JA Morkel,Royal Challengers Bangalore,7,13
412,Yuvraj Singh,Royal Challengers Bangalore,3,7
412,S Rana,Royal Challengers Bangalore,3,8
412,SV Samson,Rajasthan Royals,2,6
412,PA Patel,Royal Challengers Bangalore,1,1
412,YV Takawale,Royal Challengers Bangalore,0,3
412,AB de Villiers,Royal Challengers Bangalore,0,1
412,AB Dinda,Royal Challengers Bangalore,0,3
413,V Sehwag,Kings XI Punjab,37,30
413,SA Yadav,Kolkata Knight Riders,34,17
413,R Dhawan,Kings XI Punjab,19,18
413,RV Uthappa,Kolkata Knight Riders,19,27
413,GJ Maxwell,Kings XI Punjab,15,12
413,WP Saha,Kings XI Punjab,14,10
413,DA Miller,Kings XI Punjab,14,10
413,CA Lynn,Kolkata Knight Riders,13,18
413,GJ Bailey,Kings XI Punjab,11,15
413,JH Kallis,Kolkata Knight Riders,9,11
413,CA Pujara,Kings XI Punjab,8,8
413,MK Pandey,Kolkata Knight Riders,8,10
413,AR Patel,Kings XI Punjab,7,10
413,SP Narine,Kolkata Knight Riders,6,8
413,M Morkel,Kolkata Knight Riders,4,3
413,YK Pathan,Kolkata Knight Riders,3,5
413,Sandeep Sharma,Kings XI Punjab,2,5
413,UT Yadav,Kolkata Knight Riders,2,4
413,G Gambhir,Kolkata Knight Riders,1,5
413,MG Johnson,Kings XI Punjab,0,1
413,L Balaji,Kings XI Punjab,0,2
413,PP Chawla,Kolkata Knight Riders,0,2
414,M Vijay,Delhi Daredevils,40,34
414,KA Pollard,Mumbai Indians,33,30
414,KP Pietersen,Delhi Daredevils,26,18
414,CM Gautam,Mumbai Indians,22,18
414,JP Duminy,Delhi Daredevils,19,24
414,Q de Kock,Delhi Daredevils,16,24
414,AT Rayudu,Mumbai Indians,14,21
414,KM Jadhav,Delhi Daredevils,14,10
414,CJ Anderson,Mumbai Indians,13,14
414,MEK Hussey,Mumbai Indians,10,18
414,Harbhajan Singh,Mumbai Indians,10,5
414,AP Tare,Mumbai Indians,8,10
414,RG Sharma,Mumbai Indians,4,5
414,KD Karthik,Delhi Daredevils,2,3
415,DR Smith,Chennai Super Kings,66,46
415,AJ Finch,Sunrisers Hyderabad,44,45
415,BB McCullum,Chennai Super Kings,40,33
415,KL Rahul,Sunrisers Hyderabad,25,27
415,DJG Sammy,Sunrisers Hyderabad,23,15
415,KV Sharma,Sunrisers Hyderabad,17,7
415,SK Raina,Chennai Super Kings,14,10
415,Y Venugopal Rao,Sunrisers Hyderabad,13,15
415,MS Dhoni,Chennai Super Kings,13,14
415,S Dhawan,Sunrisers Hyderabad,7,9
415,RA Jadeja,Chennai Super Kings,6,9
415,M Manhas,Chennai Super Kings,3,4
415,DA Warner,Sunrisers Hyderabad,0,2
415,F du Plessis,Chennai Super Kings,0,1
416,Yuvraj Singh,Royal Challengers Bangalore,35,32
416,V Sehwag,Kings XI Punjab,32,26
416,DA Miller,Kings XI Punjab,26,20
416,R Dhawan,Kings XI Punjab,23,22
416,CH Gayle,Royal Challengers Bangalore,20,7
416,AB de Villiers,Royal Challengers Bangalore,17,15
416,GJ Bailey,Kings XI Punjab,16,16
416,JA Morkel,Royal Challengers Bangalore,15,14
416,VR Aaron,Royal Challengers Bangalore,11,15
416,CA Pujara,Kings XI Punjab,10,18
416,MA Starc,Royal Challengers Bangalore,8,17
416,GJ Maxwell,Kings XI Punjab,6,6
416,V Kohli,Royal Challengers Bangalore,4,2
416,PA Patel,Royal Challengers Bangalore,2,7
416,AB Dinda,Royal Challengers Bangalore,2,5
416,WP Saha,Kings XI Punjab,2,6
416,YV Takawale,Royal Challengers Bangalore,0,7
417,AM Rahane,Rajasthan Royals,72,59
417,G Gambhir,Kolkata Knight Riders,45,44
417,SR Watson,Rajasthan Royals,39,27
417,SA Yadav,Kolkata Knight Riders,31,20
417,Shakib Al Hasan,Kolkata Knight Riders,31,20
417,MK Pandey,Kolkata Knight Riders,27,14
417,SPD Smith,Rajasthan Royals,24,14
417,SV Samson,Rajasthan Royals,20,19
417,JH Kallis,Kolkata Knight Riders,13,17
417,MS Bisla,Kolkata Knight Riders,3,9
417,JP Faulkner,Rajasthan Royals,2,1
417,KK Nair,Rajasthan Royals,1,5
417,SP Narine,Kolkata Knight Riders,1,1
417,STR Binny,Rajasthan Royals,0,1
417,RV Uthappa,Kolkata Knight Riders,0,1
417,R Vinay Kumar,Kolkata Knight Riders,0,1
417,PP Chawla,Kolkata Knight Riders,0,1
418,KA Pollard,Mumbai Indians,78,48
418,DA Warner,Sunrisers Hyderabad,65,51
418,KL Rahul,Sunrisers Hyderabad,46,40
418,AT Rayudu,Mumbai Indians,35,27
418,BR Dunk,Mumbai Indians,20,17
418,AJ Finch,Sunrisers Hyderabad,16,15
418,DJG Sammy,Sunrisers Hyderabad,10,4
418,NV Ojha,Sunrisers Hyderabad,10,4
418,AP Tare,Mumbai Indians,7,5
418,S Dhawan,Sunrisers Hyderabad,6,6
418,CM Gautam,Mumbai Indians,4,5
418,IK Pathan,Sunrisers Hyderabad,1,1
418,RG Sharma,Mumbai Indians,1,5
418,CJ Anderson,Mumbai Indians,1,8
418,Harbhajan Singh,Mumbai Indians,1,3
418,Z Khan,Mumbai Indians,1,2
419,BB McCullum,Chennai Super Kings,56,40
419,RV Uthappa,Kolkata Knight Riders,47,38
419,YK Pathan,Kolkata Knight Riders,41,29
419,SK Raina,Chennai Super Kings,31,25
419,MS Dhoni,Chennai Super Kings,22,17
419,RA Jadeja,Chennai Super Kings,17,10
419,DR Smith,Chennai Super Kings,16,11
419,SA Yadav,Kolkata Knight Riders,8,13
419,G Gambhir,Kolkata Knight Riders,6,6
419,JH Kallis,Kolkata Knight Riders,4,6
419,MK Pandey,Kolkata Knight Riders,1,2
419,AD Russell,Kolkata Knight Riders,1,5
419,PP Chawla,Kolkata Knight Riders,1,2
419,SP Narine,Kolkata Knight Riders,1,1
419,Shakib Al Hasan,Kolkata Knight Riders,0,1
420,WP Saha,Kings XI Punjab,59,47
420,GJ Maxwell,Kings XI Punjab,45,27
420,RG Sharma,Mumbai Indians,39,34
420,CJ Anderson,Mumbai Indians,35,25
420,CM Gautam,Mumbai Indians,33,29
420,KA Pollard,Mumbai Indians,28,12
420,CA Pujara,Kings XI Punjab,19,18
420,DA Miller,Kings XI Punjab,16,12
420,AP Tare,Mumbai Indians,16,6
420,GJ Bailey,Kings XI Punjab,15,14
420,AT Rayudu,Mumbai Indians,8,5
420,BR Dunk,Mumbai Indians,5,4
420,V Sehwag,Kings XI Punjab,1,2
420,MG Johnson,Kings XI Punjab,0,1
421,KK Nair,Rajasthan Royals,73,50
421,Q de Kock,Delhi Daredevils,42,33
421,JP Duminy,Delhi Daredevils,39,31
421,SV Samson,Rajasthan Royals,34,28
421,KM Jadhav,Delhi Daredevils,28,14
421,R Bhatia,Rajasthan Royals,17,13
421,SR Watson,Rajasthan Royals,16,10
421,KP Pietersen,Delhi Daredevils,14,15
421,M Vijay,Delhi Daredevils,13,11
421,KD Karthik,Delhi Daredevils,12,16
421,AM Rahane,Rajasthan Royals,12,10
422,AB de Villiers,Royal Challengers Bangalore,89,41
422,DA Warner,Sunrisers Hyderabad,61,49
422,S Dhawan,Sunrisers Hyderabad,37,36
422,CH Gayle,Royal Challengers Bangalore,27,19
422,NV Ojha,Sunrisers Hyderabad,15,11
422,RR Rossouw,Royal Challengers Bangalore,14,23
422,Yuvraj Singh,Royal Challengers Bangalore,14,16
422,AJ Finch,Sunrisers Hyderabad,13,8
422,DJG Sammy,Sunrisers Hyderabad,8,8
422,KL Rahul,Sunrisers Hyderabad,6,6
422,MA Starc,Royal Challengers Bangalore,5,8
422,IK Pathan,Sunrisers Hyderabad,4,2
422,PA Patel,Royal Challengers Bangalore,3,5
422,KV Sharma,Sunrisers Hyderabad,1,1
422,HV Patel,Royal Challengers Bangalore,1,2
422,V Kohli,Royal Challengers Bangalore,0,5
423,RV Uthappa,Kolkata Knight Riders,65,52
423,G Gambhir,Kolkata Knight Riders,54,34
423,KK Nair,Rajasthan Royals,44,35
423,SV Samson,Rajasthan Royals,37,31
423,SR Watson,Rajasthan Royals,31,20
423,AM Rahane,Rajasthan Royals,30,22
423,Shakib Al Hasan,Kolkata Knight Riders,21,14
423,STR Binny,Rajasthan Royals,11,9
423,SA Yadav,Kolkata Knight Riders,9,17
423,R Bhatia,Rajasthan Royals,6,1
423,SPD Smith,Rajasthan Royals,3,2
423,JP Faulkner,Rajasthan Royals,1,1
423,AD Russell,Kolkata Knight Riders,1,3
423,YK Pathan,Kolkata Knight Riders,0,1
423,RN ten Doeschate,Kolkata Knight Riders,0,1
424,DR Smith,Chennai Super Kings,79,51
424,KD Karthik,Delhi Daredevils,51,36
424,SK Raina,Chennai Super Kings,47,27
424,M Vijay,Delhi Daredevils,35,30
424,BB McCullum,Chennai Super Kings,32,35
424,KM Jadhav,Delhi Daredevils,29,18
424,JP Duminy,Delhi Daredevils,28,17
424,Q de Kock,Delhi Daredevils,24,16
424,MS Dhoni,Chennai Super Kings,12,5
424,KP Pietersen,Delhi Daredevils,0,1
424,LR Shukla,Delhi Daredevils,0,2
425,RG Sharma,Mumbai Indians,59,35
425,KA Pollard,Mumbai Indians,43,31
425,CH Gayle,Royal Challengers Bangalore,38,24
425,V Kohli,Royal Challengers Bangalore,35,28
425,CM Gautam,Mumbai Indians,30,28
425,PA Patel,Royal Challengers Bangalore,26,19
425,RR Rossouw,Royal Challengers Bangalore,24,14
425,BR Dunk,Mumbai Indians,15,14
425,AT Rayudu,Mumbai Indians,9,9
425,AB de Villiers,Royal Challengers Bangalore,9,7
425,VR Aaron,Royal Challengers Bangalore,7,8
425,CJ Anderson,Mumbai Indians,6,4
425,Yuvraj Singh,Royal Challengers Bangalore,6,10
425,HV Patel,Royal Challengers Bangalore,6,2
425,MA Starc,Royal Challengers Bangalore,5,4
425,AB Dinda,Royal Challengers Bangalore,2,4
426,G Gambhir,Kolkata Knight Riders,69,56
426,RV Uthappa,Kolkata Knight Riders,47,34
426,JP Duminy,Delhi Daredevils,40,28
426,KD Karthik,Delhi Daredevils,36,22
426,KM Jadhav,Delhi Daredevils,26,15
426,M Vijay,Delhi Daredevils,24,20
426,MK Pandey,Kolkata Knight Riders,23,14
426,Q de Kock,Delhi Daredevils,10,9
426,LR Shukla,Delhi Daredevils,10,14
426,JH Kallis,Kolkata Knight Riders,10,6
426,KP Pietersen,Delhi Daredevils,6,12
427,GJ Maxwell,Kings XI Punjab,90,38
427,F du Plessis,Chennai Super Kings,52,25
427,DA Miller,Kings XI Punjab,47,32
427,GJ Bailey,Kings XI Punjab,40,13
427,SK Raina,Chennai Super Kings,35,27
427,BB McCullum,Chennai Super Kings,33,29
427,V Sehwag,Kings XI Punjab,30,23
427,MS Dhoni,Chennai Super Kings,23,20
427,RA Jadeja,Chennai Super Kings,17,8
427,MG Johnson,Kings XI Punjab,11,6
427,R Ashwin,Chennai Super Kings,11,4
427,M Manhas,Chennai Super Kings,8,3
427,DR Smith,Chennai Super Kings,4,4
427,Mandeep Singh,Kings XI Punjab,3,8
428,S Dhawan,Sunrisers Hyderabad,33,20
428,SPD Smith,Rajasthan Royals,22,33
428,IK Pathan,Sunrisers Hyderabad,21,21
428,KL Rahul,Sunrisers Hyderabad,18,18
428,NV Ojha,Sunrisers Hyderabad,17,19
428,SV Samson,Rajasthan Royals,16,16
428,KK Nair,Rajasthan Royals,12,9
428,STR Binny,Rajasthan Royals,12,19
428,SR Watson,Rajasthan Royals,11,10
428,AJ Finch,Sunrisers Hyderabad,9,10
428,MC Henriques,Sunrisers Hyderabad,9,13
428,DW Steyn,Sunrisers Hyderabad,9,8
428,DS Kulkarni,Rajasthan Royals,7,6
428,DA Warner,Sunrisers Hyderabad,6,7
428,R Bhatia,Rajasthan Royals,4,8
428,JP Faulkner,Rajasthan Royals,4,6
428,PV Tambe,Rajasthan Royals,3,7
428,KW Richardson,Rajasthan Royals,1,2
428,KV Sharma,Sunrisers Hyderabad,0,1
428,A Mishra,Sunrisers Hyderabad,0,2
428,B Kumar,Sunrisers Hyderabad,0,1
428,AM Rahane,Rajasthan Royals,0,3
429,DA Miller,Kings XI Punjab,66,29
429,AB de Villiers,Royal Challengers Bangalore,53,26
429,V Sehwag,Kings XI Punjab,30,24
429,MA Starc,Royal Challengers Bangalore,29,23
429,GJ Maxwell,Kings XI Punjab,25,11
429,Mandeep Singh,Kings XI Punjab,21,15
429,S Rana,Royal Challengers Bangalore,18,16
429,WP Saha,Kings XI Punjab,17,17
429,VR Aaron,Royal Challengers Bangalore,17,11
429,MG Johnson,Kings XI Punjab,16,12
429,JA Morkel,Royal Challengers Bangalore,16,8
429,PA Patel,Royal Challengers Bangalore,13,14
429,HV Patel,Royal Challengers Bangalore,6,3
429,Shivam Sharma,Kings XI Punjab,4,2
429,CH Gayle,Royal Challengers Bangalore,4,7
429,Yuvraj Singh,Royal Challengers Bangalore,3,11
429,AR Patel,Kings XI Punjab,2,3
429,GJ Bailey,Kings XI Punjab,1,7
429,L Balaji,Kings XI Punjab,1,1
429,YS Chahal,Royal Challengers Bangalore,1,1
429,V Kohli,Royal Challengers Bangalore,0,1
430,KD Karthik,Delhi Daredevils,39,30
430,KP Pietersen,Delhi Daredevils,35,19
430,MA Agarwal,Delhi Daredevils,25,18
430,LR Shukla,Delhi Daredevils,21,22
430,NV Ojha,Sunrisers Hyderabad,13,3
430,DA Warner,Sunrisers Hyderabad,12,9
430,Q de Kock,Delhi Daredevils,7,12
430,KM Jadhav,Delhi Daredevils,5,11
430,JP Duminy,Delhi Daredevils,4,5
430,AJ Finch,Sunrisers Hyderabad,4,7
430,S Dhawan,Sunrisers Hyderabad,4,8
430,R Shukla,Delhi Daredevils,2,3
431,AT Rayudu,Mumbai Indians,59,43
431,DR Smith,Chennai Super Kings,57,51
431,LMP Simmons,Mumbai Indians,38,38
431,F du Plessis,Chennai Super Kings,31,24
431,MS Dhoni,Chennai Super Kings,22,12
431,RG Sharma,Mumbai Indians,19,19
431,SK Raina,Chennai Super Kings,19,11
431,CJ Anderson,Mumbai Indians,18,6
431,BB McCullum,Chennai Super Kings,13,11
431,CM Gautam,Mumbai Indians,9,8
431,AP Tare,Mumbai Indians,9,5
431,RA Jadeja,Chennai Super Kings,6,7
431,M Manhas,Chennai Super Kings,1,1
431,KA Pollard,Mumbai Indians,0,1
432,V Sehwag,Kings XI Punjab,72,50
432,G Gambhir,Kolkata Knight Riders,63,45
432,RV Uthappa,Kolkata Knight Riders,46,28
432,MK Pandey,Kolkata Knight Riders,36,35
432,WP Saha,Kings XI Punjab,15,9
432,GJ Maxwell,Kings XI Punjab,14,14
432,MG Johnson,Kings XI Punjab,14,12
432,DA Miller,Kings XI Punjab,13,14
432,GJ Bailey,Kings XI Punjab,12,11
432,R Dhawan,Kings XI Punjab,4,6
432,AR Patel,Kings XI Punjab,1,1
432,Mandeep Singh,Kings XI Punjab,0,3
433,Yuvraj Singh,Royal Challengers Bangalore,83,38
433,AB de Villiers,Royal Challengers Bangalore,58,32
433,KK Nair,Rajasthan Royals,56,39
433,SPD Smith,Rajasthan Royals,48,21
433,JP Faulkner,Rajasthan Royals,41,17
433,AM Rahane,Rajasthan Royals,24,22
433,CH Gayle,Royal Challengers Bangalore,19,25
433,VH Zol,Royal Challengers Bangalore,16,14
433,SV Samson,Rajasthan Royals,13,8
433,V Kohli,Royal Challengers Bangalore,4,9
433,PA Patel,Royal Challengers Bangalore,2,1
433,JA Morkel,Royal Challengers Bangalore,1,1
433,SR Watson,Rajasthan Royals,1,5
433,STR Binny,Rajasthan Royals,1,2
434,AJ Finch,Sunrisers Hyderabad,68,62
434,LMP Simmons,Mumbai Indians,68,50
434,AT Rayudu,Mumbai Indians,68,46
434,DA Warner,Sunrisers Hyderabad,55,31
434,RG Sharma,Mumbai Indians,14,6
434,S Dhawan,Sunrisers Hyderabad,11,11
434,KL Rahul,Sunrisers Hyderabad,10,13
434,NV Ojha,Sunrisers Hyderabad,7,3
434,KA Pollard,Mumbai Indians,6,7
434,CM Gautam,Mumbai Indians,1,3
435,SR Watson,Rajasthan Royals,51,36
435,DR Smith,Chennai Super Kings,44,35
435,F du Plessis,Chennai Super Kings,38,39
435,Ankit Sharma,Rajasthan Royals,30,27
435,MS Dhoni,Chennai Super Kings,26,16
435,STR Binny,Rajasthan Royals,22,17
435,R Ashwin,Chennai Super Kings,14,16
435,RA Jadeja,Chennai Super Kings,11,6
435,SPD Smith,Rajasthan Royals,9,8
435,KK Nair,Rajasthan Royals,8,11
435,R Bhatia,Rajasthan Royals,7,4
435,BB McCullum,Chennai Super Kings,6,3
435,AM Rahane,Rajasthan Royals,4,7
435,DH Yagnik,Rajasthan Royals,4,6
435,SK Raina,Chennai Super Kings,2,3
435,JP Faulkner,Rajasthan Royals,1,4
436,Yuvraj Singh,Royal Challengers Bangalore,68,29
436,JP Duminy,Delhi Daredevils,48,30
436,KM Jadhav,Delhi Daredevils,37,20
436,AB de Villiers,Royal Challengers Bangalore,33,17
436,KP Pietersen,Delhi Daredevils,33,29
436,MA Agarwal,Delhi Daredevils,31,25
436,PA Patel,Royal Challengers Bangalore,29,28
436,CH Gayle,Royal Challengers Bangalore,22,23
436,S Rana,Royal Challengers Bangalore,15,14
436,V Kohli,Royal Challengers Bangalore,10,11
436,Q de Kock,Delhi Daredevils,6,6
436,R Shukla,Delhi Daredevils,2,6
436,M Vijay,Delhi Daredevils,1,3
436,KD Karthik,Delhi Daredevils,1,2
436,Mohammed Shami,Delhi Daredevils,1,1
437,NV Ojha,Sunrisers Hyderabad,79,36
437,WP Saha,Kings XI Punjab,54,26
437,M Vohra,Kings XI Punjab,47,20
437,S Dhawan,Sunrisers Hyderabad,45,37
437,DA Warner,Sunrisers Hyderabad,44,23
437,GJ Maxwell,Kings XI Punjab,43,22
437,GJ Bailey,Kings XI Punjab,35,19
437,DA Miller,Kings XI Punjab,24,24
437,AJ Finch,Sunrisers Hyderabad,20,23
437,V Sehwag,Kings XI Punjab,4,2
437,IK Pathan,Sunrisers Hyderabad,1,2
437,KV Sharma,Sunrisers Hyderabad,1,1
437,MC Henriques,Sunrisers Hyderabad,0,1
438,RV Uthappa,Kolkata Knight Riders,80,52
438,RG Sharma,Mumbai Indians,51,45
438,AT Rayudu,Mumbai Indians,33,27
438,YK Pathan,Kolkata Knight Riders,20,13
438,CJ Anderson,Mumbai Indians,18,12
438,G Gambhir,Kolkata Knight Riders,14,18
438,MK Pandey,Kolkata Knight Riders,14,21
438,LMP Simmons,Mumbai Indians,12,14
438,KA Pollard,Mumbai Indians,10,11
438,Shakib Al Hasan,Kolkata Knight Riders,9,8
438,CM Gautam,Mumbai Indians,8,9
438,AP Tare,Mumbai Indians,2,3
439,AM Rahane,Rajasthan Royals,64,50
439,MK Tiwary,Delhi Daredevils,61,44
439,SV Samson,Rajasthan Royals,40,25
439,KK Cooper,Rajasthan Royals,32,16
439,JP Faulkner,Rajasthan Royals,23,8
439,KK Nair,Rajasthan Royals,19,14
439,MA Agarwal,Delhi Daredevils,17,10
439,R Shukla,Delhi Daredevils,14,12
439,KP Pietersen,Delhi Daredevils,13,18
439,BCJ Cutting,Rajasthan Royals,8,6
439,JP Duminy,Delhi Daredevils,8,8
439,LRPL Taylor,Delhi Daredevils,4,5
439,Imran Tahir,Delhi Daredevils,4,6
439,KD Karthik,Delhi Daredevils,3,8
439,KM Jadhav,Delhi Daredevils,3,3
439,S Kaul,Delhi Daredevils,2,2
439,S Nadeem,Delhi Daredevils,1,4
439,STR Binny,Rajasthan Royals,0,2
440,SK Raina,Chennai Super Kings,62,48
440,CH Gayle,Royal Challengers Bangalore,46,50
440,AB de Villiers,Royal Challengers Bangalore,28,14
440,V Kohli,Royal Challengers Bangalore,27,29
440,DJ Hussey,Chennai Super Kings,25,29
440,BB McCullum,Chennai Super Kings,19,13
440,Yuvraj Singh,Royal Challengers Bangalore,13,9
440,RA Jadeja,Chennai Super Kings,10,9
440,PA Patel,Royal Challengers Bangalore,10,14
440,DR Smith,Chennai Super Kings,9,15
440,MS Dhoni,Chennai Super Kings,7,6
440,AN Ahmed,Royal Challengers Bangalore,4,1
440,S Rana,Royal Challengers Bangalore,1,2
441,RV Uthappa,Kolkata Knight Riders,40,33
441,YK Pathan,Kolkata Knight Riders,39,28
441,MK Pandey,Kolkata Knight Riders,35,32
441,DA Warner,Sunrisers Hyderabad,34,18
441,RN ten Doeschate,Kolkata Knight Riders,25,15
441,IK Pathan,Sunrisers Hyderabad,23,19
441,NV Ojha,Sunrisers Hyderabad,22,24
441,S Dhawan,Sunrisers Hyderabad,19,14
441,KL Rahul,Sunrisers Hyderabad,14,15
441,AJ Finch,Sunrisers Hyderabad,8,8
441,DJG Sammy,Sunrisers Hyderabad,7,16
441,G Gambhir,Kolkata Knight Riders,6,10
441,KV Sharma,Sunrisers Hyderabad,4,4
441,DW Steyn,Sunrisers Hyderabad,1,2
442,LMP Simmons,Mumbai Indians,62,51
442,MEK Hussey,Mumbai Indians,56,39
442,KK Nair,Rajasthan Royals,48,24
442,RG Sharma,Mumbai Indians,40,19
442,BJ Hodge,Rajasthan Royals,40,30
442,JP Faulkner,Rajasthan Royals,31,21
442,KA Pollard,Mumbai Indians,14,12
442,R Bhatia,Rajasthan Royals,6,4
442,SR Watson,Rajasthan Royals,5,6
442,KK Cooper,Rajasthan Royals,5,8
442,Ankit Sharma,Rajasthan Royals,4,3
442,UBT Chand,Rajasthan Royals,2,9
442,SV Samson,Rajasthan Royals,2,5
442,STR Binny,Rajasthan Royals,2,10
443,KD Karthik,Delhi Daredevils,69,44
443,KP Pietersen,Delhi Daredevils,49,32
443,M Vohra,Kings XI Punjab,42,19
443,AR Patel,Kings XI Punjab,42,35
443,V Sehwag,Kings XI Punjab,23,22
443,JP Duminy,Delhi Daredevils,17,21
443,GJ Maxwell,Kings XI Punjab,14,11
443,WP Saha,Kings XI Punjab,13,13
443,MK Tiwary,Delhi Daredevils,10,8
443,R Dhawan,Kings XI Punjab,8,5
443,MA Agarwal,Delhi Daredevils,6,2
443,GJ Bailey,Kings XI Punjab,6,7
443,M Vijay,Delhi Daredevils,5,8
443,WD Parnell,Delhi Daredevils,2,2
443,DA Miller,Kings XI Punjab,2,6
443,Mohammed Shami,Delhi Daredevils,1,2
443,KM Jadhav,Delhi Daredevils,0,1
444,V Kohli,Royal Challengers Bangalore,67,41
444,DA Warner,Sunrisers Hyderabad,59,46
444,S Dhawan,Sunrisers Hyderabad,50,39
444,AB de Villiers,Royal Challengers Bangalore,29,17
444,NV Ojha,Sunrisers Hyderabad,24,20
444,Yuvraj Singh,Royal Challengers Bangalore,21,25
444,CH Gayle,Royal Challengers Bangalore,14,20
444,S Rana,Royal Challengers Bangalore,12,7
444,AJ Finch,Sunrisers Hyderabad,11,9
444,DJG Sammy,Sunrisers Hyderabad,10,4
444,MA Starc,Royal Challengers Bangalore,6,6
444,PA Patel,Royal Challengers Bangalore,4,4
445,RV Uthappa,Kolkata Knight Riders,67,39
445,SK Raina,Chennai Super Kings,65,52
445,Shakib Al Hasan,Kolkata Knight Riders,46,21
445,BB McCullum,Chennai Super Kings,28,24
445,F du Plessis,Chennai Super Kings,23,20
445,MS Dhoni,Chennai Super Kings,21,15
445,G Gambhir,Kolkata Knight Riders,21,20
445,MK Pandey,Kolkata Knight Riders,18,28
445,RA Jadeja,Chennai Super Kings,9,4
445,DR Smith,Chennai Super Kings,5,6
446,LMP Simmons,Mumbai Indians,100,61
446,GJ Bailey,Kings XI Punjab,39,30
446,M Vohra,Kings XI Punjab,36,34
446,SE Marsh,Kings XI Punjab,30,17
446,RG Sharma,Mumbai Indians,18,20
446,V Sehwag,Kings XI Punjab,17,11
446,AT Rayudu,Mumbai Indians,17,14
446,R Dhawan,Kings XI Punjab,14,9
446,KA Pollard,Mumbai Indians,8,6
446,AR Patel,Kings XI Punjab,6,6
446,MEK Hussey,Mumbai Indians,6,13
446,WP Saha,Kings XI Punjab,3,8
446,GJ Maxwell,Kings XI Punjab,2,3
446,Shivam Sharma,Kings XI Punjab,1,1
446,BE Hendricks,Kings XI Punjab,0,1
447,RV Uthappa,Kolkata Knight Riders,83,51
447,Shakib Al Hasan,Kolkata Knight Riders,60,38
447,YV Takawale,Royal Challengers Bangalore,45,36
447,V Kohli,Royal Challengers Bangalore,38,31
447,YK Pathan,Kolkata Knight Riders,22,13
447,Yuvraj Singh,Royal Challengers Bangalore,22,12
447,S Rana,Royal Challengers Bangalore,19,12
447,MK Pandey,Kolkata Knight Riders,13,12
447,AB de Villiers,Royal Challengers Bangalore,13,13
447,MA Starc,Royal Challengers Bangalore,12,8
447,RN ten Doeschate,Kolkata Knight Riders,6,3
447,CH Gayle,Royal Challengers Bangalore,6,9
447,G Gambhir,Kolkata Knight Riders,4,4
448,DA Warner,Sunrisers Hyderabad,90,45
448,S Dhawan,Sunrisers Hyderabad,64,49
448,MS Dhoni,Chennai Super Kings,57,41
448,DJ Hussey,Chennai Super Kings,50,33
448,DR Smith,Chennai Super Kings,47,28
448,F du Plessis,Chennai Super Kings,19,11
448,NV Ojha,Sunrisers Hyderabad,19,18
448,AJ Finch,Sunrisers Hyderabad,7,3
448,SK Raina,Chennai Super Kings,4,7
448,Y Venugopal Rao,Sunrisers Hyderabad,4,1
448,DJG Sammy,Sunrisers Hyderabad,0,3
449,MEK Hussey,Mumbai Indians,56,33
449,JP Duminy,Delhi Daredevils,45,29
449,KP Pietersen,Delhi Daredevils,44,31
449,MK Tiwary,Delhi Daredevils,41,31
449,LMP Simmons,Mumbai Indians,35,25
449,RG Sharma,Mumbai Indians,30,21
449,AP Tare,Mumbai Indians,14,8
449,KA Pollard,Mumbai Indians,11,8
449,S Gopal,Mumbai Indians,11,10
449,M Vijay,Delhi Daredevils,8,12
449,KD Karthik,Delhi Daredevils,7,13
449,KM Jadhav,Delhi Daredevils,7,5
449,AT Rayudu,Mumbai Indians,2,3
449,Harbhajan Singh,Mumbai Indians,2,3
449,PP Ojha,Mumbai Indians,2,2
449,M de Lange,Mumbai Indians,1,2
449,JJ Bumrah,Mumbai Indians,0,2
450,SE Marsh,Kings XI Punjab,40,35
450,JP Faulkner,Rajasthan Royals,35,13
450,BJ Hodge,Rajasthan Royals,31,18
450,SV Samson,Rajasthan Royals,30,29
450,DA Miller,Kings XI Punjab,29,20
450,WP Saha,Kings XI Punjab,27,20
450,GJ Bailey,Kings XI Punjab,26,18
450,M Vohra,Kings XI Punjab,25,20
450,AM Rahane,Rajasthan Royals,23,26
450,V Sehwag,Kings XI Punjab,18,8
450,R Tewatia,Rajasthan Royals,16,13
450,KK Nair,Rajasthan Royals,11,6
450,STR Binny,Rajasthan Royals,7,10
450,KK Cooper,Rajasthan Royals,2,2
450,VS Malik,Rajasthan Royals,1,2
450,SR Watson,Rajasthan Royals,0,1
451,V Kohli,Royal Challengers Bangalore,73,49
451,F du Plessis,Chennai Super Kings,54,43
451,MS Dhoni,Chennai Super Kings,49,28
451,DR Smith,Chennai Super Kings,34,17
451,Yuvraj Singh,Royal Challengers Bangalore,25,24
451,YV Takawale,Royal Challengers Bangalore,19,17
451,SK Raina,Chennai Super Kings,18,18
451,VH Zol,Royal Challengers Bangalore,13,12
451,AB de Villiers,Royal Challengers Bangalore,10,6
451,S Rana,Royal Challengers Bangalore,5,6
451,MA Starc,Royal Challengers Bangalore,2,2
451,RR Rossouw,Royal Challengers Bangalore,1,4
452,YK Pathan,Kolkata Knight Riders,72,22
452,RV Uthappa,Kolkata Knight Riders,41,30
452,S Dhawan,Sunrisers Hyderabad,29,31
452,DJG Sammy,Sunrisers Hyderabad,29,19
452,G Gambhir,Kolkata Knight Riders,28,18
452,Y Venugopal Rao,Sunrisers Hyderabad,27,26
452,NV Ojha,Sunrisers Hyderabad,26,23
452,JO Holder,Sunrisers Hyderabad,16,12
452,SA Yadav,Kolkata Knight Riders,12,5
452,KV Sharma,Sunrisers Hyderabad,5,2
452,DA Warner,Sunrisers Hyderabad,4,2
452,S Anirudha,Sunrisers Hyderabad,3,5
452,MK Pandey,Kolkata Knight Riders,2,7
452,Shakib Al Hasan,Kolkata Knight Riders,1,5
452,RN ten Doeschate,Kolkata Knight Riders,0,1
453,KP Pietersen,Delhi Daredevils,58,41
453,M Vohra,Kings XI Punjab,47,38
453,DA Miller,Kings XI Punjab,47,34
453,KD Karthik,Delhi Daredevils,13,7
453,JDS Neesham,Delhi Daredevils,12,20
453,V Sehwag,Kings XI Punjab,9,7
453,MK Tiwary,Delhi Daredevils,8,11
453,JP Duminy,Delhi Daredevils,8,8
453,Imran Tahir,Delhi Daredevils,4,4
453,S Nadeem,Delhi Daredevils,3,7
453,MA Agarwal,Delhi Daredevils,2,5
453,GJ Bailey,Kings XI Punjab,1,1
453,KM Jadhav,Delhi Daredevils,0,4
453,Mohammed Shami,Delhi Daredevils,0,1
453,JD Unadkat,Delhi Daredevils,0,1
453,GJ Maxwell,Kings XI Punjab,0,3
454,CJ Anderson,Mumbai Indians,95,44
454,SV Samson,Rajasthan Royals,74,47
454,KK Nair,Rajasthan Royals,50,27
454,AT Rayudu,Mumbai Indians,30,10
454,BJ Hodge,Rajasthan Royals,29,16
454,JP Faulkner,Rajasthan Royals,23,12
454,MEK Hussey,Mumbai Indians,22,11
454,RG Sharma,Mumbai Indians,16,11
454,LMP Simmons,Mumbai Indians,12,8
454,SR Watson,Rajasthan Royals,8,18
454,KA Pollard,Mumbai Indians,7,3
454,AP Tare,Mumbai Indians,6,1
455,RV Uthappa,Kolkata Knight Riders,42,30
455,WP Saha,Kings XI Punjab,35,31
455,M Vohra,Kings XI Punjab,26,19
455,GJ Bailey,Kings XI Punjab,26,17
455,MK Pandey,Kolkata Knight Riders,21,20
455,YK Pathan,Kolkata Knight Riders,20,18
455,SA Yadav,Kolkata Knight Riders,20,14
455,Shakib Al Hasan,Kolkata Knight Riders,18,16
455,RN ten Doeschate,Kolkata Knight Riders,17,10
455,PP Chawla,Kolkata Knight Riders,17,9
455,R Dhawan,Kings XI Punjab,14,15
455,MG Johnson,Kings XI Punjab,10,11
455,DA Miller,Kings XI Punjab,8,12
455,GJ Maxwell,Kings XI Punjab,6,9
455,V Sehwag,Kings XI Punjab,2,3
455,AR Patel,Kings XI Punjab,2,2
455,G Gambhir,Kolkata Knight Riders,1,3
455,Karanveer Singh,Kings XI Punjab,1,1
456,LMP Simmons,Mumbai Indians,67,44
456,SK Raina,Chennai Super Kings,54,33
456,DJ Hussey,Chennai Super Kings,40,29
456,MEK Hussey,Mumbai Indians,39,33
456,F du Plessis,Chennai Super Kings,35,20
456,DR Smith,Chennai Super Kings,24,20
456,CJ Anderson,Mumbai Indians,20,10
456,RG Sharma,Mumbai Indians,20,16
456,KA Pollard,Mumbai Indians,14,8
456,BB McCullum,Chennai Super Kings,14,11
456,Harbhajan Singh,Mumbai Indians,7,2
456,AT Rayudu,Mumbai Indians,2,3
456,P Kumar,Mumbai Indians,1,2
456,PP Ojha,Mumbai Indians,1,1
456,AP Tare,Mumbai Indians,0,1
457,V Sehwag,Kings XI Punjab,122,58
457,SK Raina,Chennai Super Kings,87,25
457,MS Dhoni,Chennai Super Kings,42,31
457,DA Miller,Kings XI Punjab,38,19
457,M Vohra,Kings XI Punjab,34,31
457,RA Jadeja,Chennai Super Kings,27,21
457,GJ Maxwell,Kings XI Punjab,13,6
457,BB McCullum,Chennai Super Kings,11,16
457,R Ashwin,Chennai Super Kings,10,11
457,DR Smith,Chennai Super Kings,7,11
457,WP Saha,Kings XI Punjab,6,4
457,GJ Bailey,Kings XI Punjab,1,2
457,MG Johnson,Kings XI Punjab,1,1
457,DJ Hussey,Chennai Super Kings,1,3
457,MM Sharma,Chennai Super Kings,1,3
457,F du Plessis,Chennai Super Kings,0,1
458,WP Saha,Kings XI Punjab,115,55
458,MK Pandey,Kolkata Knight Riders,94,50
458,M Vohra,Kings XI Punjab,67,52
458,YK Pathan,Kolkata Knight Riders,36,22
458,G Gambhir,Kolkata Knight Riders,23,17
458,PP Chawla,Kolkata Knight Riders,13,5
458,Shakib Al Hasan,Kolkata Knight Riders,12,7
458,V Sehwag,Kings XI Punjab,7,10
458,RV Uthappa,Kolkata Knight Riders,5,3
458,SA Yadav,Kolkata Knight Riders,5,6
458,RN ten Doeschate,Kolkata Knight Riders,4,3
458,SP Narine,Kolkata Knight Riders,2,4
458,GJ Bailey,Kings XI Punjab,1,2
458,DA Miller,Kings XI Punjab,1,1
458,GJ Maxwell,Kings XI Punjab,0,1
459,RG Sharma,Mumbai Indians,98,65
459,G Gambhir,Kolkata Knight Riders,57,43
459,CJ Anderson,Mumbai Indians,55,41
459,SA Yadav,Kolkata Knight Riders,46,20
459,MK Pandey,Kolkata Knight Riders,40,24
459,YK Pathan,Kolkata Knight Riders,14,12
459,RV Uthappa,Kolkata Knight Riders,9,12
459,AP Tare,Mumbai Indians,7,7
459,AJ Finch,Mumbai Indians,5,5
459,AT Rayudu,Mumbai Indians,0,2
460,JA Morkel,Delhi Daredevils,73,55
460,DR Smith,Chennai Super Kings,34,31
460,F du Plessis,Chennai Super Kings,32,24
460,MS Dhoni,Chennai Super Kings,30,27
460,KM Jadhav,Delhi Daredevils,20,20
460,RA Jadeja,Chennai Super Kings,17,18
460,MA Agarwal,Delhi Daredevils,15,12
460,R Ashwin,Chennai Super Kings,12,8
460,Yuvraj Singh,Delhi Daredevils,9,6
460,SS Iyer,Delhi Daredevils,7,7
460,JP Duminy,Delhi Daredevils,5,5
460,NM Coulter-Nile,Delhi Daredevils,5,4
460,BB McCullum,Chennai Super Kings,4,2
460,SK Raina,Chennai Super Kings,4,7
460,CM Gautam,Delhi Daredevils,4,5
460,A Mishra,Delhi Daredevils,4,4
460,MM Sharma,Chennai Super Kings,2,1
460,Imran Tahir,Delhi Daredevils,2,2
460,DJ Bravo,Chennai Super Kings,1,3
461,JP Faulkner,Rajasthan Royals,46,33
461,M Vijay,Kings XI Punjab,37,32
461,SPD Smith,Rajasthan Royals,33,23
461,DJ Hooda,Rajasthan Royals,30,15
461,AR Patel,Kings XI Punjab,24,28
461,GJ Bailey,Kings XI Punjab,24,18
461,DA Miller,Kings XI Punjab,23,21
461,STR Binny,Rajasthan Royals,13,16
461,KK Nair,Rajasthan Royals,8,11
461,WP Saha,Kings XI Punjab,7,4
461,GJ Maxwell,Kings XI Punjab,7,5
461,CH Morris,Rajasthan Royals,6,8
461,SV Samson,Rajasthan Royals,5,6
461,Karanveer Singh,Kings XI Punjab,5,4
461,AM Rahane,Rajasthan Royals,0,8
461,V Sehwag,Kings XI Punjab,0,1
461,MG Johnson,Kings XI Punjab,0,4
461,Anureet Singh,Kings XI Punjab,0,3
462,BB McCullum,Chennai Super Kings,100,56
462,MS Dhoni,Chennai Super Kings,53,29
462,DA Warner,Sunrisers Hyderabad,53,42
462,DR Smith,Chennai Super Kings,27,26
462,S Dhawan,Sunrisers Hyderabad,26,18
462,KS Williamson,Sunrisers Hyderabad,26,18
462,RS Bopara,Sunrisers Hyderabad,22,15
462,NV Ojha,Sunrisers Hyderabad,15,11
462,SK Raina,Chennai Super Kings,14,12
462,KL Rahul,Sunrisers Hyderabad,5,8
462,KV Sharma,Sunrisers Hyderabad,4,6
462,Parvez Rasool,Sunrisers Hyderabad,2,2
462,RA Jadeja,Chennai Super Kings,0,1
463,CH Gayle,Royal Challengers Bangalore,96,56
463,G Gambhir,Kolkata Knight Riders,58,46
463,AD Russell,Kolkata Knight Riders,41,17
463,RV Uthappa,Kolkata Knight Riders,35,28
463,AB de Villiers,Royal Challengers Bangalore,28,13
463,MK Pandey,Kolkata Knight Riders,23,15
463,V Kohli,Royal Challengers Bangalore,13,15
463,SA Yadav,Kolkata Knight Riders,11,9
463,HV Patel,Royal Challengers Bangalore,9,4
463,DJG Sammy,Royal Challengers Bangalore,7,9
463,KD Karthik,Royal Challengers Bangalore,6,8
463,Mandeep Singh,Royal Challengers Bangalore,6,3
463,AN Ahmed,Royal Challengers Bangalore,5,2
463,YK Pathan,Kolkata Knight Riders,3,4
463,SA Abbott,Royal Challengers Bangalore,1,4
463,Shakib Al Hasan,Kolkata Knight Riders,0,1
464,DJ Hooda,Rajasthan Royals,54,25
464,AM Rahane,Rajasthan Royals,47,39
464,JP Duminy,Delhi Daredevils,44,38
464,SS Iyer,Delhi Daredevils,40,30
464,MA Agarwal,Delhi Daredevils,37,21
464,Yuvraj Singh,Delhi Daredevils,27,17
464,AD Mathews,Delhi Daredevils,27,14
464,KK Nair,Rajasthan Royals,20,12
464,JP Faulkner,Rajasthan Royals,17,11
464,CH Morris,Rajasthan Royals,13,6
464,SV Samson,Rajasthan Royals,11,12
464,SPD Smith,Rajasthan Royals,10,9
464,TG Southee,Rajasthan Royals,7,4
464,STR Binny,Rajasthan Royals,1,2
465,Harbhajan Singh,Mumbai Indians,64,24
465,GJ Bailey,Kings XI Punjab,61,32
465,V Sehwag,Kings XI Punjab,36,19
465,M Vijay,Kings XI Punjab,35,29
465,J Suchith,Mumbai Indians,34,21
465,DA Miller,Kings XI Punjab,24,23
465,KA Pollard,Mumbai Indians,20,21
465,AT Rayudu,Mumbai Indians,13,19
465,AJ Finch,Mumbai Indians,8,14
465,AP Tare,Mumbai Indians,7,10
465,GJ Maxwell,Kings XI Punjab,6,4
465,R Dhawan,Kings XI Punjab,6,6
465,CJ Anderson,Mumbai Indians,5,11
465,MG Johnson,Kings XI Punjab,3,7
465,RG Sharma,Mumbai Indians,0,2
466,DA Warner,Sunrisers Hyderabad,57,27
466,S Dhawan,Sunrisers Hyderabad,50,42
466,AB de Villiers,Royal Challengers Bangalore,46,28
466,KL Rahul,Sunrisers Hyderabad,44,28
466,V Kohli,Royal Challengers Bangalore,41,37
466,CH Gayle,Royal Challengers Bangalore,21,16
466,SA Abbott,Royal Challengers Bangalore,14,9
466,KD Karthik,Royal Challengers Bangalore,9,11
466,DJG Sammy,Royal Challengers Bangalore,6,9
466,VR Aaron,Royal Challengers Bangalore,6,3
466,KS Williamson,Sunrisers Hyderabad,5,9
466,AN Ahmed,Royal Challengers Bangalore,4,2
466,HV Patel,Royal Challengers Bangalore,2,2
466,YS Chahal,Royal Challengers Bangalore,1,1
466,Mandeep Singh,Royal Challengers Bangalore,0,1
467,SPD Smith,Rajasthan Royals,79,53
467,KA Pollard,Mumbai Indians,70,34
467,CJ Anderson,Mumbai Indians,50,38
467,AM Rahane,Rajasthan Royals,46,39
467,SV Samson,Rajasthan Royals,17,16
467,PA Patel,Mumbai Indians,16,11
467,DJ Hooda,Rajasthan Royals,13,4
467,UBT Chand,Mumbai Indians,12,17
467,AJ Finch,Mumbai Indians,10,14
467,JP Faulkner,Rajasthan Royals,6,6
467,S Gopal,Mumbai Indians,1,1
467,RG Sharma,Mumbai Indians,0,5
467,J Suchith,Mumbai Indians,0,1
468,RV Uthappa,Kolkata Knight Riders,80,58
468,AD Russell,Kolkata Knight Riders,55,32
468,BB McCullum,Chennai Super Kings,32,12
468,DJ Bravo,Chennai Super Kings,30,32
468,P Negi,Chennai Super Kings,27,13
468,RA Jadeja,Chennai Super Kings,24,30
468,F du Plessis,Chennai Super Kings,20,11
468,G Gambhir,Kolkata Knight Riders,19,16
468,SK Raina,Chennai Super Kings,8,10
468,MK Pandey,Kolkata Knight Riders,3,10
468,RG More,Chennai Super Kings,2,2
468,SA Yadav,Kolkata Knight Riders,2,3
468,MS Dhoni,Chennai Super Kings,1,4
468,A Nehra,Chennai Super Kings,1,4
468,DR Smith,Chennai Super Kings,0,1
468,MM Sharma,Chennai Super Kings,0,1
469,MA Agarwal,Delhi Daredevils,68,48
469,Yuvraj Singh,Delhi Daredevils,54,39
469,V Sehwag,Kings XI Punjab,47,41
469,WP Saha,Kings XI Punjab,39,28
469,JP Duminy,Delhi Daredevils,21,19
469,M Vijay,Kings XI Punjab,19,18
469,GJ Bailey,Kings XI Punjab,19,11
469,GJ Maxwell,Kings XI Punjab,15,5
469,AR Patel,Kings XI Punjab,13,10
469,SS Iyer,Delhi Daredevils,6,5
469,AD Mathews,Delhi Daredevils,6,4
469,DA Miller,Kings XI Punjab,5,7
469,KM Jadhav,Delhi Daredevils,3,5
470,AM Rahane,Rajasthan Royals,62,56
470,EJG Morgan,Sunrisers Hyderabad,27,30
470,SV Samson,Rajasthan Royals,26,30
470,NV Ojha,Sunrisers Hyderabad,25,32
470,RS Bopara,Sunrisers Hyderabad,23,19
470,DA Warner,Sunrisers Hyderabad,21,14
470,STR Binny,Rajasthan Royals,16,14
470,A Ashish Reddy,Sunrisers Hyderabad,13,9
470,SPD Smith,Rajasthan Royals,13,10
470,S Dhawan,Sunrisers Hyderabad,10,12
470,JP Faulkner,Rajasthan Royals,6,5
470,KL Rahul,Sunrisers Hyderabad,2,5
470,KK Nair,Rajasthan Royals,1,5
471,KA Pollard,Mumbai Indians,64,30
471,DR Smith,Chennai Super Kings,62,30
471,RG Sharma,Mumbai Indians,50,31
471,BB McCullum,Chennai Super Kings,46,20
471,SK Raina,Chennai Super Kings,43,29
471,AT Rayudu,Mumbai Indians,29,16
471,Harbhajan Singh,Mumbai Indians,24,21
471,DJ Bravo,Chennai Super Kings,13,5
471,F du Plessis,Chennai Super Kings,11,13
471,LMP Simmons,Mumbai Indians,5,13
471,CJ Anderson,Mumbai Indians,4,7
471,MS Dhoni,Chennai Super Kings,3,6
471,PA Patel,Mumbai Indians,0,1
471,R Vinay Kumar,Mumbai Indians,0,1
472,SS Iyer,Delhi Daredevils,60,40
472,JP Duminy,Delhi Daredevils,54,41
472,RS Bopara,Sunrisers Hyderabad,41,30
472,DA Warner,Sunrisers Hyderabad,28,20
472,KL Rahul,Sunrisers Hyderabad,24,21
472,KM Jadhav,Delhi Daredevils,19,12
472,KV Sharma,Sunrisers Hyderabad,19,10
472,S Dhawan,Sunrisers Hyderabad,18,18
472,AD Mathews,Delhi Daredevils,15,11
472,A Ashish Reddy,Sunrisers Hyderabad,15,8
472,NV Ojha,Sunrisers Hyderabad,12,10
472,Yuvraj Singh,Delhi Daredevils,9,13
472,MA Agarwal,Delhi Daredevils,1,3
472,EJG Morgan,Sunrisers Hyderabad,1,2
472,P Kumar,Sunrisers Hyderabad,1,1
473,AD Russell,Kolkata Knight Riders,66,36
473,GJ Bailey,Kings XI Punjab,60,45
473,GJ Maxwell,Kings XI Punjab,33,26
473,YK Pathan,Kolkata Knight Riders,28,24
473,SA Yadav,Kolkata Knight Riders,23,10
473,WP Saha,Kings XI Punjab,15,11
473,RV Uthappa,Kolkata Knight Riders,13,10
473,MK Pandey,Kolkata Knight Riders,12,6
473,V Sehwag,Kings XI Punjab,11,10
473,Gurkeerat Singh,Kings XI Punjab,11,10
473,G Gambhir,Kolkata Knight Riders,11,19
473,NLTC Perera,Kings XI Punjab,9,8
473,PP Chawla,Kolkata Knight Riders,4,1
473,AR Patel,Kings XI Punjab,2,3
473,MG Johnson,Kings XI Punjab,1,2
473,M Vijay,Kings XI Punjab,0,4
473,Anureet Singh,Kings XI Punjab,0,1
473,RN ten Doeschate,Kolkata Knight Riders,0,1
474,AM Rahane,Rajasthan Royals,76,55
474,SR Watson,Rajasthan Royals,73,47
474,DJ Bravo,Chennai Super Kings,62,36
474,DR Smith,Chennai Super Kings,40,29
474,MS Dhoni,Chennai Super Kings,31,37
474,BB McCullum,Chennai Super Kings,12,7
474,SPD Smith,Rajasthan Royals,6,7
474,SK Raina,Chennai Super Kings,4,8
474,F du Plessis,Chennai Super Kings,1,3
474,KK Nair,Rajasthan Royals,1,1
475,LMP Simmons,Mumbai Indians,59,44
475,UBT Chand,Mumbai Indians,58,37
475,D Wiese,Royal Challengers Bangalore,47,25
475,RG Sharma,Mumbai Indians,42,15
475,AB de Villiers,Royal Challengers Bangalore,41,11
475,MS Bisla,Royal Challengers Bangalore,20,16
475,Iqbal Abdulla,Royal Challengers Bangalore,20,15
475,V Kohli,Royal Challengers Bangalore,18,18
475,KD Karthik,Royal Challengers Bangalore,18,11
475,HH Pandya,Mumbai Indians,16,6
475,PA Patel,Mumbai Indians,12,13
475,CH Gayle,Royal Challengers Bangalore,10,24
475,KA Pollard,Mumbai Indians,5,3
475,AN Ahmed,Royal Challengers Bangalore,1,1
475,AT Rayudu,Mumbai Indians,0,1
475,Harbhajan Singh,Mumbai Indians,0,1
475,RR Rossouw,Royal Challengers Bangalore,0,1
476,G Gambhir,Kolkata Knight Riders,60,49
476,YK Pathan,Kolkata Knight Riders,40,26
476,MK Tiwary,Delhi Daredevils,32,28
476,SS Iyer,Delhi Daredevils,31,24
476,AD Mathews,Delhi Daredevils,28,21
476,SA Yadav,Kolkata Knight Riders,24,16
476,Yuvraj Singh,Delhi Daredevils,21,19
476,RV Uthappa,Kolkata Knight Riders,13,13
476,KM Jadhav,Delhi Daredevils,12,9
476,JP Duminy,Delhi Daredevils,5,8
476,RN ten Doeschate,Kolkata Knight Riders,3,2
476,NM Coulter-Nile,Delhi Daredevils,2,2
476,MA Agarwal,Delhi Daredevils,1,8
476,A Mishra,Delhi Daredevils,1,1
476,MK Pandey,Kolkata Knight Riders,0,3
477,SE Marsh,Kings XI Punjab,77,45
477,AM Rahane,Rajasthan Royals,74,54
477,DA Miller,Kings XI Punjab,54,31
477,SR Watson,Rajasthan Royals,45,36
477,KK Nair,Rajasthan Royals,25,13
477,M Vijay,Kings XI Punjab,21,18
477,DJ Hooda,Rajasthan Royals,19,9
477,WP Saha,Kings XI Punjab,19,8
477,MG Johnson,Kings XI Punjab,13,7
477,STR Binny,Rajasthan Royals,12,4
477,AR Patel,Kings XI Punjab,12,7
477,SPD Smith,Rajasthan Royals,5,3
477,SV Samson,Rajasthan Royals,5,2
477,GJ Maxwell,Kings XI Punjab,2,7
477,JP Faulkner,Rajasthan Royals,1,4
477,V Sehwag,Kings XI Punjab,1,4
478,DA Warner,Sunrisers Hyderabad,91,55
478,S Dhawan,Sunrisers Hyderabad,54,46
478,RV Uthappa,Kolkata Knight Riders,34,21
478,MK Pandey,Kolkata Knight Riders,33,24
478,AD Russell,Kolkata Knight Riders,19,10
478,NV Ojha,Sunrisers Hyderabad,18,8
478,MC Henriques,Sunrisers Hyderabad,7,5
478,YK Pathan,Kolkata Knight Riders,6,7
478,G Gambhir,Kolkata Knight Riders,4,8
478,RS Bopara,Sunrisers Hyderabad,2,4
478,SA Yadav,Kolkata Knight Riders,2,2
478,KL Rahul,Sunrisers Hyderabad,0,3
479,SK Raina,Chennai Super Kings,62,32
479,V Kohli,Royal Challengers Bangalore,51,42
479,DR Smith,Chennai Super Kings,39,29
479,F du Plessis,Chennai Super Kings,33,18
479,D Wiese,Royal Challengers Bangalore,22,20
479,MS Bisla,Royal Challengers Bangalore,17,14
479,RR Rossouw,Royal Challengers Bangalore,14,9
479,AB de Villiers,Royal Challengers Bangalore,14,10
479,MS Dhoni,Chennai Super Kings,13,13
479,SN Khan,Royal Challengers Bangalore,11,7
479,KD Karthik,Royal Challengers Bangalore,10,11
479,MA Starc,Royal Challengers Bangalore,9,6
479,RA Jadeja,Chennai Super Kings,8,8
479,DJ Bravo,Chennai Super Kings,5,4
479,R Ashwin,Chennai Super Kings,5,3
479,BB McCullum,Chennai Super Kings,4,6
479,MM Sharma,Chennai Super Kings,2,6
479,A Nehra,Chennai Super Kings,0,1
479,HV Patel,Royal Challengers Bangalore,0,1
480,SS Iyer,Delhi Daredevils,83,56
480,JP Duminy,Delhi Daredevils,78,50
480,RG Sharma,Mumbai Indians,30,24
480,AT Rayudu,Mumbai Indians,30,22
480,PA Patel,Mumbai Indians,28,19
480,AD Mathews,Delhi Daredevils,17,8
480,LMP Simmons,Mumbai Indians,15,14
480,UBT Chand,Mumbai Indians,14,11
480,KA Pollard,Mumbai Indians,10,8
480,Harbhajan Singh,Mumbai Indians,9,10
480,SL Malinga,Mumbai Indians,6,10
480,Yuvraj Singh,Delhi Daredevils,2,4
480,MA Agarwal,Delhi Daredevils,1,2
480,KM Jadhav,Delhi Daredevils,1,1
480,HH Pandya,Mumbai Indians,0,1
480,MJ McClenaghan,Mumbai Indians,0,1
481,V Kohli,Royal Challengers Bangalore,62,46
481,AB de Villiers,Royal Challengers Bangalore,47,34
481,SPD Smith,Rajasthan Royals,31,28
481,SR Watson,Rajasthan Royals,26,22
481,STR Binny,Rajasthan Royals,20,20
481,CH Gayle,Royal Challengers Bangalore,20,17
481,AM Rahane,Rajasthan Royals,18,12
481,KK Nair,Rajasthan Royals,16,14
481,SV Samson,Rajasthan Royals,4,7
481,JP Faulkner,Rajasthan Royals,4,5
481,CH Morris,Rajasthan Royals,3,3
481,PV Tambe,Rajasthan Royals,2,4
481,DJ Hooda,Rajasthan Royals,1,3
481,DS Kulkarni,Rajasthan Royals,1,2
482,LMP Simmons,Mumbai Indians,51,42
482,S Dhawan,Sunrisers Hyderabad,42,29
482,KA Pollard,Mumbai Indians,33,24
482,KL Rahul,Sunrisers Hyderabad,25,27
482,RG Sharma,Mumbai Indians,24,15
482,RS Bopara,Sunrisers Hyderabad,23,27
482,PA Patel,Mumbai Indians,17,17
482,GH Vihari,Sunrisers Hyderabad,16,10
482,J Suchith,Mumbai Indians,9,5
482,DA Warner,Sunrisers Hyderabad,9,7
482,NV Ojha,Sunrisers Hyderabad,9,9
482,AT Rayudu,Mumbai Indians,7,7
482,B Kumar,Sunrisers Hyderabad,6,4
482,UBT Chand,Mumbai Indians,5,4
482,KV Sharma,Sunrisers Hyderabad,2,5
482,MJ McClenaghan,Mumbai Indians,1,1
482,Harbhajan Singh,Mumbai Indians,0,4
482,R Vinay Kumar,Mumbai Indians,0,1
482,P Kumar,Sunrisers Hyderabad,0,2
482,DW Steyn,Sunrisers Hyderabad,0,1
483,BB McCullum,Chennai Super Kings,66,44
483,MS Dhoni,Chennai Super Kings,41,27
483,M Vijay,Kings XI Punjab,34,32
483,SK Raina,Chennai Super Kings,29,25
483,DR Smith,Chennai Super Kings,26,13
483,RA Jadeja,Chennai Super Kings,18,11
483,WP Saha,Kings XI Punjab,15,23
483,SE Marsh,Kings XI Punjab,10,10
483,Anureet Singh,Kings XI Punjab,10,20
483,AR Patel,Kings XI Punjab,9,10
483,DA Miller,Kings XI Punjab,3,9
483,Karanveer Singh,Kings XI Punjab,2,5
483,V Sehwag,Kings XI Punjab,1,2
483,GJ Bailey,Kings XI Punjab,1,3
483,MG Johnson,Kings XI Punjab,1,2
483,Sandeep Sharma,Kings XI Punjab,1,4
484,CH Gayle,Royal Challengers Bangalore,62,40
484,V Kohli,Royal Challengers Bangalore,35,23
484,KM Jadhav,Delhi Daredevils,33,29
484,MA Agarwal,Delhi Daredevils,27,34
484,JP Duminy,Delhi Daredevils,13,14
484,NM Coulter-Nile,Delhi Daredevils,4,8
484,Imran Tahir,Delhi Daredevils,3,4
484,Yuvraj Singh,Delhi Daredevils,2,5
484,A Mishra,Delhi Daredevils,2,4
484,S Nadeem,Delhi Daredevils,2,7
484,DJ Muthuswami,Delhi Daredevils,1,3
484,SS Iyer,Delhi Daredevils,0,1
484,AD Mathews,Delhi Daredevils,0,1
485,DA Warner,Sunrisers Hyderabad,58,41
485,WP Saha,Kings XI Punjab,42,33
485,MC Henriques,Sunrisers Hyderabad,30,32
485,NV Ojha,Sunrisers Hyderabad,28,26
485,A Ashish Reddy,Sunrisers Hyderabad,22,8
485,GJ Bailey,Kings XI Punjab,22,16
485,AR Patel,Kings XI Punjab,17,13
485,DA Miller,Kings XI Punjab,15,14
485,M Vijay,Kings XI Punjab,12,16
485,GH Vihari,Sunrisers Hyderabad,9,8
485,M Vohra,Kings XI Punjab,5,9
485,R Dhawan,Kings XI Punjab,4,6
485,MG Johnson,Kings XI Punjab,4,6
485,S Dhawan,Sunrisers Hyderabad,1,2
485,KV Sharma,Sunrisers Hyderabad,1,1
485,SE Marsh,Kings XI Punjab,1,4
485,Sandeep Sharma,Kings XI Punjab,1,1
485,RS Bopara,Sunrisers Hyderabad,0,2
485,Anureet Singh,Kings XI Punjab,0,2
486,YK Pathan,Kolkata Knight Riders,42,24
486,SS Iyer,Delhi Daredevils,40,35
486,RV Uthappa,Kolkata Knight Riders,32,31
486,MK Tiwary,Delhi Daredevils,25,28
486,JP Duminy,Delhi Daredevils,25,16
486,SS Tiwary,Delhi Daredevils,24,15
486,MK Pandey,Kolkata Knight Riders,22,19
486,PP Chawla,Kolkata Knight Riders,22,19
486,AD Mathews,Delhi Daredevils,22,15
486,J Botha,Kolkata Knight Riders,17,5
486,G Gambhir,Kolkata Knight Riders,12,10
486,KM Jadhav,Delhi Daredevils,10,6
486,SA Yadav,Kolkata Knight Riders,7,7
486,AD Russell,Kolkata Knight Riders,5,5
486,JA Morkel,Delhi Daredevils,5,2
486,Yuvraj Singh,Delhi Daredevils,0,3
487,AB de Villiers,Royal Challengers Bangalore,57,45
487,SN Khan,Royal Challengers Bangalore,45,21
487,Mandeep Singh,Royal Challengers Bangalore,27,20
487,KD Karthik,Royal Challengers Bangalore,27,18
487,D Wiese,Royal Challengers Bangalore,11,8
487,CH Gayle,Royal Challengers Bangalore,10,4
487,HV Patel,Royal Challengers Bangalore,6,2
487,V Kohli,Royal Challengers Bangalore,1,4
488,RV Uthappa,Kolkata Knight Riders,39,17
488,RN ten Doeschate,Kolkata Knight Riders,38,28
488,F du Plessis,Chennai Super Kings,29,29
488,DR Smith,Chennai Super Kings,25,19
488,BB McCullum,Chennai Super Kings,19,14
488,SK Raina,Chennai Super Kings,17,21
488,SA Yadav,Kolkata Knight Riders,16,26
488,RA Jadeja,Chennai Super Kings,15,20
488,MK Pandey,Kolkata Knight Riders,15,20
488,YK Pathan,Kolkata Knight Riders,13,18
488,R Ashwin,Chennai Super Kings,9,4
488,DJ Bravo,Chennai Super Kings,5,7
488,AD Russell,Kolkata Knight Riders,4,4
488,MS Dhoni,Chennai Super Kings,3,6
488,GB Hogg,Kolkata Knight Riders,2,1
488,G Gambhir,Kolkata Knight Riders,0,1
488,PJ Cummins,Kolkata Knight Riders,0,2
488,PP Chawla,Kolkata Knight Riders,0,2
488,UT Yadav,Kolkata Knight Riders,0,1
489,SS Iyer,Delhi Daredevils,54,40
489,MA Agarwal,Delhi Daredevils,52,40
489,DA Miller,Kings XI Punjab,42,41
489,AR Patel,Kings XI Punjab,22,26
489,GJ Bailey,Kings XI Punjab,18,16
489,Anureet Singh,Kings XI Punjab,8,3
489,SN Thakur,Kings XI Punjab,7,6
489,SE Marsh,Kings XI Punjab,5,4
489,SS Tiwary,Delhi Daredevils,5,4
489,WP Saha,Kings XI Punjab,3,8
489,NLTC Perera,Kings XI Punjab,3,7
489,V Sehwag,Kings XI Punjab,1,2
489,M Vohra,Kings XI Punjab,1,7
490,SV Samson,Rajasthan Royals,76,46
490,AT Rayudu,Mumbai Indians,53,27
490,LMP Simmons,Mumbai Indians,38,31
490,SR Watson,Rajasthan Royals,28,23
490,RG Sharma,Mumbai Indians,27,21
490,KA Pollard,Mumbai Indians,24,14
490,PA Patel,Mumbai Indians,23,14
490,SPD Smith,Rajasthan Royals,23,20
490,AM Rahane,Rajasthan Royals,16,12
490,UBT Chand,Mumbai Indians,13,14
490,STR Binny,Rajasthan Royals,9,6
490,KK Nair,Rajasthan Royals,7,6
490,TG Southee,Rajasthan Royals,6,5
490,DJ Hooda,Rajasthan Royals,1,2
490,J Theron,Rajasthan Royals,1,1
491,AD Russell,Kolkata Knight Riders,45,17
491,Mandeep Singh,Royal Challengers Bangalore,45,18
491,V Kohli,Royal Challengers Bangalore,34,20
491,RV Uthappa,Kolkata Knight Riders,23,21
491,CH Gayle,Royal Challengers Bangalore,21,9
491,G Gambhir,Kolkata Knight Riders,12,8
491,RN ten Doeschate,Kolkata Knight Riders,12,7
491,YK Pathan,Kolkata Knight Riders,11,6
491,D Wiese,Royal Challengers Bangalore,9,7
491,AB de Villiers,Royal Challengers Bangalore,2,4
491,SA Yadav,Kolkata Knight Riders,0,2
492,DA Warner,Sunrisers Hyderabad,61,28
492,S Dhawan,Sunrisers Hyderabad,37,32
492,F du Plessis,Chennai Super Kings,33,22
492,EJG Morgan,Sunrisers Hyderabad,32,27
492,DJ Bravo,Chennai Super Kings,25,20
492,SK Raina,Chennai Super Kings,23,15
492,DR Smith,Chennai Super Kings,21,19
492,NV Ojha,Sunrisers Hyderabad,20,12
492,MS Dhoni,Chennai Super Kings,20,16
492,MC Henriques,Sunrisers Hyderabad,19,9
492,P Negi,Chennai Super Kings,15,11
492,RA Jadeja,Chennai Super Kings,14,12
492,BB McCullum,Chennai Super Kings,12,5
492,GH Vihari,Sunrisers Hyderabad,8,5
492,A Ashish Reddy,Sunrisers Hyderabad,6,6
492,KV Sharma,Sunrisers Hyderabad,4,2
493,LMP Simmons,Mumbai Indians,71,56
493,PA Patel,Mumbai Indians,59,36
493,DA Miller,Kings XI Punjab,43,37
493,M Vijay,Kings XI Punjab,39,34
493,RG Sharma,Mumbai Indians,26,20
493,GJ Bailey,Kings XI Punjab,21,18
493,GJ Maxwell,Kings XI Punjab,12,9
493,WP Saha,Kings XI Punjab,12,12
493,MG Johnson,Kings XI Punjab,8,4
493,KA Pollard,Mumbai Indians,7,7
493,AT Rayudu,Mumbai Indians,4,1
493,V Sehwag,Kings XI Punjab,2,5
493,AR Patel,Kings XI Punjab,0,1
494,AM Rahane,Rajasthan Royals,91,54
494,KK Nair,Rajasthan Royals,61,38
494,JP Duminy,Delhi Daredevils,56,39
494,SS Tiwary,Delhi Daredevils,28,14
494,Yuvraj Singh,Delhi Daredevils,22,18
494,SR Watson,Rajasthan Royals,21,24
494,AD Mathews,Delhi Daredevils,16,17
494,MA Agarwal,Delhi Daredevils,11,8
494,KM Jadhav,Delhi Daredevils,11,7
494,SS Iyer,Delhi Daredevils,9,12
494,JP Faulkner,Rajasthan Royals,8,4
494,NM Coulter-Nile,Delhi Daredevils,6,2
494,A Mishra,Delhi Daredevils,1,3
495,SK Raina,Chennai Super Kings,52,46
495,V Kohli,Royal Challengers Bangalore,48,44
495,MS Dhoni,Chennai Super Kings,29,18
495,F du Plessis,Chennai Super Kings,24,20
495,KD Karthik,Royal Challengers Bangalore,23,20
495,AB de Villiers,Royal Challengers Bangalore,21,14
495,BB McCullum,Chennai Super Kings,20,15
495,D Wiese,Royal Challengers Bangalore,17,14
495,P Negi,Chennai Super Kings,13,7
495,SN Khan,Royal Challengers Bangalore,8,8
495,NJ Maddinson,Royal Challengers Bangalore,4,7
495,RA Jadeja,Chennai Super Kings,3,4
495,DJ Bravo,Chennai Super Kings,2,3
495,MA Starc,Royal Challengers Bangalore,1,7
495,DR Smith,Chennai Super Kings,0,6
495,A Nehra,Chennai Super Kings,0,1
495,HV Patel,Royal Challengers Bangalore,0,1
495,Iqbal Abdulla,Royal Challengers Bangalore,0,3
496,MC Henriques,Sunrisers Hyderabad,41,33
496,MK Pandey,Kolkata Knight Riders,33,26
496,KV Sharma,Sunrisers Hyderabad,32,20
496,G Gambhir,Kolkata Knight Riders,31,23
496,RV Uthappa,Kolkata Knight Riders,30,27
496,YK Pathan,Kolkata Knight Riders,30,19
496,S Dhawan,Sunrisers Hyderabad,15,15
496,J Botha,Kolkata Knight Riders,12,6
496,P Kumar,Sunrisers Hyderabad,12,16
496,B Kumar,Sunrisers Hyderabad,11,4
496,PP Chawla,Kolkata Knight Riders,9,6
496,RN ten Doeschate,Kolkata Knight Riders,8,7
496,SA Yadav,Kolkata Knight Riders,6,3
496,GH Vihari,Sunrisers Hyderabad,6,12
496,EJG Morgan,Sunrisers Hyderabad,5,11
496,DA Warner,Sunrisers Hyderabad,4,3
496,AD Russell,Kolkata Knight Riders,1,3
496,Bipul Sharma,Sunrisers Hyderabad,1,2
496,DW Steyn,Sunrisers Hyderabad,1,1
496,NV Ojha,Sunrisers Hyderabad,0,3
497,Yuvraj Singh,Delhi Daredevils,57,44
497,AT Rayudu,Mumbai Indians,49,40
497,RG Sharma,Mumbai Indians,46,37
497,JP Duminy,Delhi Daredevils,28,19
497,KA Pollard,Mumbai Indians,26,14
497,SS Iyer,Delhi Daredevils,19,18
497,KM Jadhav,Delhi Daredevils,16,15
497,SS Tiwary,Delhi Daredevils,13,11
497,PA Patel,Mumbai Indians,13,13
497,AD Mathews,Delhi Daredevils,12,10
497,HH Pandya,Mumbai Indians,5,8
497,Harbhajan Singh,Mumbai Indians,5,4
497,NM Coulter-Nile,Delhi Daredevils,3,2
497,MA Agarwal,Delhi Daredevils,0,1
497,LMP Simmons,Mumbai Indians,0,1
498,CH Gayle,Royal Challengers Bangalore,117,57
498,AB de Villiers,Royal Challengers Bangalore,47,24
498,AR Patel,Kings XI Punjab,40,21
498,V Kohli,Royal Challengers Bangalore,32,30
498,WP Saha,Kings XI Punjab,13,11
498,SN Khan,Royal Challengers Bangalore,11,7
498,KD Karthik,Royal Challengers Bangalore,8,3
498,DA Miller,Kings XI Punjab,7,10
498,Sandeep Sharma,Kings XI Punjab,7,9
498,Karanveer Singh,Kings XI Punjab,4,7
498,M Vijay,Kings XI Punjab,2,6
498,M Vohra,Kings XI Punjab,2,3
498,GJ Bailey,Kings XI Punjab,2,4
498,GJ Maxwell,Kings XI Punjab,1,5
498,MG Johnson,Kings XI Punjab,1,4
498,Anureet Singh,Kings XI Punjab,0,2
499,SPD Smith,Rajasthan Royals,68,40
499,EJG Morgan,Sunrisers Hyderabad,63,28
499,S Dhawan,Sunrisers Hyderabad,54,35
499,CH Morris,Rajasthan Royals,34,11
499,JP Faulkner,Rajasthan Royals,30,19
499,DA Warner,Sunrisers Hyderabad,24,18
499,SV Samson,Rajasthan Royals,21,10
499,MC Henriques,Sunrisers Hyderabad,20,21
499,RS Bopara,Sunrisers Hyderabad,17,12
499,SR Watson,Rajasthan Royals,12,12
499,NV Ojha,Sunrisers Hyderabad,8,6
499,AM Rahane,Rajasthan Royals,8,6
499,DJ Hooda,Rajasthan Royals,7,9
499,KK Nair,Rajasthan Royals,4,10
499,STR Binny,Rajasthan Royals,3,3
500,PA Patel,Mumbai Indians,45,32
500,MS Dhoni,Chennai Super Kings,39,32
500,LMP Simmons,Mumbai Indians,38,31
500,P Negi,Chennai Super Kings,36,17
500,AT Rayudu,Mumbai Indians,34,19
500,DR Smith,Chennai Super Kings,27,34
500,BB McCullum,Chennai Super Kings,23,11
500,HH Pandya,Mumbai Indians,21,8
500,RG Sharma,Mumbai Indians,18,22
500,F du Plessis,Chennai Super Kings,17,16
500,SK Raina,Chennai Super Kings,10,10
500,KA Pollard,Mumbai Indians,1,4
501,AD Russell,Kolkata Knight Riders,51,21
501,GJ Maxwell,Kings XI Punjab,43,22
501,M Vohra,Kings XI Punjab,39,34
501,WP Saha,Kings XI Punjab,33,25
501,YK Pathan,Kolkata Knight Riders,29,19
501,M Vijay,Kings XI Punjab,28,21
501,DA Miller,Kings XI Punjab,27,11
501,G Gambhir,Kolkata Knight Riders,24,23
501,MK Pandey,Kolkata Knight Riders,22,15
501,PP Chawla,Kolkata Knight Riders,18,11
501,RV Uthappa,Kolkata Knight Riders,17,11
501,SA Yadav,Kolkata Knight Riders,9,9
501,GB Hogg,Kolkata Knight Riders,5,5
501,Gurkeerat Singh,Kings XI Punjab,4,7
501,J Botha,Kolkata Knight Riders,2,4
501,SP Narine,Kolkata Knight Riders,0,1
502,MC Henriques,Sunrisers Hyderabad,74,46
502,KM Jadhav,Delhi Daredevils,63,34
502,Q de Kock,Delhi Daredevils,50,31
502,SS Tiwary,Delhi Daredevils,26,25
502,EJG Morgan,Sunrisers Hyderabad,22,25
502,DA Warner,Sunrisers Hyderabad,17,15
502,RS Bopara,Sunrisers Hyderabad,17,11
502,KV Sharma,Sunrisers Hyderabad,16,13
502,S Dhawan,Sunrisers Hyderabad,13,10
502,JP Duminy,Delhi Daredevils,12,16
502,Yuvraj Singh,Delhi Daredevils,2,7
502,SS Iyer,Delhi Daredevils,0,7
503,AB de Villiers,Royal Challengers Bangalore,133,59
503,V Kohli,Royal Challengers Bangalore,82,50
503,LMP Simmons,Mumbai Indians,68,53
503,KA Pollard,Mumbai Indians,49,24
503,PA Patel,Mumbai Indians,19,11
503,RG Sharma,Mumbai Indians,15,13
503,AT Rayudu,Mumbai Indians,14,4
503,CH Gayle,Royal Challengers Bangalore,13,12
503,MJ McClenaghan,Mumbai Indians,12,4
503,HH Pandya,Mumbai Indians,8,4
503,J Suchith,Mumbai Indians,4,4
503,Harbhajan Singh,Mumbai Indians,3,3
504,BB McCullum,Chennai Super Kings,81,61
504,F du Plessis,Chennai Super Kings,29,25
504,SR Watson,Rajasthan Royals,28,30
504,SV Samson,Rajasthan Royals,26,17
504,AM Rahane,Rajasthan Royals,23,17
504,JP Faulkner,Rajasthan Royals,16,13
504,CH Morris,Rajasthan Royals,16,10
504,DJ Bravo,Chennai Super Kings,15,8
504,DJ Hooda,Rajasthan Royals,15,14
504,MS Dhoni,Chennai Super Kings,13,7
504,KK Nair,Rajasthan Royals,10,12
504,DR Smith,Chennai Super Kings,6,10
504,SPD Smith,Rajasthan Royals,4,6
504,SK Raina,Chennai Super Kings,3,6
504,P Negi,Chennai Super Kings,2,3
504,PV Tambe,Rajasthan Royals,1,1
504,R Bhatia,Rajasthan Royals,0,1
504,Ankit Sharma,Rajasthan Royals,0,1
505,DA Miller,Kings XI Punjab,89,44
505,DA Warner,Sunrisers Hyderabad,81,52
505,MC Henriques,Sunrisers Hyderabad,28,24
505,S Dhawan,Sunrisers Hyderabad,24,18
505,M Vijay,Kings XI Punjab,24,18
505,M Vohra,Kings XI Punjab,20,15
505,EJG Morgan,Sunrisers Hyderabad,17,7
505,KL Rahul,Sunrisers Hyderabad,17,10
505,AR Patel,Kings XI Punjab,15,11
505,KV Sharma,Sunrisers Hyderabad,11,7
505,GJ Maxwell,Kings XI Punjab,11,6
505,GJ Bailey,Kings XI Punjab,6,11
505,WP Saha,Kings XI Punjab,5,10
505,Gurkeerat Singh,Kings XI Punjab,3,5
505,NV Ojha,Sunrisers Hyderabad,2,3
506,SS Iyer,Delhi Daredevils,70,49
506,Yuvraj Singh,Delhi Daredevils,32,28
506,F du Plessis,Chennai Super Kings,29,23
506,MS Dhoni,Chennai Super Kings,27,24
506,DR Smith,Chennai Super Kings,18,24
506,BB McCullum,Chennai Super Kings,11,21
506,SK Raina,Chennai Super Kings,11,8
506,DJ Bravo,Chennai Super Kings,8,8
506,JA Morkel,Delhi Daredevils,8,8
506,JP Duminy,Delhi Daredevils,6,7
506,P Negi,Chennai Super Kings,5,8
506,RA Jadeja,Chennai Super Kings,3,4
506,Q de Kock,Delhi Daredevils,3,7
506,KM Jadhav,Delhi Daredevils,1,1
507,WP Saha,Kings XI Punjab,31,12
507,AR Patel,Kings XI Punjab,20,15
507,Mandeep Singh,Royal Challengers Bangalore,20,14
507,V Kohli,Royal Challengers Bangalore,19,9
507,CH Gayle,Royal Challengers Bangalore,17,14
507,DA Miller,Kings XI Punjab,14,4
507,GJ Bailey,Kings XI Punjab,13,9
507,M Vohra,Kings XI Punjab,11,6
507,GJ Maxwell,Kings XI Punjab,10,10
507,AB de Villiers,Royal Challengers Bangalore,10,9
507,SN Khan,Royal Challengers Bangalore,4,6
507,D Wiese,Royal Challengers Bangalore,4,5
507,Gurkeerat Singh,Kings XI Punjab,2,3
507,KD Karthik,Royal Challengers Bangalore,2,4
507,R Dhawan,Kings XI Punjab,1,1
508,HH Pandya,Mumbai Indians,61,31
508,YK Pathan,Kolkata Knight Riders,52,37
508,G Gambhir,Kolkata Knight Riders,38,29
508,KA Pollard,Mumbai Indians,33,38
508,RG Sharma,Mumbai Indians,30,21
508,RV Uthappa,Kolkata Knight Riders,25,20
508,Shakib Al Hasan,Kolkata Knight Riders,23,15
508,PA Patel,Mumbai Indians,21,14
508,LMP Simmons,Mumbai Indians,14,16
508,SA Yadav,Kolkata Knight Riders,11,5
508,UT Yadav,Kolkata Knight Riders,5,2
508,AT Rayudu,Mumbai Indians,2,3
508,AD Russell,Kolkata Knight Riders,2,4
508,MK Pandey,Kolkata Knight Riders,1,1
508,PP Chawla,Kolkata Knight Riders,1,7
509,MC Henriques,Sunrisers Hyderabad,57,22
509,DA Warner,Sunrisers Hyderabad,52,32
509,V Kohli,Royal Challengers Bangalore,44,19
509,CH Gayle,Royal Challengers Bangalore,35,10
509,EJG Morgan,Sunrisers Hyderabad,11,7
509,S Dhawan,Sunrisers Hyderabad,8,7
509,KD Karthik,Royal Challengers Bangalore,2,2
509,Mandeep Singh,Royal Challengers Bangalore,1,3
509,AB de Villiers,Royal Challengers Bangalore,0,1
510,F du Plessis,Chennai Super Kings,55,41
510,SK Raina,Chennai Super Kings,41,34
510,AR Patel,Kings XI Punjab,32,29
510,R Dhawan,Kings XI Punjab,25,20
510,MS Dhoni,Chennai Super Kings,25,16
510,WP Saha,Kings XI Punjab,15,12
510,Gurkeerat Singh,Kings XI Punjab,15,14
510,GJ Bailey,Kings XI Punjab,12,7
510,DA Miller,Kings XI Punjab,11,15
510,GJ Maxwell,Kings XI Punjab,6,14
510,BB McCullum,Chennai Super Kings,6,6
510,M Vohra,Kings XI Punjab,4,7
510,BE Hendricks,Kings XI Punjab,1,2
510,MEK Hussey,Chennai Super Kings,1,4
511,SR Watson,Rajasthan Royals,104,59
511,YK Pathan,Kolkata Knight Riders,44,35
511,AM Rahane,Rajasthan Royals,37,22
511,AD Russell,Kolkata Knight Riders,37,20
511,UT Yadav,Kolkata Knight Riders,24,11
511,MK Pandey,Kolkata Knight Riders,21,21
511,KK Nair,Rajasthan Royals,16,10
511,SPD Smith,Rajasthan Royals,14,11
511,RV Uthappa,Kolkata Knight Riders,14,8
511,Shakib Al Hasan,Kolkata Knight Riders,13,11
511,SV Samson,Rajasthan Royals,8,9
511,JP Faulkner,Rajasthan Royals,6,6
511,Azhar Mahmood,Kolkata Knight Riders,6,7
511,CH Morris,Rajasthan Royals,4,5
511,M Morkel,Kolkata Knight Riders,4,3
511,G Gambhir,Kolkata Knight Riders,1,3
511,SA Yadav,Kolkata Knight Riders,0,1
511,PP Chawla,Kolkata Knight Riders,0,1
512,Q de Kock,Delhi Daredevils,69,39
512,JP Duminy,Delhi Daredevils,67,43
512,SS Iyer,Delhi Daredevils,20,18
512,SS Tiwary,Delhi Daredevils,13,9
512,Yuvraj Singh,Delhi Daredevils,11,7
512,AD Mathews,Delhi Daredevils,1,3
512,V Kohli,Royal Challengers Bangalore,1,2
512,CH Gayle,Royal Challengers Bangalore,1,5
512,KM Jadhav,Delhi Daredevils,0,1
513,PA Patel,Mumbai Indians,51,37
513,LMP Simmons,Mumbai Indians,48,44
513,KL Rahul,Sunrisers Hyderabad,25,24
513,DW Steyn,Sunrisers Hyderabad,19,11
513,A Ashish Reddy,Sunrisers Hyderabad,17,15
513,KV Sharma,Sunrisers Hyderabad,15,21
513,MC Henriques,Sunrisers Hyderabad,11,19
513,EJG Morgan,Sunrisers Hyderabad,9,14
513,RG Sharma,Mumbai Indians,7,2
513,DA Warner,Sunrisers Hyderabad,6,5
513,P Kumar,Sunrisers Hyderabad,4,6
513,S Dhawan,Sunrisers Hyderabad,1,2
513,NV Ojha,Sunrisers Hyderabad,0,1
513,B Kumar,Sunrisers Hyderabad,0,2
514,LMP Simmons,Mumbai Indians,65,51
514,F du Plessis,Chennai Super Kings,45,34
514,KA Pollard,Mumbai Indians,41,17
514,PA Patel,Mumbai Indians,35,25
514,SK Raina,Chennai Super Kings,25,20
514,R Ashwin,Chennai Super Kings,23,12
514,DJ Bravo,Chennai Super Kings,20,15
514,RG Sharma,Mumbai Indians,19,14
514,RA Jadeja,Chennai Super Kings,19,10
514,MEK Hussey,Chennai Super Kings,16,11
514,AT Rayudu,Mumbai Indians,10,8
514,Harbhajan Singh,Mumbai Indians,6,3
514,P Negi,Chennai Super Kings,3,3
514,MM Sharma,Chennai Super Kings,3,3
514,HH Pandya,Mumbai Indians,1,2
514,J Suchith,Mumbai Indians,1,1
514,DR Smith,Chennai Super Kings,0,4
514,MS Dhoni,Chennai Super Kings,0,1
514,A Nehra,Chennai Super Kings,0,1
515,AB de Villiers,Royal Challengers Bangalore,66,38
515,Mandeep Singh,Royal Challengers Bangalore,54,34
515,AM Rahane,Rajasthan Royals,42,39
515,CH Gayle,Royal Challengers Bangalore,27,26
515,V Kohli,Royal Challengers Bangalore,12,18
515,SPD Smith,Rajasthan Royals,12,13
515,KK Nair,Rajasthan Royals,12,13
515,DJ Hooda,Rajasthan Royals,11,14
515,SR Watson,Rajasthan Royals,10,5
515,KD Karthik,Royal Challengers Bangalore,8,3
515,Ankit Sharma,Rajasthan Royals,7,5
515,SV Samson,Rajasthan Royals,5,8
515,JP Faulkner,Rajasthan Royals,4,4
515,DS Kulkarni,Rajasthan Royals,3,9
515,SN Khan,Royal Challengers Bangalore,1,1
515,STR Binny,Rajasthan Royals,0,1
515,CH Morris,Rajasthan Royals,0,3
516,MEK Hussey,Chennai Super Kings,56,46
516,CH Gayle,Royal Challengers Bangalore,41,43
516,SN Khan,Royal Challengers Bangalore,31,21
516,KD Karthik,Royal Challengers Bangalore,28,26
516,MS Dhoni,Chennai Super Kings,26,29
516,F du Plessis,Chennai Super Kings,21,22
516,DR Smith,Chennai Super Kings,17,12
516,V Kohli,Royal Challengers Bangalore,12,9
516,D Wiese,Royal Challengers Bangalore,12,7
516,P Negi,Chennai Super Kings,12,6
516,Mandeep Singh,Royal Challengers Bangalore,4,7
516,HV Patel,Royal Challengers Bangalore,2,2
516,AB de Villiers,Royal Challengers Bangalore,1,3
516,MA Starc,Royal Challengers Bangalore,1,1
516,R Ashwin,Chennai Super Kings,1,1
516,S Aravind,Royal Challengers Bangalore,0,1
516,SK Raina,Chennai Super Kings,0,2
516,DJ Bravo,Chennai Super Kings,0,1
517,LMP Simmons,Mumbai Indians,68,45
517,DR Smith,Chennai Super Kings,57,48
517,RG Sharma,Mumbai Indians,50,26
517,AT Rayudu,Mumbai Indians,36,24
517,KA Pollard,Mumbai Indians,36,18
517,SK Raina,Chennai Super Kings,28,19
517,MM Sharma,Chennai Super Kings,21,7
517,MS Dhoni,Chennai Super Kings,18,13
517,RA Jadeja,Chennai Super Kings,11,8
517,DJ Bravo,Chennai Super Kings,9,6
517,Harbhajan Singh,Mumbai Indians,6,3
517,MEK Hussey,Chennai Super Kings,4,9
517,P Negi,Chennai Super Kings,3,5
517,R Ashwin,Chennai Super Kings,2,4
517,F du Plessis,Chennai Super Kings,1,3
517,PA Patel,Mumbai Indians,0,3
517,HH Pandya,Mumbai Indians,0,2
518,AM Rahane,Rising Pune Supergiants,66,42
518,Harbhajan Singh,Mumbai Indians,45,30
518,F du Plessis,Rising Pune Supergiants,34,33
518,AT Rayudu,Mumbai Indians,22,27
518,KP Pietersen,Rising Pune Supergiants,21,14
518,R Vinay Kumar,Mumbai Indians,12,11
518,HH Pandya,Mumbai Indians,9,11
518,LMP Simmons,Mumbai Indians,8,8
518,RG Sharma,Mumbai Indians,7,5
518,S Gopal,Mumbai Indians,2,16
518,MJ McClenaghan,Mumbai Indians,2,2
518,KA Pollard,Mumbai Indians,1,8
518,JC Buttler,Mumbai Indians,0,2
519,G Gambhir,Kolkata Knight Riders,38,41
519,RV Uthappa,Kolkata Knight Riders,35,33
519,Q de Kock,Delhi Daredevils,17,10
519,SV Samson,Delhi Daredevils,15,13
519,MK Pandey,Kolkata Knight Riders,15,12
519,P Negi,Delhi Daredevils,11,19
519,CH Morris,Delhi Daredevils,11,9
519,MA Agarwal,Delhi Daredevils,9,11
519,NM Coulter-Nile,Delhi Daredevils,7,11
519,CR Brathwaite,Delhi Daredevils,6,4
519,Z Khan,Delhi Daredevils,4,9
519,KK Nair,Delhi Daredevils,3,8
519,A Mishra,Delhi Daredevils,3,9
519,SS Iyer,Delhi Daredevils,0,3
520,AJ Finch,Gujarat Lions,74,47
520,M Vijay,Kings XI Punjab,42,34
520,KD Karthik,Gujarat Lions,41,26
520,M Vohra,Kings XI Punjab,38,23
520,MP Stoinis,Kings XI Punjab,33,22
520,WP Saha,Kings XI Punjab,20,25
520,SK Raina,Gujarat Lions,20,9
520,DA Miller,Kings XI Punjab,15,10
520,Ishan Kishan,Gujarat Lions,11,8
520,RA Jadeja,Gujarat Lions,8,12
520,AR Patel,Kings XI Punjab,4,2
520,GJ Maxwell,Kings XI Punjab,2,4
520,DJ Bravo,Gujarat Lions,2,2
520,BB McCullum,Gujarat Lions,0,2
521,AB de Villiers,Royal Challengers Bangalore,82,42
521,V Kohli,Royal Challengers Bangalore,75,51
521,DA Warner,Sunrisers Hyderabad,58,25
521,SN Khan,Royal Challengers Bangalore,35,10
521,A Ashish Reddy,Sunrisers Hyderabad,32,18
521,KV Sharma,Sunrisers Hyderabad,26,17
521,EJG Morgan,Sunrisers Hyderabad,22,18
521,SR Watson,Royal Challengers Bangalore,19,8
521,MC Henriques,Sunrisers Hyderabad,19,23
521,KM Jadhav,Royal Challengers Bangalore,8,6
521,S Dhawan,Sunrisers Hyderabad,8,9
521,DJ Hooda,Sunrisers Hyderabad,6,6
521,CH Gayle,Royal Challengers Bangalore,1,4
521,NV Ojha,Sunrisers Hyderabad,0,4
522,RG Sharma,Mumbai Indians,84,54
522,G Gambhir,Kolkata Knight Riders,64,52
522,MK Pandey,Kolkata Knight Riders,52,29
522,JC Buttler,Mumbai Indians,41,22
522,AD Russell,Kolkata Knight Riders,36,17
522,PA Patel,Mumbai Indians,23,20
522,MJ McClenaghan,Mumbai Indians,20,8
522,YK Pathan,Kolkata Knight Riders,9,6
522,HH Pandya,Mumbai Indians,9,10
522,RV Uthappa,Kolkata Knight Riders,8,10
522,C Munro,Kolkata Knight Riders,4,5
522,SA Yadav,Kolkata Knight Riders,4,1
522,KA Pollard,Mumbai Indians,1,1
523,F du Plessis,Rising Pune Supergiants,69,43
523,AJ Finch,Gujarat Lions,50,36
523,BB McCullum,Gujarat Lions,49,31
523,KP Pietersen,Rising Pune Supergiants,37,31
523,SK Raina,Gujarat Lions,24,24
523,MS Dhoni,Rising Pune Supergiants,22,10
523,DJ Bravo,Gujarat Lions,22,10
523,AM Rahane,Rising Pune Supergiants,21,17
523,MR Marsh,Rising Pune Supergiants,7,11
523,SPD Smith,Rising Pune Supergiants,5,6
523,RA Jadeja,Gujarat Lions,4,8
523,R Bhatia,Rising Pune Supergiants,0,2
524,Q de Kock,Delhi Daredevils,59,42
524,SV Samson,Delhi Daredevils,33,32
524,M Vohra,Kings XI Punjab,32,24
524,P Sahu,Kings XI Punjab,18,12
524,MM Sharma,Kings XI Punjab,15,8
524,SE Marsh,Kings XI Punjab,13,16
524,AR Patel,Kings XI Punjab,11,22
524,DA Miller,Kings XI Punjab,9,9
524,P Negi,Delhi Daredevils,8,2
524,MG Johnson,Kings XI Punjab,4,12
524,WP Saha,Kings XI Punjab,3,7
524,SS Iyer,Delhi Daredevils,3,5
524,M Vijay,Kings XI Punjab,1,5
524,Sandeep Sharma,Kings XI Punjab,1,2
524,GJ Maxwell,Kings XI Punjab,0,3
525,G Gambhir,Kolkata Knight Riders,90,60
525,EJG Morgan,Sunrisers Hyderabad,51,43
525,RV Uthappa,Kolkata Knight Riders,38,34
525,NV Ojha,Sunrisers Hyderabad,37,28
525,DA Warner,Sunrisers Hyderabad,13,12
525,A Ashish Reddy,Sunrisers Hyderabad,13,8
525,MK Pandey,Kolkata Knight Riders,11,11
525,S Dhawan,Sunrisers Hyderabad,6,7
525,MC Henriques,Sunrisers Hyderabad,6,9
525,DJ Hooda,Sunrisers Hyderabad,6,11
525,KV Sharma,Sunrisers Hyderabad,2,2
525,AD Russell,Kolkata Knight Riders,2,5
525,B Kumar,Sunrisers Hyderabad,0,1
526,AJ Finch,Gujarat Lions,67,54
526,PA Patel,Mumbai Indians,34,29
526,SK Raina,Gujarat Lions,27,22
526,TG Southee,Mumbai Indians,25,11
526,AT Rayudu,Mumbai Indians,20,19
526,KH Pandya,Mumbai Indians,20,11
526,JC Buttler,Mumbai Indians,16,21
526,AD Nath,Gujarat Lions,12,11
526,KD Karthik,Gujarat Lions,9,11
526,Harbhajan Singh,Mumbai Indians,8,13
526,RG Sharma,Mumbai Indians,7,9
526,JP Faulkner,Gujarat Lions,7,8
526,BB McCullum,Gujarat Lions,6,4
526,DS Kulkarni,Gujarat Lions,6,3
526,HH Pandya,Mumbai Indians,2,6
526,DJ Bravo,Gujarat Lions,2,6
526,KA Pollard,Mumbai Indians,1,3
526,P Kumar,Gujarat Lions,0,2
527,F du Plessis,Rising Pune Supergiants,67,53
527,M Vijay,Kings XI Punjab,53,49
527,M Vohra,Kings XI Punjab,51,33
527,SPD Smith,Rising Pune Supergiants,38,26
527,GJ Maxwell,Kings XI Punjab,32,14
527,KP Pietersen,Rising Pune Supergiants,15,15
527,AM Rahane,Rising Pune Supergiants,9,11
527,NLTC Perera,Rising Pune Supergiants,8,9
527,DA Miller,Kings XI Punjab,7,6
527,SE Marsh,Kings XI Punjab,4,6
527,WP Saha,Kings XI Punjab,4,4
527,IK Pathan,Rising Pune Supergiants,2,2
527,MS Dhoni,Rising Pune Supergiants,1,2
527,R Ashwin,Rising Pune Supergiants,1,2
528,Q de Kock,Delhi Daredevils,108,51
528,V Kohli,Royal Challengers Bangalore,79,48
528,AB de Villiers,Royal Challengers Bangalore,55,33
528,KK Nair,Delhi Daredevils,54,42
528,SR Watson,Royal Challengers Bangalore,33,19
528,KM Jadhav,Royal Challengers Bangalore,9,11
528,SV Samson,Delhi Daredevils,9,14
528,JP Duminy,Delhi Daredevils,7,5
528,D Wiese,Royal Challengers Bangalore,5,4
528,SN Khan,Royal Challengers Bangalore,1,2
528,CH Gayle,Royal Challengers Bangalore,0,3
528,SS Iyer,Delhi Daredevils,0,4
529,DA Warner,Sunrisers Hyderabad,90,59
529,AT Rayudu,Mumbai Indians,54,49
529,KH Pandya,Mumbai Indians,49,28
529,MC Henriques,Sunrisers Hyderabad,20,22
529,DJ Hooda,Sunrisers Hyderabad,17,9
529,JC Buttler,Mumbai Indians,11,11
529,EJG Morgan,Sunrisers Hyderabad,11,12
529,PA Patel,Mumbai Indians,10,12
529,RG Sharma,Mumbai Indians,5,8
529,MJ Guptill,Mumbai Indians,2,4
529,HH Pandya,Mumbai Indians,2,5
529,S Dhawan,Sunrisers Hyderabad,2,4
529,Harbhajan Singh,Mumbai Indians,1,3
530,SE Marsh,Kings XI Punjab,56,41
530,RV Uthappa,Kolkata Knight Riders,53,28
530,G Gambhir,Kolkata Knight Riders,34,34
530,M Vijay,Kings XI Punjab,26,22
530,KJ Abbott,Kings XI Punjab,12,6
530,MK Pandey,Kolkata Knight Riders,12,11
530,YK Pathan,Kolkata Knight Riders,12,6
530,Shakib Al Hasan,Kolkata Knight Riders,11,15
530,SA Yadav,Kolkata Knight Riders,11,9
530,AR Patel,Kings XI Punjab,9,8
530,M Vohra,Kings XI Punjab,8,12
530,WP Saha,Kings XI Punjab,8,14
530,DA Miller,Kings XI Punjab,6,6
530,GJ Maxwell,Kings XI Punjab,4,7
530,MM Sharma,Kings XI Punjab,1,3
530,P Sahu,Kings XI Punjab,1,1
531,RG Sharma,Mumbai Indians,62,44
531,KA Pollard,Mumbai Indians,40,19
531,TM Head,Royal Challengers Bangalore,37,24
531,V Kohli,Royal Challengers Bangalore,33,30
531,AT Rayudu,Mumbai Indians,31,23
531,AB de Villiers,Royal Challengers Bangalore,29,21
531,SN Khan,Royal Challengers Bangalore,28,18
531,JC Buttler,Mumbai Indians,28,14
531,KL Rahul,Royal Challengers Bangalore,23,14
531,SR Watson,Royal Challengers Bangalore,5,10
531,PA Patel,Mumbai Indians,5,6
531,HH Pandya,Mumbai Indians,2,3
531,STR Binny,Royal Challengers Bangalore,1,2
531,KW Richardson,Royal Challengers Bangalore,1,1
532,SK Raina,Gujarat Lions,75,51
532,DA Warner,Sunrisers Hyderabad,74,48
532,S Dhawan,Sunrisers Hyderabad,53,41
532,BB McCullum,Gujarat Lions,18,17
532,RA Jadeja,Gujarat Lions,14,14
532,KD Karthik,Gujarat Lions,8,9
532,DJ Bravo,Gujarat Lions,8,12
532,AD Nath,Gujarat Lions,5,10
532,DW Steyn,Gujarat Lions,1,2
532,P Kumar,Gujarat Lions,1,1
532,AJ Finch,Gujarat Lions,0,4
533,AB de Villiers,Royal Challengers Bangalore,83,46
533,V Kohli,Royal Challengers Bangalore,80,63
533,AM Rahane,Rising Pune Supergiants,60,46
533,MS Dhoni,Rising Pune Supergiants,41,38
533,NLTC Perera,Rising Pune Supergiants,34,13
533,R Bhatia,Rising Pune Supergiants,21,11
533,KL Rahul,Royal Challengers Bangalore,7,10
533,SPD Smith,Rising Pune Supergiants,4,3
533,Ankit Sharma,Rising Pune Supergiants,3,3
533,SN Khan,Royal Challengers Bangalore,2,1
533,F du Plessis,Rising Pune Supergiants,2,3
533,SR Watson,Royal Challengers Bangalore,1,1
533,KP Pietersen,Rising Pune Supergiants,0,1
533,R Ashwin,Rising Pune Supergiants,0,1
533,M Ashwin,Rising Pune Supergiants,0,1
534,RG Sharma,Mumbai Indians,65,48
534,SV Samson,Delhi Daredevils,60,48
534,JP Duminy,Delhi Daredevils,49,31
534,KH Pandya,Mumbai Indians,36,17
534,AT Rayudu,Mumbai Indians,25,23
534,SS Iyer,Delhi Daredevils,19,20
534,KA Pollard,Mumbai Indians,19,18
534,P Negi,Delhi Daredevils,10,10
534,Q de Kock,Delhi Daredevils,9,7
534,KK Nair,Delhi Daredevils,5,5
534,JC Buttler,Mumbai Indians,2,6
534,HH Pandya,Mumbai Indians,2,2
534,PA Patel,Mumbai Indians,1,4
534,TG Southee,Mumbai Indians,1,1
534,Harbhajan Singh,Mumbai Indians,0,1
535,DA Warner,Sunrisers Hyderabad,59,31
535,S Dhawan,Sunrisers Hyderabad,45,44
535,SE Marsh,Kings XI Punjab,40,34
535,AR Patel,Kings XI Punjab,36,17
535,M Vohra,Kings XI Punjab,25,23
535,EJG Morgan,Sunrisers Hyderabad,25,20
535,NS Naik,Kings XI Punjab,22,28
535,DA Miller,Kings XI Punjab,9,11
535,DJ Hooda,Sunrisers Hyderabad,5,5
535,MC Henriques,Sunrisers Hyderabad,5,4
535,R Dhawan,Kings XI Punjab,3,2
535,M Vijay,Kings XI Punjab,2,3
535,NV Ojha,Sunrisers Hyderabad,2,2
535,GJ Maxwell,Kings XI Punjab,1,2
535,AP Tare,Sunrisers Hyderabad,0,1
536,V Kohli,Royal Challengers Bangalore,100,63
536,KL Rahul,Royal Challengers Bangalore,51,35
536,KD Karthik,Gujarat Lions,50,39
536,BB McCullum,Gujarat Lions,42,24
536,DR Smith,Gujarat Lions,32,21
536,SK Raina,Gujarat Lions,28,24
536,AB de Villiers,Royal Challengers Bangalore,20,16
536,RA Jadeja,Gujarat Lions,12,10
536,SR Watson,Royal Challengers Bangalore,6,6
536,DJ Bravo,Gujarat Lions,4,1
537,AM Rahane,Rising Pune Supergiants,67,52
537,SA Yadav,Kolkata Knight Riders,60,49
537,YK Pathan,Kolkata Knight Riders,36,27
537,SPD Smith,Rising Pune Supergiants,31,28
537,MS Dhoni,Rising Pune Supergiants,23,12
537,AD Russell,Kolkata Knight Riders,17,11
537,JA Morkel,Rising Pune Supergiants,16,9
537,NLTC Perera,Rising Pune Supergiants,12,9
537,G Gambhir,Kolkata Knight Riders,11,5
537,R Sathish,Kolkata Knight Riders,10,8
537,PP Chawla,Kolkata Knight Riders,8,5
537,UT Yadav,Kolkata Knight Riders,7,2
537,F du Plessis,Rising Pune Supergiants,4,9
537,Shakib Al Hasan,Kolkata Knight Riders,3,9
537,R Bhatia,Rising Pune Supergiants,1,1
537,RV Uthappa,Kolkata Knight Riders,0,1
538,PA Patel,Mumbai Indians,81,58
538,AT Rayudu,Mumbai Indians,65,37
538,GJ Maxwell,Kings XI Punjab,56,39
538,SE Marsh,Kings XI Punjab,45,34
538,DA Miller,Kings XI Punjab,30,17
538,JC Buttler,Mumbai Indians,24,13
538,M Vijay,Kings XI Punjab,19,13
538,KA Pollard,Mumbai Indians,10,9
538,M Vohra,Kings XI Punjab,7,11
538,HH Pandya,Mumbai Indians,4,2
538,NS Naik,Kings XI Punjab,1,3
538,MG Johnson,Kings XI Punjab,1,2
538,RG Sharma,Mumbai Indians,0,2
538,AR Patel,Kings XI Punjab,0,2
539,S Dhawan,Sunrisers Hyderabad,56,53
539,SPD Smith,Rising Pune Supergiants,46,36
539,F du Plessis,Rising Pune Supergiants,30,21
539,B Kumar,Sunrisers Hyderabad,21,8
539,NV Ojha,Sunrisers Hyderabad,18,21
539,AP Tare,Sunrisers Hyderabad,8,14
539,Bipul Sharma,Sunrisers Hyderabad,5,5
539,MS Dhoni,Rising Pune Supergiants,5,4
539,DJ Hooda,Sunrisers Hyderabad,1,9
539,MC Henriques,Sunrisers Hyderabad,1,4
539,DA Warner,Sunrisers Hyderabad,0,4
539,EJG Morgan,Sunrisers Hyderabad,0,2
539,AM Rahane,Rising Pune Supergiants,0,5
540,CH Morris,Delhi Daredevils,82,32
540,BB McCullum,Gujarat Lions,60,36
540,DR Smith,Gujarat Lions,53,30
540,JP Duminy,Delhi Daredevils,48,43
540,JP Faulkner,Gujarat Lions,22,13
540,RR Pant,Delhi Daredevils,20,17
540,KD Karthik,Gujarat Lions,19,17
540,KK Nair,Delhi Daredevils,9,7
540,DJ Bravo,Gujarat Lions,7,6
540,Q de Kock,Delhi Daredevils,5,11
540,RA Jadeja,Gujarat Lions,4,7
540,P Negi,Delhi Daredevils,3,4
540,SK Raina,Gujarat Lions,2,5
540,Ishan Kishan,Gujarat Lions,2,6
540,SV Samson,Delhi Daredevils,1,6
541,RG Sharma,Mumbai Indians,68,49
541,G Gambhir,Kolkata Knight Riders,59,45
541,KA Pollard,Mumbai Indians,51,17
541,RV Uthappa,Kolkata Knight Riders,36,20
541,AT Rayudu,Mumbai Indians,32,20
541,AD Russell,Kolkata Knight Riders,22,16
541,SA Yadav,Kolkata Knight Riders,21,17
541,YK Pathan,Kolkata Knight Riders,19,8
541,JC Buttler,Mumbai Indians,15,15
541,CA Lynn,Kolkata Knight Riders,10,10
541,Shakib Al Hasan,Kolkata Knight Riders,6,4
541,KH Pandya,Mumbai Indians,6,5
541,PA Patel,Mumbai Indians,1,2
542,SPD Smith,Rising Pune Supergiants,101,54
542,DR Smith,Gujarat Lions,63,37
542,AM Rahane,Rising Pune Supergiants,53,45
542,BB McCullum,Gujarat Lions,43,22
542,SK Raina,Gujarat Lions,34,28
542,KD Karthik,Gujarat Lions,33,20
542,MS Dhoni,Rising Pune Supergiants,30,18
542,JP Faulkner,Gujarat Lions,9,5
542,DJ Bravo,Gujarat Lions,7,6
542,NLTC Perera,Rising Pune Supergiants,3,2
542,SS Tiwary,Rising Pune Supergiants,1,2
542,RA Jadeja,Gujarat Lions,0,1
542,Ishan Kishan,Gujarat Lions,0,1
543,RV Uthappa,Kolkata Knight Riders,72,52
543,KK Nair,Delhi Daredevils,68,50
543,SW Billings,Delhi Daredevils,54,34
543,CR Brathwaite,Delhi Daredevils,34,11
543,SA Yadav,Kolkata Knight Riders,21,13
543,AD Russell,Kolkata Knight Riders,17,12
543,SV Samson,Delhi Daredevils,15,15
543,YK Pathan,Kolkata Knight Riders,10,9
543,PP Chawla,Kolkata Knight Riders,8,5
543,G Gambhir,Kolkata Knight Riders,6,8
543,R Sathish,Kolkata Knight Riders,6,7
543,RR Pant,Delhi Daredevils,4,4
543,SP Narine,Kolkata Knight Riders,4,3
543,UT Yadav,Kolkata Knight Riders,2,3
543,Q de Kock,Delhi Daredevils,1,3
543,SS Iyer,Delhi Daredevils,0,1
543,CH Morris,Delhi Daredevils,0,2
543,Mohammed Shami,Delhi Daredevils,0,1
543,JO Holder,Kolkata Knight Riders,0,1
544,DA Warner,Sunrisers Hyderabad,92,50
544,KL Rahul,Royal Challengers Bangalore,51,28
544,KS Williamson,Sunrisers Hyderabad,50,38
544,AB de Villiers,Royal Challengers Bangalore,47,32
544,MC Henriques,Sunrisers Hyderabad,31,14
544,Sachin Baby,Royal Challengers Bangalore,27,16
544,KM Jadhav,Royal Challengers Bangalore,25,15
544,V Kohli,Royal Challengers Bangalore,14,17
544,S Dhawan,Sunrisers Hyderabad,11,11
544,Parvez Rasool,Royal Challengers Bangalore,10,9
544,DJ Hooda,Sunrisers Hyderabad,2,2
544,A Ashish Reddy,Sunrisers Hyderabad,2,3
544,SR Watson,Royal Challengers Bangalore,2,3
544,NV Ojha,Sunrisers Hyderabad,1,3
545,M Vijay,Kings XI Punjab,55,41
545,WP Saha,Kings XI Punjab,33,19
545,JP Faulkner,Gujarat Lions,32,27
545,DA Miller,Kings XI Punjab,31,27
545,MP Stoinis,Kings XI Punjab,27,17
545,Ishan Kishan,Gujarat Lions,27,24
545,SK Raina,Gujarat Lions,18,15
545,DR Smith,Gujarat Lions,15,18
545,P Kumar,Gujarat Lions,15,13
545,RA Jadeja,Gujarat Lions,11,11
545,DS Kulkarni,Gujarat Lions,6,4
545,KD Karthik,Gujarat Lions,2,4
545,SE Marsh,Kings XI Punjab,1,3
545,KC Cariappa,Kings XI Punjab,1,3
545,MM Sharma,Kings XI Punjab,1,2
545,Sandeep Sharma,Kings XI Punjab,1,1
545,BB McCullum,Gujarat Lions,1,3
545,GJ Maxwell,Kings XI Punjab,0,1
545,Gurkeerat Singh,Kings XI Punjab,0,3
545,AR Patel,Kings XI Punjab,0,2
545,DJ Bravo,Gujarat Lions,0,1
546,RG Sharma,Mumbai Indians,85,60
546,SS Tiwary,Rising Pune Supergiants,57,45
546,SPD Smith,Rising Pune Supergiants,45,23
546,JC Buttler,Mumbai Indians,27,17
546,MS Dhoni,Rising Pune Supergiants,24,24
546,AT Rayudu,Mumbai Indians,22,19
546,PA Patel,Mumbai Indians,21,15
546,NLTC Perera,Rising Pune Supergiants,12,9
546,PSP Handscomb,Rising Pune Supergiants,6,12
546,AM Rahane,Rising Pune Supergiants,4,5
546,R Bhatia,Rising Pune Supergiants,3,2
547,YK Pathan,Kolkata Knight Riders,60,29
547,KL Rahul,Royal Challengers Bangalore,52,32
547,V Kohli,Royal Challengers Bangalore,52,44
547,AD Russell,Kolkata Knight Riders,39,24
547,G Gambhir,Kolkata Knight Riders,37,29
547,SR Watson,Royal Challengers Bangalore,34,21
547,Sachin Baby,Royal Challengers Bangalore,16,8
547,STR Binny,Royal Challengers Bangalore,16,4
547,CA Lynn,Kolkata Knight Riders,15,12
547,SA Yadav,Kolkata Knight Riders,10,5
547,MK Pandey,Kolkata Knight Riders,8,12
547,CH Gayle,Royal Challengers Bangalore,7,7
547,AB de Villiers,Royal Challengers Bangalore,4,6
547,RV Uthappa,Kolkata Knight Riders,1,4
548,RR Pant,Delhi Daredevils,69,40
548,KD Karthik,Gujarat Lions,53,43
548,Q de Kock,Delhi Daredevils,46,45
548,RA Jadeja,Gujarat Lions,36,26
548,SK Raina,Gujarat Lions,24,20
548,SV Samson,Delhi Daredevils,19,13
548,DR Smith,Gujarat Lions,15,14
548,JP Duminy,Delhi Daredevils,13,7
548,JP Faulkner,Gujarat Lions,7,6
548,AJ Finch,Gujarat Lions,5,5
548,Ishan Kishan,Gujarat Lions,2,2
548,BB McCullum,Gujarat Lions,1,4
549,RV Uthappa,Kolkata Knight Riders,70,49
549,GJ Maxwell,Kings XI Punjab,68,42
549,G Gambhir,Kolkata Knight Riders,54,45
549,WP Saha,Kings XI Punjab,24,20
549,AR Patel,Kings XI Punjab,21,7
549,YK Pathan,Kolkata Knight Riders,19,16
549,AD Russell,Kolkata Knight Riders,16,10
549,DA Miller,Kings XI Punjab,13,18
549,Gurkeerat Singh,Kings XI Punjab,11,11
549,M Vijay,Kings XI Punjab,6,11
549,MM Sharma,Kings XI Punjab,1,1
549,Sandeep Sharma,Kings XI Punjab,1,1
549,MP Stoinis,Kings XI Punjab,0,3
549,M Vohra,Kings XI Punjab,0,5
549,Swapnil Singh,Kings XI Punjab,0,1
550,AM Rahane,Rising Pune Supergiants,63,48
550,JP Duminy,Delhi Daredevils,34,32
550,KK Nair,Delhi Daredevils,32,23
550,UT Khawaja,Rising Pune Supergiants,30,27
550,MS Dhoni,Rising Pune Supergiants,27,20
550,SW Billings,Delhi Daredevils,24,15
550,SS Tiwary,Rising Pune Supergiants,21,18
550,SV Samson,Delhi Daredevils,20,17
550,CR Brathwaite,Delhi Daredevils,20,8
550,P Negi,Delhi Daredevils,19,12
550,NLTC Perera,Rising Pune Supergiants,14,5
550,RR Pant,Delhi Daredevils,2,8
550,Mohammed Shami,Delhi Daredevils,2,3
550,J Yadav,Delhi Daredevils,1,3
551,AJ Finch,Gujarat Lions,51,42
551,S Dhawan,Sunrisers Hyderabad,47,40
551,DA Warner,Sunrisers Hyderabad,24,17
551,SK Raina,Gujarat Lions,20,10
551,DJ Bravo,Gujarat Lions,18,20
551,RA Jadeja,Gujarat Lions,18,13
551,DJ Hooda,Sunrisers Hyderabad,18,12
551,MC Henriques,Sunrisers Hyderabad,14,16
551,NV Ojha,Sunrisers Hyderabad,9,6
551,BB McCullum,Gujarat Lions,7,19
551,P Kumar,Gujarat Lions,6,4
551,KS Williamson,Sunrisers Hyderabad,6,9
551,Yuvraj Singh,Sunrisers Hyderabad,5,14
551,DR Smith,Gujarat Lions,1,9
551,KD Karthik,Gujarat Lions,0,3
552,V Kohli,Royal Challengers Bangalore,108,58
552,AM Rahane,Rising Pune Supergiants,74,48
552,SS Tiwary,Rising Pune Supergiants,52,39
552,KL Rahul,Royal Challengers Bangalore,38,35
552,SR Watson,Royal Challengers Bangalore,36,13
552,UT Khawaja,Rising Pune Supergiants,16,6
552,NLTC Perera,Rising Pune Supergiants,14,8
552,R Ashwin,Rising Pune Supergiants,10,5
552,MS Dhoni,Rising Pune Supergiants,9,8
552,R Bhatia,Rising Pune Supergiants,9,4
552,TM Head,Royal Challengers Bangalore,6,9
552,AB de Villiers,Royal Challengers Bangalore,1,3
552,GJ Bailey,Rising Pune Supergiants,0,2
553,MP Stoinis,Kings XI Punjab,52,44
553,WP Saha,Kings XI Punjab,52,33
553,Q de Kock,Delhi Daredevils,52,30
553,SV Samson,Delhi Daredevils,49,35
553,M Vijay,Kings XI Punjab,25,16
553,KK Nair,Delhi Daredevils,23,25
553,CH Morris,Delhi Daredevils,17,12
553,GJ Maxwell,Kings XI Punjab,16,11
553,AR Patel,Kings XI Punjab,16,5
553,CR Brathwaite,Delhi Daredevils,12,6
553,DA Miller,Kings XI Punjab,11,6
553,SW Billings,Delhi Daredevils,6,9
553,RR Pant,Delhi Daredevils,4,3
553,HM Amla,Kings XI Punjab,1,5
554,S Dhawan,Sunrisers Hyderabad,82,57
554,DA Warner,Sunrisers Hyderabad,48,33
554,Yuvraj Singh,Sunrisers Hyderabad,39,23
554,Harbhajan Singh,Mumbai Indians,21,22
554,KH Pandya,Mumbai Indians,17,11
554,KA Pollard,Mumbai Indians,11,13
554,MJ McClenaghan,Mumbai Indians,8,9
554,HH Pandya,Mumbai Indians,7,16
554,AT Rayudu,Mumbai Indians,6,6
554,JJ Bumrah,Mumbai Indians,6,9
554,RG Sharma,Mumbai Indians,5,3
554,TG Southee,Mumbai Indians,3,4
554,KS Williamson,Sunrisers Hyderabad,2,5
554,JC Buttler,Mumbai Indians,2,2
554,MC Henriques,Sunrisers Hyderabad,1,2
554,PA Patel,Mumbai Indians,0,4
555,Shakib Al Hasan,Kolkata Knight Riders,66,49
555,YK Pathan,Kolkata Knight Riders,63,41
555,KD Karthik,Gujarat Lions,51,29
555,BB McCullum,Gujarat Lions,29,24
555,AJ Finch,Gujarat Lions,29,10
555,DR Smith,Gujarat Lions,27,18
555,RV Uthappa,Kolkata Knight Riders,14,10
555,SK Raina,Gujarat Lions,14,18
555,RA Jadeja,Gujarat Lions,9,9
555,G Gambhir,Kolkata Knight Riders,5,6
555,SA Yadav,Kolkata Knight Riders,4,12
555,MK Pandey,Kolkata Knight Riders,0,2
556,M Vijay,Kings XI Punjab,89,57
556,AB de Villiers,Royal Challengers Bangalore,64,35
556,KL Rahul,Royal Challengers Bangalore,42,25
556,MP Stoinis,Kings XI Punjab,34,22
556,Sachin Baby,Royal Challengers Bangalore,33,29
556,HM Amla,Kings XI Punjab,21,20
556,V Kohli,Royal Challengers Bangalore,20,21
556,WP Saha,Kings XI Punjab,16,13
556,TM Head,Royal Challengers Bangalore,11,7
556,F Behardien,Kings XI Punjab,9,7
556,SR Watson,Royal Challengers Bangalore,1,3
556,DA Miller,Kings XI Punjab,0,1
557,GJ Bailey,Rising Pune Supergiants,34,40
557,S Dhawan,Sunrisers Hyderabad,33,27
557,KS Williamson,Sunrisers Hyderabad,32,37
557,MS Dhoni,Rising Pune Supergiants,30,20
557,R Ashwin,Rising Pune Supergiants,29,25
557,Yuvraj Singh,Sunrisers Hyderabad,23,21
557,NLTC Perera,Rising Pune Supergiants,17,13
557,DJ Hooda,Sunrisers Hyderabad,14,5
557,DA Warner,Sunrisers Hyderabad,11,14
557,UT Khawaja,Rising Pune Supergiants,11,8
557,MC Henriques,Sunrisers Hyderabad,10,8
557,SS Tiwary,Rising Pune Supergiants,9,10
557,NV Ojha,Sunrisers Hyderabad,7,5
557,B Kumar,Sunrisers Hyderabad,1,2
557,BB Sran,Sunrisers Hyderabad,1,1
557,AM Rahane,Rising Pune Supergiants,0,3
557,A Zampa,Rising Pune Supergiants,0,1
558,KL Rahul,Royal Challengers Bangalore,68,53
558,AT Rayudu,Mumbai Indians,44,47
558,KA Pollard,Mumbai Indians,35,19
558,JC Buttler,Mumbai Indians,29,11
558,Sachin Baby,Royal Challengers Bangalore,25,13
558,RG Sharma,Mumbai Indians,25,24
558,AB de Villiers,Royal Challengers Bangalore,24,27
558,SR Watson,Royal Challengers Bangalore,15,14
558,N Rana,Mumbai Indians,9,11
558,V Kohli,Royal Challengers Bangalore,7,7
558,CH Gayle,Royal Challengers Bangalore,5,6
558,PA Patel,Mumbai Indians,1,2
559,DA Warner,Sunrisers Hyderabad,46,30
559,Q de Kock,Delhi Daredevils,44,31
559,RR Pant,Delhi Daredevils,39,26
559,S Dhawan,Sunrisers Hyderabad,34,37
559,SV Samson,Delhi Daredevils,34,26
559,KS Williamson,Sunrisers Hyderabad,27,24
559,KK Nair,Delhi Daredevils,20,17
559,DJ Hooda,Sunrisers Hyderabad,10,9
559,MA Agarwal,Delhi Daredevils,10,9
559,Yuvraj Singh,Sunrisers Hyderabad,8,8
559,NV Ojha,Sunrisers Hyderabad,7,9
559,B Kumar,Sunrisers Hyderabad,1,2
559,BB Sran,Sunrisers Hyderabad,1,1
559,A Nehra,Sunrisers Hyderabad,1,1
559,MC Henriques,Sunrisers Hyderabad,0,1
560,WP Saha,Kings XI Punjab,56,40
560,M Vijay,Kings XI Punjab,54,52
560,KA Pollard,Mumbai Indians,27,20
560,N Rana,Mumbai Indians,25,28
560,KH Pandya,Mumbai Indians,19,12
560,RG Sharma,Mumbai Indians,15,24
560,Harbhajan Singh,Mumbai Indians,14,10
560,JC Buttler,Mumbai Indians,9,10
560,Gurkeerat Singh,Kings XI Punjab,6,4
560,MJ McClenaghan,Mumbai Indians,4,4
560,JJ Bumrah,Mumbai Indians,2,2
560,TG Southee,Mumbai Indians,1,3
560,UBT Chand,Mumbai Indians,0,4
560,AT Rayudu,Mumbai Indians,0,3
560,HM Amla,Kings XI Punjab,0,5
560,GJ Maxwell,Kings XI Punjab,0,1
561,AB de Villiers,Royal Challengers Bangalore,129,52
561,V Kohli,Royal Challengers Bangalore,109,55
561,AJ Finch,Gujarat Lions,37,38
561,RA Jadeja,Gujarat Lions,21,19
561,BB McCullum,Gujarat Lions,11,13
561,DR Smith,Gujarat Lions,7,6
561,PV Tambe,Gujarat Lions,7,19
561,CH Gayle,Royal Challengers Bangalore,6,13
561,AD Nath,Gujarat Lions,3,6
561,KD Karthik,Gujarat Lions,2,4
561,DS Kulkarni,Gujarat Lions,2,3
561,DJ Bravo,Gujarat Lions,1,2
561,P Kumar,Gujarat Lions,1,4
561,SR Watson,Royal Challengers Bangalore,0,1
561,S Kaushik,Gujarat Lions,0,1
562,YK Pathan,Kolkata Knight Riders,37,18
562,GJ Bailey,Rising Pune Supergiants,33,27
562,UT Khawaja,Rising Pune Supergiants,21,17
562,MK Pandey,Kolkata Knight Riders,15,10
562,SS Tiwary,Rising Pune Supergiants,13,12
562,NLTC Perera,Rising Pune Supergiants,13,11
562,MS Dhoni,Rising Pune Supergiants,8,22
562,IK Pathan,Rising Pune Supergiants,7,8
562,RV Uthappa,Kolkata Knight Riders,4,1
562,AM Rahane,Rising Pune Supergiants,2,6
562,R Ashwin,Rising Pune Supergiants,0,4
562,G Gambhir,Kolkata Knight Riders,0,1
563,HM Amla,Kings XI Punjab,96,56
563,DA Warner,Sunrisers Hyderabad,52,41
563,Yuvraj Singh,Sunrisers Hyderabad,42,24
563,DJ Hooda,Sunrisers Hyderabad,34,22
563,WP Saha,Kings XI Punjab,27,23
563,Gurkeerat Singh,Kings XI Punjab,27,20
563,S Dhawan,Sunrisers Hyderabad,25,22
563,DA Miller,Kings XI Punjab,20,9
563,BCJ Cutting,Sunrisers Hyderabad,18,11
563,M Vijay,Kings XI Punjab,6,12
564,KH Pandya,Mumbai Indians,86,37
564,MJ Guptill,Mumbai Indians,48,42
564,Q de Kock,Delhi Daredevils,40,28
564,RG Sharma,Mumbai Indians,31,21
564,RR Pant,Delhi Daredevils,23,17
564,CH Morris,Delhi Daredevils,20,16
564,JC Buttler,Mumbai Indians,18,9
564,AT Rayudu,Mumbai Indians,13,5
564,JP Duminy,Delhi Daredevils,9,9
564,MA Agarwal,Delhi Daredevils,8,5
564,KK Nair,Delhi Daredevils,8,8
564,SV Samson,Delhi Daredevils,6,11
564,Imran Tahir,Delhi Daredevils,5,7
564,KA Pollard,Mumbai Indians,3,6
564,Z Khan,Delhi Daredevils,2,4
564,A Mishra,Delhi Daredevils,1,5
564,S Nadeem,Delhi Daredevils,1,5
565,V Kohli,Royal Challengers Bangalore,75,51
565,AB de Villiers,Royal Challengers Bangalore,59,31
565,G Gambhir,Kolkata Knight Riders,51,34
565,MK Pandey,Kolkata Knight Riders,50,35
565,CH Gayle,Royal Challengers Bangalore,49,31
565,AD Russell,Kolkata Knight Riders,39,19
565,Shakib Al Hasan,Kolkata Knight Riders,18,11
565,YK Pathan,Kolkata Knight Riders,6,12
565,SA Yadav,Kolkata Knight Riders,5,5
565,RV Uthappa,Kolkata Knight Riders,2,4
566,AM Rahane,Rising Pune Supergiants,42,36
566,KK Nair,Delhi Daredevils,41,43
566,CH Morris,Delhi Daredevils,38,20
566,UT Khawaja,Rising Pune Supergiants,19,13
566,JP Duminy,Delhi Daredevils,14,14
566,SV Samson,Delhi Daredevils,10,13
566,SS Iyer,Delhi Daredevils,8,10
566,GJ Bailey,Rising Pune Supergiants,8,18
566,RR Pant,Delhi Daredevils,4,9
566,Q de Kock,Delhi Daredevils,2,8
566,NM Coulter-Nile,Delhi Daredevils,2,3
567,V Kohli,Royal Challengers Bangalore,113,50
567,CH Gayle,Royal Challengers Bangalore,73,32
567,WP Saha,Kings XI Punjab,24,10
567,Gurkeerat Singh,Kings XI Punjab,18,18
567,KL Rahul,Royal Challengers Bangalore,16,6
567,M Vijay,Kings XI Punjab,16,8
567,MM Sharma,Kings XI Punjab,14,12
567,AR Patel,Kings XI Punjab,13,9
567,KC Cariappa,Kings XI Punjab,12,8
567,HM Amla,Kings XI Punjab,9,6
567,Sandeep Sharma,Kings XI Punjab,5,5
567,DA Miller,Kings XI Punjab,3,6
567,SR Watson,Royal Challengers Bangalore,1,2
567,AB de Villiers,Royal Challengers Bangalore,0,2
567,F Behardien,Kings XI Punjab,0,1
567,KJ Abbott,Kings XI Punjab,0,1
568,SK Raina,Gujarat Lions,53,36
568,YK Pathan,Kolkata Knight Riders,36,36
568,AJ Finch,Gujarat Lions,26,23
568,RV Uthappa,Kolkata Knight Riders,25,19
568,SA Yadav,Kolkata Knight Riders,17,14
568,JO Holder,Kolkata Knight Riders,13,8
568,KD Karthik,Gujarat Lions,12,8
568,PP Chawla,Kolkata Knight Riders,11,16
568,RA Jadeja,Gujarat Lions,11,10
568,G Gambhir,Kolkata Knight Riders,8,8
568,BB McCullum,Gujarat Lions,6,3
568,Shakib Al Hasan,Kolkata Knight Riders,3,8
568,SP Narine,Kolkata Knight Riders,2,7
568,MK Pandey,Kolkata Knight Riders,1,3
568,M Morkel,Kolkata Knight Riders,1,1
568,DR Smith,Gujarat Lions,0,1
569,KK Nair,Delhi Daredevils,83,59
569,DA Warner,Sunrisers Hyderabad,73,56
569,RR Pant,Delhi Daredevils,32,26
569,MC Henriques,Sunrisers Hyderabad,18,13
569,JP Duminy,Delhi Daredevils,17,15
569,NV Ojha,Sunrisers Hyderabad,16,14
569,EJG Morgan,Sunrisers Hyderabad,14,10
569,B Kumar,Sunrisers Hyderabad,13,7
569,S Dhawan,Sunrisers Hyderabad,10,8
569,Yuvraj Singh,Sunrisers Hyderabad,10,11
569,CR Brathwaite,Delhi Daredevils,10,7
569,SV Samson,Delhi Daredevils,3,4
569,Q de Kock,Delhi Daredevils,2,9
569,DJ Hooda,Sunrisers Hyderabad,1,1
570,MS Dhoni,Rising Pune Supergiants,64,32
570,M Vijay,Kings XI Punjab,59,41
570,Gurkeerat Singh,Kings XI Punjab,51,30
570,HM Amla,Kings XI Punjab,30,27
570,UT Khawaja,Rising Pune Supergiants,30,29
570,NLTC Perera,Rising Pune Supergiants,23,14
570,AM Rahane,Rising Pune Supergiants,19,15
570,SS Tiwary,Rising Pune Supergiants,17,15
570,R Dhawan,Kings XI Punjab,11,4
570,GJ Bailey,Rising Pune Supergiants,9,11
570,DA Miller,Kings XI Punjab,7,5
570,F Behardien,Kings XI Punjab,5,5
570,WP Saha,Kings XI Punjab,3,4
570,IK Pathan,Rising Pune Supergiants,2,3
570,AR Patel,Kings XI Punjab,1,3
570,KJ Abbott,Kings XI Punjab,1,1
570,R Ashwin,Rising Pune Supergiants,1,1
571,N Rana,Mumbai Indians,70,36
571,SK Raina,Gujarat Lions,58,36
571,BB McCullum,Gujarat Lions,48,27
571,DR Smith,Gujarat Lions,37,23
571,JC Buttler,Mumbai Indians,33,31
571,RG Sharma,Mumbai Indians,30,17
571,RA Jadeja,Gujarat Lions,21,15
571,KA Pollard,Mumbai Indians,9,11
571,MJ Guptill,Mumbai Indians,7,9
571,HH Pandya,Mumbai Indians,7,8
571,KH Pandya,Mumbai Indians,4,3
571,Harbhajan Singh,Mumbai Indians,3,5
571,KD Karthik,Gujarat Lions,3,4
571,R Vinay Kumar,Mumbai Indians,1,1
571,AJ Finch,Gujarat Lions,0,2
572,YK Pathan,Kolkata Knight Riders,52,34
572,S Dhawan,Sunrisers Hyderabad,51,30
572,MK Pandey,Kolkata Knight Riders,48,30
572,RV Uthappa,Kolkata Knight Riders,25,17
572,Yuvraj Singh,Sunrisers Hyderabad,19,12
572,DA Warner,Sunrisers Hyderabad,18,16
572,G Gambhir,Kolkata Knight Riders,16,15
572,NV Ojha,Sunrisers Hyderabad,15,25
572,MC Henriques,Sunrisers Hyderabad,11,10
572,C Munro,Kolkata Knight Riders,10,8
572,KV Sharma,Sunrisers Hyderabad,8,11
572,Shakib Al Hasan,Kolkata Knight Riders,7,10
572,KS Williamson,Sunrisers Hyderabad,7,9
572,SA Yadav,Kolkata Knight Riders,6,3
572,B Kumar,Sunrisers Hyderabad,5,4
572,JO Holder,Kolkata Knight Riders,3,3
572,DJ Hooda,Sunrisers Hyderabad,2,2
572,BB Sran,Sunrisers Hyderabad,2,2
573,Q de Kock,Delhi Daredevils,60,52
573,V Kohli,Royal Challengers Bangalore,54,45
573,KL Rahul,Royal Challengers Bangalore,38,23
573,CH Morris,Delhi Daredevils,27,18
573,SV Samson,Delhi Daredevils,17,12
573,STR Binny,Royal Challengers Bangalore,16,11
573,SR Watson,Royal Challengers Bangalore,14,18
573,KK Nair,Delhi Daredevils,11,10
573,P Negi,Delhi Daredevils,6,12
573,AB de Villiers,Royal Challengers Bangalore,6,8
573,J Yadav,Delhi Daredevils,5,7
573,SW Billings,Delhi Daredevils,4,6
573,RR Pant,Delhi Daredevils,1,2
573,CR Brathwaite,Delhi Daredevils,1,2
573,CH Gayle,Royal Challengers Bangalore,1,4
574,AB de Villiers,Royal Challengers Bangalore,79,47
574,DR Smith,Gujarat Lions,73,41
574,Iqbal Abdulla,Royal Challengers Bangalore,33,25
574,KD Karthik,Gujarat Lions,26,30
574,STR Binny,Royal Challengers Bangalore,21,15
574,ER Dwivedi,Gujarat Lions,19,9
574,DS Kulkarni,Gujarat Lions,10,4
574,CH Gayle,Royal Challengers Bangalore,9,12
574,DJ Bravo,Gujarat Lions,8,6
574,AJ Finch,Gujarat Lions,4,6
574,RA Jadeja,Gujarat Lions,3,7
574,BB McCullum,Gujarat Lions,1,4
574,SK Raina,Gujarat Lions,1,9
574,P Kumar,Gujarat Lions,1,2
574,SB Jakati,Gujarat Lions,1,2
574,SR Watson,Royal Challengers Bangalore,1,6
574,V Kohli,Royal Challengers Bangalore,0,2
574,KL Rahul,Royal Challengers Bangalore,0,1
574,Sachin Baby,Royal Challengers Bangalore,0,3
575,Yuvraj Singh,Sunrisers Hyderabad,44,30
575,MK Pandey,Kolkata Knight Riders,36,28
575,MC Henriques,Sunrisers Hyderabad,31,21
575,DA Warner,Sunrisers Hyderabad,28,28
575,G Gambhir,Kolkata Knight Riders,28,28
575,SA Yadav,Kolkata Knight Riders,23,15
575,DJ Hooda,Sunrisers Hyderabad,21,13
575,C Munro,Kolkata Knight Riders,16,17
575,Bipul Sharma,Sunrisers Hyderabad,14,6
575,RV Uthappa,Kolkata Knight Riders,11,7
575,S Dhawan,Sunrisers Hyderabad,10,10
575,R Sathish,Kolkata Knight Riders,8,9
575,NV Ojha,Sunrisers Hyderabad,7,9
575,JO Holder,Kolkata Knight Riders,6,7
575,YK Pathan,Kolkata Knight Riders,2,6
575,B Kumar,Sunrisers Hyderabad,1,2
575,SP Narine,Kolkata Knight Riders,1,3
575,BCJ Cutting,Sunrisers Hyderabad,0,1
576,DA Warner,Sunrisers Hyderabad,93,58
576,AJ Finch,Gujarat Lions,50,32
576,BB McCullum,Gujarat Lions,32,29
576,Bipul Sharma,Sunrisers Hyderabad,27,11
576,KD Karthik,Gujarat Lions,26,19
576,DJ Bravo,Gujarat Lions,20,10
576,RA Jadeja,Gujarat Lions,19,15
576,MC Henriques,Sunrisers Hyderabad,11,6
576,NV Ojha,Sunrisers Hyderabad,10,8
576,Yuvraj Singh,Sunrisers Hyderabad,8,13
576,BCJ Cutting,Sunrisers Hyderabad,8,7
576,ER Dwivedi,Gujarat Lions,5,5
576,DJ Hooda,Sunrisers Hyderabad,4,9
576,DS Kulkarni,Gujarat Lions,3,2
576,SK Raina,Gujarat Lions,1,5
576,DR Smith,Gujarat Lions,1,3
576,S Dhawan,Sunrisers Hyderabad,0,4
577,CH Gayle,Royal Challengers Bangalore,76,38
577,DA Warner,Sunrisers Hyderabad,69,38
577,V Kohli,Royal Challengers Bangalore,54,35
577,BCJ Cutting,Sunrisers Hyderabad,39,15
577,Yuvraj Singh,Sunrisers Hyderabad,38,23
577,S Dhawan,Sunrisers Hyderabad,28,25
577,Sachin Baby,Royal Challengers Bangalore,18,10
577,KL Rahul,Royal Challengers Bangalore,11,9
577,SR Watson,Royal Challengers Bangalore,11,9
577,STR Binny,Royal Challengers Bangalore,9,7
577,NV Ojha,Sunrisers Hyderabad,7,4
577,Bipul Sharma,Sunrisers Hyderabad,5,3
577,AB de Villiers,Royal Challengers Bangalore,5,6
577,MC Henriques,Sunrisers Hyderabad,4,5
577,Iqbal Abdulla,Royal Challengers Bangalore,4,2
577,DJ Hooda,Sunrisers Hyderabad,3,6
577,CJ Jordan,Royal Challengers Bangalore,3,4
577,B Kumar,Sunrisers Hyderabad,1,1
